防戦,ぼうせん,defensive battle,<ruby>彼<rt>かれ</rt></ruby>は <ruby>非難<rt>ひなん</rt></ruby>に <ruby>対<rt>たい</rt></ruby>して <ruby>防戦<rt>ぼうせん</rt></ruby>しようとした。,He tried to defend himself against the accusation.,
妨げる,さまたげる,disturb; hinder,<ruby>同情<rt>どうじょう</rt></ruby>は <ruby>正<rt>ただ</rt></ruby>しい <ruby>判断<rt>はんだん</rt></ruby>を <ruby>妨<rt>さまた</rt></ruby>げるだけだ。,Sympathy only clouds accurate judgment.,
徹する,てっする,go through; penetrate,<ruby>彼<rt>かれ</rt></ruby>は <ruby>裏方<rt>うらかた</rt></ruby>に <ruby>徹<rt>てっ</rt></ruby>しています。,He works hard behind the scenes.,
敵対,てきたい,antagonism; hostility,<ruby>彼<rt>かれ</rt></ruby>は <ruby>課長<rt>かちょう</rt></ruby>と <ruby>敵対<rt>てきたい</rt></ruby>しています。,He is hostile toward the section manager.,
脅かす,おびやかす,endanger; threaten,<ruby>公害<rt>こうがい</rt></ruby>が <ruby>地域<rt>ちいき</rt></ruby> <ruby>住民<rt>じゅうみん</rt></ruby>の <ruby>健康<rt>けんこう</rt></ruby>を <ruby>脅<rt>おど</rt></ruby>かしている。,Pollution threatens the health of the local populace.,
ちやほや,ちやほや,fuss; pamper,<ruby>彼女<rt>かのじょ</rt></ruby>はちやほやされていい <ruby>気持<rt>きも</rt></ruby>ちになった。,She felt good having such a fuss made over her.,
脅す,おどす,menace; threaten,<ruby>犯人<rt>はんにん</rt></ruby>は <ruby>女性<rt>じょせい</rt></ruby>をナイフで <ruby>脅<rt>おど</rt></ruby>した。,The criminal threatened the woman with the knife.,
威勢,いせい,dash; power,<ruby>彼<rt>かれ</rt></ruby>は <ruby>威勢<rt>いせい</rt></ruby>のいい <ruby>若者<rt>わかもの</rt></ruby>です。,He is a dashing young man.,
恐る恐る,おそるおそる,cautiously; fearfully,<ruby>吊り<ruby>橋<rt>つりばし</rt></ruby>を <ruby>恐る<ruby>恐<rt>おそるおそ</rt></ruby>る <ruby>渡<rt>わた</rt></ruby>った。,I crossed the suspension bridge timidly.,
巨視的,きょしてき,macroscopic,その <ruby>本<rt>ほん</rt></ruby>は <ruby>歴史<rt>れきし</rt></ruby>を <ruby>巨視的<rt>きょしてき</rt></ruby>に <ruby>捉<rt>とら</rt></ruby>えている。,The book succinctly captures history.,
拒む,こばむ,decline; refuse,あの <ruby>人<rt>ひと</rt></ruby>は <ruby>私<rt>わたし</rt></ruby>の <ruby>申し<ruby>出<rt>もうしで</rt></ruby>を <ruby>拒<rt>こば</rt></ruby>みました。,That person declined my offer.,
家系,かけい,family line; lineage,うちの <ruby>家系<rt>かけい</rt></ruby>は <ruby>長生<rt>ながい</rt></ruby>きだ。,People in my family line live a long time.,
血縁,けつえん,blood relation,<ruby>彼<rt>かれ</rt></ruby>らに <ruby>血縁<rt>けつえん</rt></ruby> <ruby>関係<rt>かんけい</rt></ruby>はない。,They are not related by blood.,
縁側,えんがわ,veranda,<ruby>猫<rt>ねこ</rt></ruby>は <ruby>縁側<rt>えんがわ</rt></ruby>で <ruby>寝<rt>ね</rt></ruby>ていますよ。,The cat is sleeping on the veranda.,
縁談,えんだん,marriage proposal,<ruby>姉<rt>あね</rt></ruby>の <ruby>縁談<rt>えんだん</rt></ruby>がまとまりました。,My older sister has gotten engaged.,
もがく,もがく,struggle,<ruby>彼<rt>かれ</rt></ruby>は <ruby>痛<rt>いた</rt></ruby>みに <ruby>苦<rt>くる</rt></ruby>しみもがいている。,He struggled with pain and suffering.,
化繊,かせん,synthetic fiber,このブラウスは <ruby>化繊<rt>かせん</rt></ruby>です。,This blouse is made of synthetic fibers.,
紡績,ぼうせき,spinning,この <ruby>町<rt>まち</rt></ruby>には <ruby>紡績<rt>ぼうせき</rt></ruby> <ruby>工場<rt>こうじょう</rt></ruby>があります。,There is a cotton mill in this town.,
忍ぶ,しのぶ,bear; perform by stealth,<ruby>恥<rt>はじ</rt></ruby>を <ruby>忍<rt>しの</rt></ruby>んでお <ruby>願<rt>ねが</rt></ruby>いに <ruby>参<rt>まい</rt></ruby>りました。,I swallowed my pride and asked a favor.,
爪先,つまさき,tip of a toe; toe,この <ruby>靴<rt>くつ</rt></ruby>は <ruby>爪先<rt>つまさき</rt></ruby>が <ruby>細<rt>ほそ</rt></ruby>い。,The toes of these shoes are very thin.,
鉄棒,てつぼう,horizontal bars; iron rod,うちの <ruby>子<rt>こ</rt></ruby>は <ruby>鉄棒<rt>てつぼう</rt></ruby>が <ruby>得意<rt>とくい</rt></ruby>です。,Our child is good at the horizontal bars.,
間柄,あいだがら,relation; terms,<ruby>私<rt>わたし</rt></ruby>たちは <ruby>親<rt>した</rt></ruby>しい <ruby>間柄<rt>あいだがら</rt></ruby>です。,We have a friendly relationship.,
取り柄,とりえ,merit; worth,<ruby>私<rt>わたし</rt></ruby>は <ruby>健康<rt>けんこう</rt></ruby>だけが <ruby>取り<ruby>柄<rt>とりえ</rt></ruby>です。,My health is my fortune.,
身柄,みがら,one's person,<ruby>犯人<rt>はんにん</rt></ruby>の <ruby>身柄<rt>みがら</rt></ruby>を <ruby>拘束<rt>こうそく</rt></ruby>した。,The criminal was taken into custody.,
家柄,いえがら,lineage; social standing of a family,<ruby>彼<rt>かれ</rt></ruby>は <ruby>家柄<rt>いえがら</rt></ruby>の <ruby>良<rt>よ</rt></ruby>いお <ruby>坊<rt>ぼっ</rt></ruby>ちゃんだ。,He is the son of a good family.,
びりびり,びりびり,in pieces; in shreds,<ruby>彼女<rt>かのじょ</rt></ruby>は <ruby>手紙<rt>てがみ</rt></ruby>をびりびりに <ruby>破<rt>やぶ</rt></ruby>いた。,She tore the letter to pieces.,
枯れ葉,かれは,dead leaf,<ruby>枯れ<ruby>葉<rt>かれは</rt></ruby>を <ruby>集<rt>あつ</rt></ruby>めて <ruby>焼き<ruby>芋<rt>やきいも</rt></ruby>をしよう。,Let's collect dead leaves and roast some sweet potatoes.,
枯れ木,かれき,dead tree,<ruby>枯れ<ruby>木<rt>かれき</rt></ruby>に <ruby>鳥<rt>とり</rt></ruby>がとまっている。,There is a bird sitting in the dead tree.,
謀る,はかる,scheme,<ruby>彼<rt>かれ</rt></ruby>らは <ruby>大統領<rt>だいとうりょう</rt></ruby>の <ruby>暗殺<rt>あんさつ</rt></ruby>を <ruby>謀<rt>はか</rt></ruby>った。,They plotted the assassination of the president.,
欺く,あざむく,cheat; deceive,<ruby>彼<rt>かれ</rt></ruby>は <ruby>私<rt>わたし</rt></ruby>たちの <ruby>信頼<rt>しんらい</rt></ruby>を <ruby>欺<rt>あざむ</rt></ruby>いた。,He betrayed our trust.,
譲歩,じょうほ,compromise; concession,<ruby>大統領<rt>だいとうりょう</rt></ruby>は <ruby>譲歩<rt>じょうほ</rt></ruby>しないと <ruby>述<rt>の</rt></ruby>べた。,The president announced that he will not concede.,
目盛り,めもり,division; scale,この <ruby>目盛<rt>めも</rt></ruby>りは <ruby>小<rt>ちい</rt></ruby>さくて <ruby>読<rt>よ</rt></ruby>みにくい。,This scale is difficult to read as it is small.,
気兼ね,きがね,constraint; hesitation,<ruby>気兼<rt>きが</rt></ruby>ねなく <ruby>何<rt>なん</rt></ruby>でも <ruby>言<rt>い</rt></ruby>ってください。,Please talk about anything you want without reservation.,
待ち兼ねる,まちかねる,wait impatiently,<ruby>彼<rt>かれ</rt></ruby>からの <ruby>返事<rt>へんじ</rt></ruby>を <ruby>待ち<ruby>兼<rt>まちか</rt></ruby>ねています。,I cannot wait for an answer from him.,
針金,はりがね,wire,<ruby>看板<rt>かんばん</rt></ruby>を <ruby>針金<rt>はりがね</rt></ruby>で <ruby>固定<rt>こてい</rt></ruby>しました。,The signboard was fixed with wire.,
ありありと,ありありと,clearly,<ruby>今<rt>いま</rt></ruby>でもその <ruby>日<rt>ひ</rt></ruby>のことがありありと <ruby>思い<ruby>出<rt>おもいだ</rt></ruby>されます。,I can still remember clearly what happened on that day.,
鈍間,のろま,dull fellow,あいつは <ruby>本当<rt>ほんとう</rt></ruby>にのろまだ。,He is really a blockhead.,
鎖国,さこく,national isolation,<ruby>日本<rt>にほん</rt></ruby>は <ruby>昔<rt>むかし</rt></ruby> <ruby>鎖国<rt>さこく</rt></ruby>をしていた。,In the past; Japan closed its borders to the outside world.,
風鈴,ふうりん,wind chimes,この <ruby>風鈴<rt>ふうりん</rt></ruby>はとてもいい <ruby>音色<rt>ねいろ</rt></ruby>です。,This wind chime has a very good sound.,
手錠,てじょう,handcuffs,<ruby>警官<rt>けいかん</rt></ruby>が <ruby>犯人<rt>はんにん</rt></ruby>に <ruby>手錠<rt>てじょう</rt></ruby>をかけた。,The policeman put handcuffs on the criminal.,
綻びる,ほころびる,begin to open; come apart; smile,<ruby>靴下<rt>くつした</rt></ruby>が<ruby>綻ろびている。,My socks are falling apart.,
感銘,かんめい,deep impression,あの <ruby>人<rt>ひと</rt></ruby>の <ruby>言葉<rt>ことば</rt></ruby>に <ruby>感銘<rt>かんめい</rt></ruby>を <ruby>受<rt>う</rt></ruby>けた。,I was deeply impressed by what the person said.,
通俗的,つうぞくてき,common; popular,<ruby>彼<rt>かれ</rt></ruby>は <ruby>通俗<rt>つうぞく</rt></ruby> <ruby>的<rt>てき</rt></ruby>な <ruby>作家<rt>さっか</rt></ruby>と <ruby>言<rt>い</rt></ruby>われている。,It is said that he is a popular writer.,
俗語,ぞくご,slang,<ruby>教科書<rt>きょうかしょ</rt></ruby>にある <ruby>言葉<rt>ことば</rt></ruby>だけでなく <ruby>俗語<rt>ぞくご</rt></ruby>も <ruby>習<rt>なら</rt></ruby>いたいです。,I want to learn not only words that appear in textbooks but also slang words.,
裕福,ゆうふく,rich; wealthy,あの <ruby>人<rt>ひと</rt></ruby>は <ruby>裕福<rt>ゆうふく</rt></ruby>な <ruby>家庭<rt>かてい</rt></ruby>で <ruby>育<rt>そだ</rt></ruby>ちました。,That person grew up in an affluent family.,
おろおろ,おろおろ,bewildered; tearful,<ruby>彼女<rt>かのじょ</rt></ruby>はおろおろするばかりだった。,She was flustered.,
日光浴,にっこうよく,sunbathe,<ruby>海辺<rt>うみべ</rt></ruby>で <ruby>日光浴<rt>にっこうよく</rt></ruby>をしました。,I sunbathed on the beach.,
浴びせる,あびせる,pour on,<ruby>出席<rt>しゅっせき</rt></ruby> <ruby>者<rt>しゃ</rt></ruby>は <ruby>彼<rt>かれ</rt></ruby>に <ruby>質問<rt>しつもん</rt></ruby>を <ruby>浴<rt>あ</rt></ruby>びせた。,The people present flooded him with questions.,
潜む,ひそむ,be latent; lurk in,<ruby>草<rt>くさ</rt></ruby>むらに <ruby>蛇<rt>へび</rt></ruby>が <ruby>潜<rt>ひそ</rt></ruby>んでいた。,The snake lurked in the meadow.,
潜る,くぐる,crawl in,その <ruby>門<rt>もん</rt></ruby>を <ruby>潜<rt>くぐ</rt></ruby>って <ruby>来<rt>き</rt></ruby>てください。,Please walk through the gateway.,
濁す,にごす,make cloudy; make turbid,<ruby>彼<rt>かれ</rt></ruby>は <ruby>言葉<rt>ことば</rt></ruby>を <ruby>濁<rt>にご</rt></ruby>した。,He prevaricated.,
浸る,ひたる,be addicted to; be soaked in,<ruby>彼<rt>かれ</rt></ruby>は <ruby>思い<ruby>出<rt>おもいで</rt></ruby>に <ruby>浸<rt>ひた</rt></ruby>っていた。,He was lost in memories.,
浸す,ひたす,drench; soak,<ruby>洗<rt>せん</rt></ruby>たくをする <ruby>前<rt>まえ</rt></ruby>に <ruby>汚<rt>よご</rt></ruby>れた <ruby>服<rt>ふく</rt></ruby>を <ruby>水<rt>みず</rt></ruby>に <ruby>浸<rt>ひた</rt></ruby>した。,Soak dirty clothes in water before washing.,
雨漏り,あまもり,leak; roof leak,<ruby>屋根<rt>やね</rt></ruby>が <ruby>雨漏<rt>あまも</rt></ruby>りしている。,The roof is leaking.,
うろつく,うろつく,hang around; loiter,<ruby>怪<rt>あや</rt></ruby>しい <ruby>男<rt>おとこ</rt></ruby>がうろついている。,A suspicious character is wandering about.,
びしょ濡れ,びしょぬれ,be soaked,<ruby>雨<rt>あめ</rt></ruby>に <ruby>降<rt>ふ</rt></ruby>られてびしょ <ruby>濡<rt>ぬ</rt></ruby>れです。,I am soaking wet from the rain.,
潤う,うるおう,be moistened; receive benefits,<ruby>冷<rt>つめ</rt></ruby>たい <ruby>水<rt>みず</rt></ruby>を <ruby>飲<rt>の</rt></ruby>んで <ruby>喉<rt>のど</rt></ruby>が <ruby>潤<rt>うるお</rt></ruby>った。,I drank cold water to quench my thirst.,
浮浪者,ふろうしゃ,loafer; vagabond,<ruby>浮浪<rt>ふろう</rt></ruby> <ruby>者<rt>しゃ</rt></ruby>がベンチに <ruby>寝<rt>ね</rt></ruby>ていた。,The bum was sleeping on the bench.,
嘆き,なげき,grief; lamentation,<ruby>友<rt>とも</rt></ruby>を <ruby>亡<rt>な</rt></ruby>くした <ruby>嘆<rt>なげ</rt></ruby>きは <ruby>深<rt>ふか</rt></ruby>い。,Grief can be profound when you lose a friend.,
弱虫,よわむし,weakling,<ruby>私<rt>わたし</rt></ruby>は <ruby>子供<rt>こども</rt></ruby>の <ruby>頃<rt>ころ</rt></ruby>は <ruby>弱虫<rt>よわむし</rt></ruby>でした。,I was a cowardly child.,
怠る,おこたる,be remiss; neglect,<ruby>最近<rt>さいきん</rt></ruby> <ruby>彼<rt>かれ</rt></ruby>は <ruby>仕事<rt>しごと</rt></ruby>を <ruby>怠<rt>おこた</rt></ruby>っている。,He has been neglecting his work lately.,
懸かる,かかる,be suspended; have a prize on,クイズには <ruby>賞金<rt>しょうきん</rt></ruby>が <ruby>懸<rt>か</rt></ruby>かっています。,The prize hangs on the quiz.,
恩返し,おんがえし,repayment of kindness,<ruby>私<rt>わたし</rt></ruby>は <ruby>彼<rt>かれ</rt></ruby>にいつか <ruby>恩返<rt>おんがえ</rt></ruby>しをしたい。,I want to repay his kindness sometime.,
恩知らず,おんしらず,ingrate; ingratitude,この <ruby>恩知<rt>おんし</rt></ruby>らずめ!もう<ruby>一 <ruby>度<rt>ど</rt></ruby> <ruby>言<rt>い</rt></ruby>ってみろ。,You ingrate! Just try and say that again.,
いざこざ,いざこざ,quarrel,<ruby>彼<rt>かれ</rt></ruby>らの <ruby>間<rt>あいだ</rt></ruby>にはいざこざが <ruby>絶<rt>た</rt></ruby>えない。,There is no end to the trouble between them.,
恵む,めぐむ,bestow with a favor; give charity,ホームレスにお <ruby>金<rt>かね</rt></ruby>を <ruby>恵<rt>めぐ</rt></ruby>んだ。,I gave money to the charity.,
歪む,ゆがむ,be crooked,<ruby>彼<rt>かれ</rt></ruby>は <ruby>心<rt>こころ</rt></ruby>がゆがんでいる。,His mind is twisted.,
農耕,のうこう,farming,<ruby>彼<rt>かれ</rt></ruby>らは <ruby>農耕<rt>のうこう</rt></ruby>に <ruby>適<rt>てき</rt></ruby>した <ruby>土地<rt>とち</rt></ruby>を <ruby>見<rt>み</rt></ruby>つけた。,They found the land suitable for farming.,
耕す,たがやす,plow; till,<ruby>農夫<rt>のうふ</rt></ruby>が <ruby>畑<rt>はたけ</rt></ruby>を <ruby>耕<rt>たがや</rt></ruby>している。,The farmer is cultivating the field.,
粘り,ねばり,stickiness; tenacity,<ruby>彼<rt>かれ</rt></ruby>は <ruby>粘<rt>ねば</rt></ruby>りが <ruby>足<rt>た</rt></ruby>りない。,He is not persistent enough.,
粘る,ねばる,be sticky; persevere,もう <ruby>少<rt>すこ</rt></ruby>し <ruby>粘<rt>ねば</rt></ruby>れば <ruby>彼<rt>かれ</rt></ruby>を <ruby>説得<rt>せっとく</rt></ruby>できそうです。,If we persist a little longer; I think he can be persuaded.,
消灯,しょうとう,lights out,<ruby>寮<rt>りょう</rt></ruby>の <ruby>消灯<rt>しょうとう</rt></ruby>は 9 <ruby>時<rt>じ</rt></ruby>です。,Lights out is nine o'clock at the dormitory.,
灯台,とうだい,lighthouse,<ruby>船<rt>ふね</rt></ruby>は <ruby>灯台<rt>とうだい</rt></ruby>を <ruby>目指<rt>めざ</rt></ruby>して <ruby>進<rt>すす</rt></ruby>みました。,The ship is proceeding towards the lighthouse.,
灯す,ともす,burn; light,<ruby>彼<rt>かれ</rt></ruby>はムードを <ruby>出<rt>だ</rt></ruby>すためにろうそくをともした。,To enhance the mood; he lit a candle.,
ごしごし,ごしごし,scrub hard,<ruby>床<rt>ゆか</rt></ruby>をごしごし <ruby>磨<rt>みが</rt></ruby>きました。,I polished the floor well.,
不毛,ふもう,fruitless; infertile,<ruby>不毛<rt>ふもう</rt></ruby>な <ruby>話し<ruby>合<rt>はなしあ</rt></ruby>いはやめましょう。,Let's stop this pointless discussion.,
散髪,さんぱつ,haircut,<ruby>彼<rt>かれ</rt></ruby>は <ruby>月<rt>つき</rt></ruby>に 1 <ruby>度<rt>ど</rt></ruby> <ruby>散髪<rt>さんぱつ</rt></ruby>する。,He has a haircut once a month.,
間一髪,かんいっぱつ,by a hair's breadth,<ruby>間一髪<rt>かんいっぱつ</rt></ruby>で <ruby>衝突<rt>しょうとつ</rt></ruby> <ruby>事故<rt>じこ</rt></ruby>を <ruby>回避<rt>かいひ</rt></ruby>した。,The collision was avoided by a hair's breadth.,
肩書き,かたがき,degree; title,<ruby>彼<rt>かれ</rt></ruby>の <ruby>肩書<rt>かたが</rt></ruby>きは <ruby>営業<rt>えいぎょう</rt></ruby> <ruby>部長<rt>ぶちょう</rt></ruby>です。,His job title is Sales Department Manager.,
鼻紙,はながみ,tissue paper,<ruby>外出<rt>がいしゅつ</rt></ruby>の <ruby>時<rt>とき</rt></ruby>はいつも <ruby>鼻紙<rt>はながみ</rt></ruby>を <ruby>持<rt>も</rt></ruby>っています。,I always take paper tissues when I go out.,
水臭い,みずくさい,not frank; watery,そんな <ruby>大切<rt>たいせつ</rt></ruby>なことを <ruby>話<rt>はな</rt></ruby>してくれなかったなんて <ruby>水臭<rt>みずくさ</rt></ruby>い。,It was stand-offish of you not to talk to me about such an important affair.,
会釈,えしゃく,slight bow,<ruby>彼女<rt>かのじょ</rt></ruby>は <ruby>私<rt>わたし</rt></ruby>を <ruby>見<rt>み</rt></ruby>ると <ruby>会釈<rt>えしゃく</rt></ruby>した。,She bowed when she saw me.,
転居,てんきょ,change of residence,<ruby>引越<rt>ひっこ</rt></ruby>しをしたので <ruby>転居<rt>てんきょ</rt></ruby> <ruby>届<rt>とど</rt></ruby>けを <ruby>出<rt>だ</rt></ruby>した。,I submitted a notification of change of address as we had moved.,
別居,べっきょ,separation,<ruby>彼<rt>かれ</rt></ruby>は <ruby>妻<rt>つま</rt></ruby>と <ruby>別居<rt>べっきょ</rt></ruby> <ruby>中<rt>ちゅう</rt></ruby>です。,He is separated from his wife.,
ちらつく,ちらつく,flicker,<ruby>雪<rt>ゆき</rt></ruby>がちらついてきた。,The snow is glittering.,
据え置き,すえおき,deferment; leaving as it stands,<ruby>当店<rt>とうてん</rt></ruby>は <ruby>今年<rt>ことし</rt></ruby>もお <ruby>値段<rt>ねだん</rt></ruby> <ruby>据え<ruby>置<rt>すえお</rt></ruby>きです。,Our store is also having a price freeze this year.,
据える,すえる,install; lay,<ruby>彼<rt>かれ</rt></ruby>は <ruby>腰<rt>こし</rt></ruby>を <ruby>据<rt>す</rt></ruby>えて <ruby>仕事<rt>しごと</rt></ruby>に <ruby>取り<ruby>組<rt>とりく</rt></ruby>んだ。,He settled down and tacked the work.,
根掘り葉掘り,ねほりはほり,in great detail,<ruby>彼<rt>かれ</rt></ruby>は <ruby>事件<rt>じけん</rt></ruby>について <ruby>根<rt>ね</rt></ruby> <ruby>掘<rt>ほ</rt></ruby>り <ruby>葉<rt>は</rt></ruby> <ruby>掘<rt>ほ</rt></ruby>り <ruby>聞<rt>き</rt></ruby>いた。,He kept on asking questions about the incident.,
草履,ぞうり,Japanese sandals; zori,<ruby>昔<rt>むかし</rt></ruby>の <ruby>人<rt>ひと</rt></ruby>は <ruby>皆<rt>みな</rt></ruby> <ruby>草履<rt>ぞうり</rt></ruby>を <ruby>履<rt>は</rt></ruby>いていました。,Everyone wore sandals in the olden days.,
覆面,ふくめん,mask; veil,<ruby>覆面<rt>ふくめん</rt></ruby>をした <ruby>男<rt>おとこ</rt></ruby>たちが <ruby>店<rt>みせ</rt></ruby>に <ruby>押し<ruby>入<rt>おしい</rt></ruby>った。,Men wearing masks broke into the shop.,
転覆,てんぷく,overturning,<ruby>高波<rt>たかなみ</rt></ruby>で <ruby>船<rt>ふね</rt></ruby>が <ruby>転覆<rt>てんぷく</rt></ruby>した。,The ship capsized in the high seas.,
戸惑う,とまどう,be puzzled,<ruby>彼女<rt>かのじょ</rt></ruby>は <ruby>突然<rt>とつぜん</rt></ruby>のプロポーズに <ruby>戸惑<rt>とまど</rt></ruby>った。,She was flustered by the sudden proposal.,
雨戸,あまど,shutter,<ruby>雨戸<rt>あまど</rt></ruby>を <ruby>開<rt>あ</rt></ruby>けて。,Open the shutter doors.,
瀬戸物,せともの,ceramics; china; porcelain,<ruby>瀬戸物<rt>せともの</rt></ruby>のお <ruby>茶碗<rt>ちゃわん</rt></ruby>を <ruby>買<rt>か</rt></ruby>いました。,I bought some ceramic bowls.,
よろよろ,よろよろ,staggering,<ruby>疲<rt>つか</rt></ruby>れて <ruby>足<rt>あし</rt></ruby>もとがよろよろする。,I am so tired I am staggering.,
戸締まり,とじまり,closing of the doors,<ruby>出<rt>で</rt></ruby>かける <ruby>前<rt>まえ</rt></ruby>には <ruby>戸締<rt>とじ</rt></ruby>まりをしましょう。,Let's lock all the doors before we go out.,
換気扇,かんきせん,ventilation fan,<ruby>換気扇<rt>かんきせん</rt></ruby>を <ruby>回<rt>まわ</rt></ruby>して。,Turn on the ventilation fan.,
扇ぐ,あおぐ,fan,<ruby>彼<rt>かれ</rt></ruby>は <ruby>扇子<rt>せんす</rt></ruby>で <ruby>顔<rt>かお</rt></ruby>をあおいでいる。,He is fanning his face.,
羽織,はおり,haori; Japanese half-length coat,<ruby>彼女<rt>かのじょ</rt></ruby>は <ruby>着物<rt>きもの</rt></ruby>の <ruby>上<rt>うえ</rt></ruby>に <ruby>美<rt>うつく</rt></ruby>しい <ruby>羽織<rt>はおり</rt></ruby>を <ruby>着<rt>き</rt></ruby>ています。,She is wearing a beautiful haori coat over her kimono.,
羽撃く,はばたく,flap the wings,<ruby>鶴<rt>つる</rt></ruby>が <ruby>空<rt>そら</rt></ruby>に <ruby>向<rt>む</rt></ruby>けて <ruby>羽<rt>は</rt></ruby>ばたいていった。,The cranes flapped toward the sky.,
群がる,むらがる,crowd together; swarm,アリが <ruby>飴<rt>あめ</rt></ruby> <ruby>玉<rt>だま</rt></ruby>に <ruby>群<rt>むら</rt></ruby>がっている。,The ants are all over the candy.,
群れる,むれる,crowd together,その <ruby>川<rt>かわ</rt></ruby>にはいつもメダカが <ruby>群<rt>む</rt></ruby>れている。,There are always hundreds of killifish in the river.,
吸い殻,すいがら,cigarette butt,<ruby>吸い<ruby>殻<rt>すいがら</rt></ruby>を <ruby>道<rt>みち</rt></ruby>に <ruby>捨<rt>す</rt></ruby>てないで <ruby>下<rt>くだ</rt></ruby>さい。,Please do not throw cigarette butts in the street.,
肥える,こえる,fatten; grow fertile,<ruby>土地<rt>とち</rt></ruby>が <ruby>肥<rt>こ</rt></ruby>えると <ruby>野菜<rt>やさい</rt></ruby>が <ruby>大<rt>おお</rt></ruby>きく <ruby>育<rt>そだ</rt></ruby>つ。,The vegetables grow big when the land is fertile.,
おどおど,おどおど,gingerly; timidly,<ruby>彼<rt>かれ</rt></ruby>は <ruby>警察<rt>けいさつ</rt></ruby>に <ruby>呼び<ruby>止<rt>よびと</rt></ruby>められておどおどしていた。,He was nervous when he was stopped by the police.,
胴上げ,どうあげ,tossing in the air,みんなで <ruby>監督<rt>かんとく</rt></ruby>を <ruby>胴上<rt>どうあ</rt></ruby>げした。,We all tossed the supervisor into the air.,
腕前,うでまえ,ability; skill,<ruby>最近<rt>さいきん</rt></ruby> <ruby>彼<rt>かれ</rt></ruby>はゴルフの <ruby>腕前<rt>うでまえ</rt></ruby>を <ruby>上<rt>あ</rt></ruby>げた。,Recently; he has improved his golfing skills.,
腕力,わんりょく,muscular strength,<ruby>彼<rt>かれ</rt></ruby>は <ruby>腕力<rt>わんりょく</rt></ruby>が <ruby>強<rt>つよ</rt></ruby>い。,He has a lot of physical strength.,
腕白,わんぱく,naughtiness,<ruby>息子<rt>むすこ</rt></ruby>はとても <ruby>腕白<rt>わんぱく</rt></ruby>です。,My son is a rascal.,
脇役,わきやく,supporting actor,<ruby>彼<rt>かれ</rt></ruby>はその <ruby>映画<rt>えいが</rt></ruby>に <ruby>脇役<rt>わきやく</rt></ruby>で <ruby>出演<rt>しゅつえん</rt></ruby>している。,He has a supporting role in the movie.,
脇見,わきみ,looking aside,<ruby>脇見<rt>わきみ</rt></ruby> <ruby>運転<rt>うんてん</rt></ruby>は <ruby>危険<rt>きけん</rt></ruby>です。,It is dangerous to drive without concentrating.,
脚色,きゃくしょく,dramatization,<ruby>彼<rt>かれ</rt></ruby>の <ruby>話<rt>はなし</rt></ruby>では <ruby>事実<rt>じじつ</rt></ruby>がかなり <ruby>脚色<rt>きゃくしょく</rt></ruby>されていた。,The facts were considerably dramatized in his story.,
立脚,りっきゃく,viewpoint,この <ruby>法令<rt>ほうれい</rt></ruby>は <ruby>高齢<rt>こうれい</rt></ruby> <ruby>者<rt>しゃ</rt></ruby>の <ruby>視点<rt>してん</rt></ruby>に <ruby>立脚<rt>りっきゃく</rt></ruby>している。,This law is based on the viewpoint of senior citizens.,
盲腸,もうちょう,appendix; cecum,<ruby>彼女<rt>かのじょ</rt></ruby>は <ruby>盲腸<rt>もうちょう</rt></ruby>の <ruby>手術<rt>しゅじゅつ</rt></ruby>を <ruby>受<rt>う</rt></ruby>けた。,She had an appendectomy.,
かさかさ,かさかさ,dried out; dried up,<ruby>秋<rt>あき</rt></ruby>になると <ruby>肌<rt>はだ</rt></ruby>がかさかさしてきます。,My skin gets dry and rough in the fall.,
文脈,ぶんみゃく,context,<ruby>文脈<rt>ぶんみゃく</rt></ruby>から <ruby>単語<rt>たんご</rt></ruby>の <ruby>意味<rt>いみ</rt></ruby>を <ruby>理解<rt>りかい</rt></ruby>しましょう。,Let's understand the meaning of the word from the context.,
脈絡,みゃくらく,logical connection,<ruby>彼女<rt>かのじょ</rt></ruby>の <ruby>話<rt>はなし</rt></ruby>には <ruby>脈絡<rt>みゃくらく</rt></ruby>がない。,Her story makes no sense.,
野暮,やぼ,rustic; unrefined,いろいろ <ruby>聞<rt>き</rt></ruby>いたら <ruby>野暮<rt>やぼ</rt></ruby>ですよ。,It's rude to ask so many questions.,
日暮れ,ひぐれ,dusk; nightfall,<ruby>彼<rt>かれ</rt></ruby>らは <ruby>日暮<rt>ひぐ</rt></ruby>れ <ruby>前<rt>まえ</rt></ruby>に <ruby>山<rt>やま</rt></ruby>を <ruby>下<rt>お</rt></ruby>りた。,They descended the mountain before nightfall.,
茂る,しげる,be luxuriant; grow thick,<ruby>河原<rt>かわはら</rt></ruby>に <ruby>葦<rt>あし</rt></ruby>が <ruby>茂<rt>しげ</rt></ruby>っている。,Reeds grow thickly in the river bed.,
荒々しい,あらあらしい,rough; wild,<ruby>彼<rt>かれ</rt></ruby>は <ruby>荒々<rt>あらあら</rt></ruby>しく <ruby>立ち<ruby>去<rt>たちさ</rt></ruby>った。,He stormed out.,
荒っぽい,あらっぽい,rough; wild,<ruby>彼女<rt>かのじょ</rt></ruby>の <ruby>言葉<rt>ことば</rt></ruby> <ruby>遣<rt>づか</rt></ruby>いは <ruby>少々<rt>しょうしょう</rt></ruby> <ruby>荒<rt>あら</rt></ruby>っぽい。,Her way of talking is a little rough.,
葬る,ほうむる,bury; entomb,その <ruby>詐欺<rt>さぎ</rt></ruby> <ruby>事件<rt>じけん</rt></ruby>は <ruby>闇<rt>やみ</rt></ruby>に <ruby>葬<rt>ほうむ</rt></ruby>られた。,The fraud case was hushed up.,
ぎょっと,ぎょっと,shock,<ruby>彼女<rt>かのじょ</rt></ruby>の <ruby>過激<rt>かげき</rt></ruby>な <ruby>発言<rt>はつげん</rt></ruby>にぎょっとしたよ。,I was startled by her extreme remarks.,
儀礼,ぎれい,courtesy; etiquette,<ruby>彼<rt>かれ</rt></ruby>に <ruby>儀礼<rt>ぎれい</rt></ruby>ではなく <ruby>心<rt>こころ</rt></ruby>からお <ruby>礼<rt>れい</rt></ruby>を <ruby>言<rt>い</rt></ruby>った。,I thanked him not out of etiquette but from the heart.,
憎悪,ぞうお,abhorrence; hatred,<ruby>彼女<rt>かのじょ</rt></ruby>は <ruby>自分<rt>じぶん</rt></ruby>の <ruby>夫<rt>おっと</rt></ruby>に <ruby>憎悪<rt>ぞうお</rt></ruby>を <ruby>抱<rt>だ</rt></ruby>いていた。,She was harboring hatred toward her husband.,
仏像,ぶつぞう,image of Buddha,<ruby>彼<rt>かれ</rt></ruby>は <ruby>美<rt>うつく</rt></ruby>しい <ruby>仏像<rt>ぶつぞう</rt></ruby>を <ruby>見<rt>み</rt></ruby>るのが <ruby>趣味<rt>しゅみ</rt></ruby>だ。,He is interested in seeing beautiful images of Buddha.,
大仏,だいぶつ,great statue of Buddha,その <ruby>大仏<rt>だいぶつ</rt></ruby>はとても <ruby>大<rt>おお</rt></ruby>きかった。,That status of Buddha was extremely huge.,
坊ちゃん,ぼっちゃん,greenhorn; sonny,お <ruby>宅<rt>たく</rt></ruby>のお <ruby>坊<rt>ぼっ</rt></ruby>ちゃんはおいくつですか。,How old is your son?,
筆順,ひつじゅん,stroke order,この <ruby>漢字<rt>かんじ</rt></ruby>の <ruby>筆順<rt>ひつじゅん</rt></ruby>は <ruby>分<rt>わ</rt></ruby>かりますか。,Do you know the correct stroke order of this kanji?,
達筆,たっぴつ,good handwriting,<ruby>彼女<rt>かのじょ</rt></ruby>は <ruby>書道<rt>しょどう</rt></ruby>を <ruby>習<rt>なら</rt></ruby>っているので <ruby>達筆<rt>たっぴつ</rt></ruby>です。,Her handwriting is good because she is learning calligraphy.,
口笛,くちぶえ,whistle,<ruby>私<rt>わたし</rt></ruby>の <ruby>犬<rt>いぬ</rt></ruby>は <ruby>口笛<rt>くちぶえ</rt></ruby>を <ruby>吹<rt>ふ</rt></ruby>くと <ruby>走<rt>はし</rt></ruby>ってくる。,My dog comes when I whistle.,
お袋,おふくろ,one's mother,お <ruby>袋<rt>ふくろ</rt></ruby>から <ruby>電話<rt>でんわ</rt></ruby>があった。,I had a telephone call from my mother.,
ダブる,だぶる,duplicate; repeat,このページは ダブ<rt>だぶ</rt></ruby>っています。,This page is repeated.,
裂く,さく,split up; tear,<ruby>親<rt>おや</rt></ruby>が <ruby>二人<rt>ふたり</rt></ruby>の <ruby>仲<rt>なか</rt></ruby>を <ruby>裂<rt>さ</rt></ruby>いた。,There was a rift between my parents.,
引き裂く,ひきさく,separate; tear off,<ruby>父親<rt>ちちおや</rt></ruby>が <ruby>二人<rt>ふたり</rt></ruby>の <ruby>仲<rt>なか</rt></ruby>を <ruby>引き<ruby>裂<rt>ひきさ</rt></ruby>いた。,My father broke up relations between the couple.,
利己主義,りこしゅぎ,egoism,<ruby>最近<rt>さいきん</rt></ruby>は <ruby>利己<rt>りこ</rt></ruby> <ruby>主義<rt>しゅぎ</rt></ruby>に <ruby>走<rt>はし</rt></ruby>る <ruby>人<rt>ひと</rt></ruby>が <ruby>増<rt>ふ</rt></ruby>えたようだ。,The number of self-centered people is increasing these days.,
包む,くるむ,pack; wrap,<ruby>彼女<rt>かのじょ</rt></ruby>は <ruby>赤ん<ruby>坊<rt>あかんぼう</rt></ruby>を <ruby>毛布<rt>もうふ</rt></ruby>でくるんだ。,She wrapped her baby in a blanket.,
包囲,ほうい,encirclement; siege,<ruby>犯人<rt>はんにん</rt></ruby>の <ruby>車<rt>くるま</rt></ruby>は <ruby>警察<rt>けいさつ</rt></ruby>に <ruby>包囲<rt>ほうい</rt></ruby>された。,The criminal's car was surrounded by police.,
辛抱,しんぼう,endurance; patience,この <ruby>町<rt>まち</rt></ruby>を <ruby>出<rt>で</rt></ruby>るまであと<ruby>一 <ruby>週間<rt>しゅうかん</rt></ruby>の <ruby>辛抱<rt>しんぼう</rt></ruby>だ。,We have to put up with it for one more week until we leave this town.,
節句,せっく,seasonal festival,3 <ruby>月<rt>がつ</rt></ruby> 3<ruby>日<rt>みっか</rt></ruby>は <ruby>桃<rt>もも</rt></ruby>の <ruby>節句<rt>せっく</rt></ruby>だ。,March 3rd is the Peach Festival. (Also known as the Doll Festival.),
挙げ句,あげく,finally; in the end,<ruby>悩<rt>なや</rt></ruby>んだ <ruby>挙げ<ruby>句<rt>あげく</rt></ruby> <ruby>教師<rt>きょうし</rt></ruby>になろうと <ruby>決<rt>き</rt></ruby>めました。,After much consideration; I decided to become a teacher.,
禁句,きんく,tabooed word,その <ruby>言葉<rt>ことば</rt></ruby>は <ruby>禁句<rt>きんく</rt></ruby>です。,That word is a swear word.,
せがむ,せがむ,pester,「 <ruby>買い<ruby>物<rt>かいもの</rt></ruby>に <ruby>付き<ruby>合<rt>つきあ</rt></ruby>って」と <ruby>彼女<rt>かのじょ</rt></ruby>にせがまれた。,She pestered me to go shopping with her.,
句読点,くとうてん,punctuation marks,この <ruby>文章<rt>ぶんしょう</rt></ruby>にはいくつか <ruby>句読点<rt>くとうてん</rt></ruby>の <ruby>間違<rt>まちが</rt></ruby>いがある。,There are some punctuation mistakes in these sentences.,
着飾る,きかざる,dress up,<ruby>彼女<rt>かのじょ</rt></ruby>は <ruby>着飾<rt>きかざ</rt></ruby>るのが <ruby>大好<rt>だいす</rt></ruby>きです。,She loves to dress up.,
飢える,うえる,starve,<ruby>世界<rt>せかい</rt></ruby>には <ruby>飢<rt>う</rt></ruby>えている <ruby>人<rt>ひと</rt></ruby>が <ruby>大勢<rt>おおぜい</rt></ruby>います。,There are many starving people in the world.,
旧式,きゅうしき,old style; old type,<ruby>旧式<rt>きゅうしき</rt></ruby>の <ruby>電話<rt>でんわ</rt></ruby>を <ruby>久<rt>ひさ</rt></ruby>しぶりに <ruby>見<rt>み</rt></ruby>た。,I saw an old-fashioned telephone for the first time in a long time.,
克明,こくめい,precise; scrupulous,<ruby>彼<rt>かれ</rt></ruby>はその <ruby>出来事<rt>できごと</rt></ruby>を <ruby>克明<rt>こくめい</rt></ruby>に <ruby>記録<rt>きろく</rt></ruby>した。,He recorded the event in detail.,
転嫁,てんか,blame; imputation,<ruby>責任<rt>せきにん</rt></ruby>を <ruby>転嫁<rt>てんか</rt></ruby>するのはやめましょう。,Let's stop passing the buck.,
嫁ぐ,とつぐ,wed,<ruby>姉<rt>あね</rt></ruby>は <ruby>明日<rt>あした</rt></ruby> <ruby>嫁<rt>とつ</rt></ruby>ぎます。,My older sister will get married tomorrow.,
幼なじみ,おさななじみ,childhood friend,<ruby>幼<rt>おさな</rt></ruby>なじみと <ruby>久<rt>ひさ</rt></ruby>しぶりに <ruby>会<rt>あ</rt></ruby>った。,I met a childhood friend that I hadn't seen for a long time.,
幻覚,げんかく,hallucination,<ruby>彼<rt>かれ</rt></ruby>は <ruby>幻覚<rt>げんかく</rt></ruby>を <ruby>見<rt>み</rt></ruby>たと <ruby>言<rt>い</rt></ruby>っている。,He says that he saw a vision.,
でかでかと,でかでかと,in a big way,その <ruby>事件<rt>じけん</rt></ruby>は <ruby>新聞<rt>しんぶん</rt></ruby>にでかでかと <ruby>載<rt>の</rt></ruby>った。,The incident was all over the newspaper.,
亭主,ていしゅ,husband; master,うちの <ruby>亭主<rt>ていしゅ</rt></ruby>は <ruby>野球<rt>やきゅう</rt></ruby> <ruby>好<rt>す</rt></ruby>きです。,My husband likes baseball.,
蓄える,たくわえる,save; store up,<ruby>彼<rt>かれ</rt></ruby>は <ruby>将来<rt>しょうらい</rt></ruby>のためにお <ruby>金<rt>かね</rt></ruby>を <ruby>蓄<rt>たくわ</rt></ruby>えている。,He has saved money for the future.,
眼差し,まなざし,expression; look,<ruby>彼<rt>かれ</rt></ruby>は <ruby>熱<rt>あつ</rt></ruby>いまなざしを <ruby>彼女<rt>かのじょ</rt></ruby>に <ruby>向<rt>む</rt></ruby>けた。,He gave her a passionate look.,
瞬く,またたく,twinkle; wink,<ruby>食事<rt>しょくじ</rt></ruby>は <ruby>瞬<rt>まばた</rt></ruby>く <ruby>間<rt>ま</rt></ruby>になくなった。,The meal vanished in no time.,
垂れる,たれる,droop; hang down,<ruby>蛇口<rt>じゃぐち</rt></ruby>から <ruby>水<rt>みず</rt></ruby>が <ruby>垂<rt>た</rt></ruby>れている。,Water drips from the faucet.,
垂らす,たらす,hang down; suspend,<ruby>池<rt>いけ</rt></ruby>に <ruby>釣り<ruby>糸<rt>つりいと</rt></ruby>を <ruby>垂<rt>た</rt></ruby>らした。,I dangled the fishing line in the pond.,
雨垂れ,あまだれ,raindrops,その <ruby>石<rt>いし</rt></ruby>のくぼみは <ruby>何<rt>なん</rt></ruby> <ruby>年<rt>ねん</rt></ruby>もの <ruby>雨垂<rt>あまだ</rt></ruby>れのためにできた。,The dripping rain over many years made that hole in the stone.,
封建的,ほうけんてき,feudal; old-fashioned,あの <ruby>会社<rt>かいしゃ</rt></ruby>はまだ <ruby>封建<rt>ほうけん</rt></ruby> <ruby>的<rt>てき</rt></ruby>だ。,That company is still feudalistic.,
封建主義,ほうけんしゅぎ,feudalism,<ruby>日本<rt>にほん</rt></ruby>は <ruby>昔<rt>むかし</rt></ruby> <ruby>封建<rt>ほうけん</rt></ruby> <ruby>主義<rt>しゅぎ</rt></ruby>だった。,Japan was feudal in old times.,
むっつり,むっつり,moodily; sulkily,<ruby>彼<rt>かれ</rt></ruby>はいつもむっつりしていてめったに <ruby>笑<rt>わら</rt></ruby>わない。,He is always grumpy and almost never laughs.,
手掛かり,てがかり,clue; hold,これは <ruby>事件<rt>じけん</rt></ruby> <ruby>解決<rt>かいけつ</rt></ruby>の <ruby>手掛<rt>てが</rt></ruby>かりになります。,This will be the clue to solving the case.,
取り掛かる,とりかかる,commence; undertake,<ruby>全員<rt>ぜんいん</rt></ruby>で <ruby>大<rt>おお</rt></ruby>きなプロジェクトに <ruby>取り<ruby>掛<rt>とりか</rt></ruby>かった。,We all started on the big project.,
差し掛かる,さしかかる,approach; come near,<ruby>橋<rt>はし</rt></ruby>に <ruby>差し<ruby>掛<rt>さしか</rt></ruby>かった <ruby>時<rt>とき</rt></ruby>きれいな <ruby>夕日<rt>ゆうひ</rt></ruby>が <ruby>見<rt>み</rt></ruby>えた。,As we approached the bridge; we could see a beautiful sunset.,
見せ掛け,みせかけ,outward appearance,<ruby>彼<rt>かれ</rt></ruby>が <ruby>強<rt>つよ</rt></ruby>そうにしているのは <ruby>見せ<ruby>掛<rt>みせか</rt></ruby>けです。,He looks tough but it is all a front.,
気掛かり,きがかり,anxiety; concern,<ruby>仕事<rt>しごと</rt></ruby>の <ruby>進<rt>すす</rt></ruby>み <ruby>具合<rt>ぐあい</rt></ruby>が <ruby>気掛<rt>きが</rt></ruby>かりです。,I am concerned about the progress of the work.,
言い掛かり,いいがかり,false accusation,<ruby>変<rt>へん</rt></ruby>な <ruby>言い<ruby>掛<rt>いいが</rt></ruby>かりは <ruby>止<rt>や</rt></ruby>めて <ruby>下<rt>くだ</rt></ruby>さい。,Please stop these false accusations.,
突っ掛ける,つっかける,to slip on; slip into,<ruby>彼<rt>かれ</rt></ruby>はいつもサンダルを <ruby>突<rt>つ</rt></ruby>っ <ruby>掛<rt>か</rt></ruby>けている。,He always slips on sandals.,
脈拍,みゃくはく,pulsation; pulse,<ruby>診察<rt>しんさつ</rt></ruby> <ruby>前<rt>まえ</rt></ruby>に <ruby>脈拍<rt>みゃくはく</rt></ruby>を <ruby>測<rt>はか</rt></ruby>った。,The pulse was taken before the examination.,
握力,あくりょく,grasping power,<ruby>彼<rt>かれ</rt></ruby>は <ruby>握力<rt>あくりょく</rt></ruby>が <ruby>強<rt>つよ</rt></ruby>い。,He has a strong grip.,
にやりと,にやりと,quick grin,<ruby>男<rt>おとこ</rt></ruby>はこちらを <ruby>見<rt>み</rt></ruby>てにやりと <ruby>笑<rt>わら</rt></ruby>った。,The man looked over here and grinned.,
一握り,ひとにぎり,a handful,<ruby>成功<rt>せいこう</rt></ruby>できるのはほんの <ruby>一握<rt>ひとにぎ</rt></ruby>りの <ruby>人<rt>ひと</rt></ruby>です。,Only a handful of people are able to succeed.,
握り寿司,にぎりずし,nigirizushi; sushi,<ruby>握<rt>にぎ</rt></ruby>り <ruby>寿司<rt>ずし</rt></ruby>の <ruby>出前<rt>でまえ</rt></ruby>を <ruby>頼<rt>たの</rt></ruby>んだ。,I ordered a delivery of nigiri sushi.,
括る,くくる,bind; fasten; tie up,<ruby>材木<rt>ざいもく</rt></ruby>をロープで <ruby>括<rt>くく</rt></ruby>った。,The wood was tied with rope.,
輝かしい,かがやかしい,bright; brilliant,<ruby>彼<rt>かれ</rt></ruby>は <ruby>輝<rt>かがや</rt></ruby>かしい <ruby>記録<rt>きろく</rt></ruby>を <ruby>打ち<ruby>立<rt>うちた</rt></ruby>てた。,He built up a brilliant record.,
模擬試験,もぎしけん,mock examination,<ruby>大学<rt>だいがく</rt></ruby> <ruby>入試<rt>にゅうし</rt></ruby>の <ruby>模擬<rt>もぎ</rt></ruby> <ruby>試験<rt>しけん</rt></ruby>を <ruby>受<rt>う</rt></ruby>けました。,I took a mock university entrance test.,
擬装,ぎそう,camouflage; disguise,<ruby>食品<rt>しょくひん</rt></ruby> <ruby>会社<rt>がいしゃ</rt></ruby>による <ruby>擬装<rt>ぎそう</rt></ruby>が <ruby>問題<rt>もんだい</rt></ruby>になっている。,Deception by food companies is becoming a problem.,
凝る,こる,become stiff,<ruby>肩<rt>かた</rt></ruby>が <ruby>凝<rt>こ</rt></ruby>った。,My shoulders are stiff.,
抑圧,よくあつ,oppression; repression,<ruby>自由<rt>じゆう</rt></ruby>を <ruby>抑圧<rt>よくあつ</rt></ruby>されている <ruby>人<rt>ひと</rt></ruby>が <ruby>世界<rt>せかい</rt></ruby>にたくさんいる。,There are many oppressed people in the world.,
仰向け,あおむけ,facing upward,そこにあお <ruby>向<rt>む</rt></ruby>けになってください。,Lie face-up there.,
むっと,むっと,be annoyed,<ruby>彼<rt>かれ</rt></ruby>の <ruby>言葉<rt>ことば</rt></ruby>にむっとしてしまった。,I have gotten angry at what he said.,
仰ぐ,あおぐ,look up; look up to,<ruby>私<rt>わたし</rt></ruby>たちは <ruby>夜空<rt>よぞら</rt></ruby>を <ruby>仰<rt>あお</rt></ruby>いだ。,We looked up at the night sky.,
成し遂げる,なしとげる,carry out; complete,<ruby>彼<rt>かれ</rt></ruby>らは <ruby>偉業<rt>いぎょう</rt></ruby>を <ruby>成し<ruby>遂<rt>なしと</rt></ruby>げた。,They accomplished great achievements.,
やり遂げる,やりとげる,achieve; complete,<ruby>彼<rt>かれ</rt></ruby>はそのプロジェクトを <ruby>一人<rt>ひとり</rt></ruby>でやり <ruby>遂<rt>と</rt></ruby>げた。,He carried out the project alone.,
巡査,じゅんさ,patrolman; police,<ruby>交番<rt>こうばん</rt></ruby>の <ruby>前<rt>まえ</rt></ruby>に <ruby>巡査<rt>じゅんさ</rt></ruby>が <ruby>立<rt>た</rt></ruby>っている。,The policeman is standing in front of the police box.,
巡り会う,めぐりあう,come across; meet by chance,<ruby>理想<rt>りそう</rt></ruby>の <ruby>人<rt>ひと</rt></ruby>に <ruby>巡り<ruby>会<rt>めぐりあ</rt></ruby>いました。,I came across the ideal person.,
逸らす,そらす,avert,<ruby>彼<rt>かれ</rt></ruby>は <ruby>彼女<rt>かのじょ</rt></ruby>から <ruby>目<rt>め</rt></ruby>をそらした。,He turned his eyes away from her.,
逸れる,それる,go astray,<ruby>話<rt>はなし</rt></ruby>が <ruby>本題<rt>ほんだい</rt></ruby>からそれてしまった。,The conversation has wandered off topic.,
垣根,かきね,fence; hedge,<ruby>彼<rt>かれ</rt></ruby>の <ruby>家<rt>いえ</rt></ruby>には <ruby>高<rt>たか</rt></ruby>い <ruby>垣根<rt>かきね</rt></ruby>がある。,His house has a high fence.,
ぴりぴり,ぴりぴり,on edge; smarting,<ruby>最近<rt>さいきん</rt></ruby> <ruby>上司<rt>じょうし</rt></ruby>がぴりぴりしている。,These days; our superior is on edge.,
戒め,いましめ,caution; commandment,<ruby>子供<rt>こども</rt></ruby>たちは <ruby>父<rt>ちち</rt></ruby>からの <ruby>戒<rt>いまし</rt></ruby>めを <ruby>固<rt>かた</rt></ruby>く <ruby>守<rt>まも</rt></ruby>っていた。,I protected the children from their father's harsh punishment.,
戒める,いましめる,caution against,<ruby>彼<rt>かれ</rt></ruby>は <ruby>子供<rt>こども</rt></ruby>たちの <ruby>浪費<rt>ろうひ</rt></ruby>を <ruby>戒<rt>いまし</rt></ruby>めた。,He warned the children against waste.,
機敏,きびん,quickness; sharpness,そのサッカー <ruby>選手<rt>せんしゅ</rt></ruby>は <ruby>動<rt>うご</rt></ruby>きが <ruby>機敏<rt>きびん</rt></ruby>だ。,That soccer player is very nimble.,
悔い,くい,regret; repentance,<ruby>私<rt>わたし</rt></ruby>の <ruby>人生<rt>じんせい</rt></ruby>に <ruby>悔<rt>く</rt></ruby>いはありません。,I have no regrets in my life.,
侮る,あなどる,despise; make light of,<ruby>彼<rt>かれ</rt></ruby>を <ruby>侮<rt>あなど</rt></ruby>ると <ruby>後悔<rt>こうかい</rt></ruby>しますよ。,You will regret neglecting him.,
模倣,もほう,copying; imitation,あの <ruby>会社<rt>かいしゃ</rt></ruby>は <ruby>他社<rt>たしゃ</rt></ruby>を <ruby>模倣<rt>もほう</rt></ruby>しているだけだ。,That company only imitates other companies.,
傍聴,ぼうちょう,attendance; hearing,<ruby>初<rt>はじ</rt></ruby>めて <ruby>裁判<rt>さいばん</rt></ruby>を <ruby>傍聴<rt>ぼうちょう</rt></ruby>しました。,It was the first time I had sat in on a trial.,
傍観,ぼうかん,observer; spectator,<ruby>私<rt>わたし</rt></ruby>は <ruby>喧嘩<rt>けんか</rt></ruby>を <ruby>傍観<rt>ぼうかん</rt></ruby>していた。,I was watching the fight.,
倹約,けんやく,economy; frugality,<ruby>倹約<rt>けんやく</rt></ruby>して <ruby>貯金<rt>ちょきん</rt></ruby>を <ruby>増<rt>ふ</rt></ruby>やしたい。,I want to economize and to increase my savings.,
くどくど,くどくど,repetitively,<ruby>母<rt>はは</rt></ruby>にくどくど <ruby>文句<rt>もんく</rt></ruby>を <ruby>言<rt>い</rt></ruby>われました。,My mother kept on complaining at me.,
打撲,だぼく,blow; stroke,<ruby>彼<rt>かれ</rt></ruby>は <ruby>野球<rt>やきゅう</rt></ruby>をしていてふくらはぎを <ruby>打撲<rt>だぼく</rt></ruby>した。,He bruised his calf playing baseball.,
崇拝,すうはい,adoration; worship,その <ruby>人<rt>ひと</rt></ruby>は <ruby>多<rt>おお</rt></ruby>くの <ruby>信者<rt>しんじゃ</rt></ruby>に <ruby>崇拝<rt>すうはい</rt></ruby>されています。,That person is revered by a lot of believers.,
寛大,かんだい,generous; magnanimous,<ruby>彼女<rt>かのじょ</rt></ruby>はその <ruby>件<rt>けん</rt></ruby>を <ruby>寛大<rt>かんだい</rt></ruby>に <ruby>扱<rt>あつか</rt></ruby>った。,She treated the matter with leniency.,
博覧会,はくらんかい,exhibition; fair,<ruby>花<rt>はな</rt></ruby>の <ruby>博覧<rt>はくらん</rt></ruby> <ruby>会<rt>かい</rt></ruby>を <ruby>見<rt>み</rt></ruby>に <ruby>行<rt>い</rt></ruby>きました。,I went to see a flower exposition.,
臨終,りんじゅう,deathbed; one's last moment,<ruby>祖母<rt>そぼ</rt></ruby>が <ruby>臨終<rt>りんじゅう</rt></ruby>を <ruby>迎<rt>むか</rt></ruby>えた。,My grandmother breathed her last.,
閣僚,かくりょう,cabinet members,<ruby>首相<rt>しゅしょう</rt></ruby>は <ruby>新<rt>あたら</rt></ruby>しい <ruby>閣僚<rt>かくりょう</rt></ruby>を <ruby>任命<rt>にんめい</rt></ruby>した。,The Prime Minister appointed new cabinet ministers.,
組閣,そかく,cabinet; ministry,<ruby>新<rt>しん</rt></ruby> <ruby>内閣<rt>ないかく</rt></ruby>の <ruby>組閣<rt>そかく</rt></ruby>が <ruby>発表<rt>はっぴょう</rt></ruby>された。,The formation of a new cabinet was announced.,
検閲,けんえつ,censorship; inspection,ここに <ruby>来<rt>く</rt></ruby>る <ruby>手紙<rt>てがみ</rt></ruby>は <ruby>検閲<rt>けんえつ</rt></ruby>されます。,The letters that come here are inspected.,
等閑,なおざり,neglect,<ruby>最近<rt>さいきん</rt></ruby> <ruby>忙<rt>いそが</rt></ruby>しくて <ruby>友達<rt>ともだち</rt></ruby>づきあいがなおざりになっている。,I have been busy recently and let my friendships slide.,
ぽたぽた,ぽたぽた,drop by drop,<ruby>汗<rt>あせ</rt></ruby>が <ruby>額<rt>ひたい</rt></ruby>からぽたぽたと <ruby>落<rt>お</rt></ruby>ちた。,The sweat dripped from my forehead.,
財閥,ざいばつ,conglomerate,<ruby>財閥<rt>ざいばつ</rt></ruby>は <ruby>政治<rt>せいじ</rt></ruby>に <ruby>影響<rt>えいきょう</rt></ruby> <ruby>力<rt>りょく</rt></ruby>を <ruby>持<rt>も</rt></ruby>つ。,The financial sector has influence and power in politics.,
無闇に,むやみに,excessively; needlessly; rashly,むやみに <ruby>電話<rt>でんわ</rt></ruby> <ruby>番号<rt>ばんごう</rt></ruby>を <ruby>教<rt>おし</rt></ruby>えるのは <ruby>危険<rt>きけん</rt></ruby>だ。,It is dangerous to give your telephone number out indiscriminately.,
哀れむ,あわれむ,pity; sympathize,<ruby>誰<rt>だれ</rt></ruby>もがその <ruby>男<rt>おとこ</rt></ruby>を <ruby>哀<rt>あわ</rt></ruby>れんだ。,Everyone pitied the man.,
懐疑,かいぎ,doubt; skepticism,<ruby>彼女<rt>かのじょ</rt></ruby>は <ruby>結婚<rt>けっこん</rt></ruby>に <ruby>関<rt>かん</rt></ruby>してとても <ruby>懐疑<rt>かいぎ</rt></ruby> <ruby>的<rt>てき</rt></ruby>だ。,She was very skeptical about marriage.,
名残惜しい,なごりおしい,be sad to leave; be sorry to part,<ruby>名残惜<rt>なごりお</rt></ruby>しいですがもう <ruby>帰<rt>かえ</rt></ruby>る <ruby>時間<rt>じかん</rt></ruby>です。,Although I am reluctant to go; it is time to leave now.,
怠惰,たいだ,idleness; laziness,あの <ruby>人<rt>ひと</rt></ruby>は <ruby>怠惰<rt>たいだ</rt></ruby>でしなければいけない <ruby>事<rt>こと</rt></ruby>もしない。,That person is so lazy that he doesn't even do the essential things.,
憤慨,ふんがい,resentment,<ruby>彼女<rt>かのじょ</rt></ruby>の <ruby>失礼<rt>しつれい</rt></ruby>な <ruby>態度<rt>たいど</rt></ruby>に <ruby>友人<rt>ゆうじん</rt></ruby>はとても <ruby>憤慨<rt>ふんがい</rt></ruby>していた。,Her friend was most indignant at her rudeness.,
悟る,さとる,attain enlightenment,<ruby>真理<rt>しんり</rt></ruby>を <ruby>悟<rt>さと</rt></ruby>るのは <ruby>容易<rt>ようい</rt></ruby>な <ruby>事<rt>こと</rt></ruby>ではない。,It is not easy to perceive the truth.,
悼む,いたむ,grieve over; mourn,<ruby>彼女<rt>かのじょ</rt></ruby>の <ruby>死<rt>し</rt></ruby>を <ruby>悼<rt>いた</rt></ruby>んで <ruby>何<rt>なん</rt></ruby> <ruby>百<rt>ひゃく</rt></ruby> <ruby>人<rt>にん</rt></ruby>もの <ruby>人々<rt>ひとびと</rt></ruby>が <ruby>集<rt>あつ</rt></ruby>まった。,Hundreds of people gathered to mourn her death.,
ぼつぼつ,ぼつぼつ,in a breezy manner; little by little,ぼつぼつ <ruby>帰<rt>かえ</rt></ruby>ろうか。,Well; it's about time to go home.,
稲妻,いなずま,lightning,<ruby>稲妻<rt>いなづま</rt></ruby>が <ruby>走<rt>はし</rt></ruby>った。,Lightning flashed.,
共稼ぎ,ともかせぎ,dual income,<ruby>私<rt>わたし</rt></ruby>たち <ruby>夫婦<rt>ふうふ</rt></ruby>は <ruby>共稼<rt>ともかせ</rt></ruby>ぎです。,As a married couple we have a dual income.,
対称,たいしょう,symmetry,この <ruby>図<rt>ず</rt></ruby>は <ruby>左右<rt>さゆう</rt></ruby>が <ruby>対称<rt>たいしょう</rt></ruby>ではありません。,The left and right sides of this diagram are not symmetrical.,
平穏,へいおん,calmness; quiet,<ruby>彼<rt>かれ</rt></ruby>は <ruby>最近<rt>さいきん</rt></ruby> <ruby>平穏<rt>へいおん</rt></ruby>な <ruby>毎日<rt>まいにち</rt></ruby>を <ruby>過<rt>す</rt></ruby>ごしています。,He is living a quiet life these days.,
穏健,おんけん,moderate; temperate,<ruby>彼<rt>かれ</rt></ruby>はいつも <ruby>穏健<rt>おんけん</rt></ruby>な <ruby>意見<rt>いけん</rt></ruby>を <ruby>述<rt>の</rt></ruby>べる。,He always expresses moderate opinions.,
陰気,いんき,dismal; gloomy,<ruby>彼<rt>かれ</rt></ruby>は <ruby>陰気<rt>いんき</rt></ruby>な <ruby>顔<rt>かお</rt></ruby>をしてどうしたのだろう。,I wonder why he looks so gloomy.,
鉄砲,てっぽう,firearm; gun,<ruby>鉄砲<rt>てっぽう</rt></ruby>は 16 <ruby>世紀<rt>せいき</rt></ruby>に <ruby>日本<rt>にほん</rt></ruby>に <ruby>伝<rt>つた</rt></ruby>わりました。,Guns spread to Japan in the 16th century.,
大砲,たいほう,cannon; gun,これは <ruby>第<rt>だい</rt></ruby><ruby>二 <ruby>次<rt>じ</rt></ruby> <ruby>世界<rt>せかい</rt></ruby> <ruby>大戦<rt>たいせん</rt></ruby>で <ruby>使<rt>つか</rt></ruby>われた <ruby>大砲<rt>たいほう</rt></ruby>です。,This is a cannon used in World War II.,
貝殻,かいがら,shell,<ruby>海辺<rt>うみべ</rt></ruby>できれいな <ruby>貝殻<rt>かいがら</rt></ruby>を <ruby>拾<rt>ひろ</rt></ruby>った。,I picked up a beautiful shell on the beach.,
ひそひそ,ひそひそ,whispered conversation,ひそひそ <ruby>話<rt>ばなし</rt></ruby>はやめなさい。,Stop whispering.,
賄う,まかなう,cater; provide meals,パーティーの <ruby>費用<rt>ひよう</rt></ruby>は <ruby>経費<rt>けいひ</rt></ruby>で <ruby>賄<rt>まかな</rt></ruby>われる。,The cost of the party is covered by the expense account.,
賄賂,わいろ,bribe; payoff,<ruby>彼<rt>かれ</rt></ruby>は <ruby>賄賂<rt>わいろ</rt></ruby>を <ruby>受け<ruby>取<rt>うけと</rt></ruby>ったらしい。,Apparently; he took a bribe.,
賢明,けんめい,sensible; wise,<ruby>賢明<rt>けんめい</rt></ruby>な <ruby>君<rt>きみ</rt></ruby>なら <ruby>理由<rt>りゆう</rt></ruby>が <ruby>分<rt>わ</rt></ruby>かるだろう。,An intelligent person like you should understand the reason.,
頻発,ひんぱつ,frequent occurrence,<ruby>最近<rt>さいきん</rt></ruby> <ruby>自転車<rt>じてんしゃ</rt></ruby> <ruby>事故<rt>じこ</rt></ruby>が <ruby>頻発<rt>ひんぱつ</rt></ruby>しているらしい。,There have been a lot of bicycle accidents lately.,
顧みる,かえりみる,look back; retrospect,<ruby>彼<rt>かれ</rt></ruby>は <ruby>仕事<rt>しごと</rt></ruby> <ruby>人間<rt>にんげん</rt></ruby>で <ruby>家庭<rt>かてい</rt></ruby>を <ruby>顧<rt>かえり</rt></ruby>みない。,He is a workaholic and doesn't consider his family.,
煩わしい,わずらわしい,troublesome; vexatious,<ruby>彼<rt>かれ</rt></ruby>は <ruby>煩<rt>わずら</rt></ruby>わしい <ruby>事<rt>こと</rt></ruby>が <ruby>大嫌<rt>だいきら</rt></ruby>いだ。,He hates annoying things.,
煩う,わずらう,worry about,<ruby>彼女<rt>かのじょ</rt></ruby>は <ruby>彼<rt>かれ</rt></ruby>のことを <ruby>思い<ruby>煩<rt>おもいわずら</rt></ruby>っている。,She is worrying about him.,
有頂天,うちょうてん,ecstasy; exaltation,<ruby>彼<rt>かれ</rt></ruby>はテストで <ruby>満点<rt>まんてん</rt></ruby>を <ruby>取<rt>と</rt></ruby>って <ruby>有頂天<rt>うちょうてん</rt></ruby>になった。,He was over the moon when he got a perfect score on the test.,
先頃,さきごろ,the other day,<ruby>先頃<rt>さきごろ</rt></ruby>の <ruby>会談<rt>かいだん</rt></ruby>の <ruby>報告<rt>ほうこく</rt></ruby> <ruby>書<rt>しょ</rt></ruby>です。,This is the report of the recent conference.,
ぶかぶか,ぶかぶか,loose-fitting,この <ruby>服<rt>ふく</rt></ruby>はぶかぶかだ。,These clothes are baggy.,
悪循環,あくじゅんかん,vicious circle,まず <ruby>悪循環<rt>あくじゅんかん</rt></ruby>を <ruby>断ち<ruby>切<rt>たちき</rt></ruby>らなければならない。,First of all; you need to break the vicious circle.,
刈る,かる,clip; reap,<ruby>庭<rt>にわ</rt></ruby>の <ruby>芝生<rt>しばふ</rt></ruby>を <ruby>刈<rt>か</rt></ruby>らなきゃ。,I have to mow the lawn.,
処刑,しょけい,execution; punishment,<ruby>犯人<rt>はんにん</rt></ruby>は <ruby>処刑<rt>しょけい</rt></ruby>された。,The criminal was executed.,
処罰,しょばつ,penalty; punishment,このような <ruby>行為<rt>こうい</rt></ruby>は <ruby>処罰<rt>しょばつ</rt></ruby>の <ruby>対象<rt>たいしょう</rt></ruby>になります。,This kind of behavior is liable for punishment.,
賞罰,しょうばつ,reward and punishment,<ruby>履歴<rt>りれき</rt></ruby> <ruby>書<rt>しょ</rt></ruby>には <ruby>賞罰<rt>しょうばつ</rt></ruby> <ruby>記入<rt>きにゅう</rt></ruby>の <ruby>欄<rt>らん</rt></ruby>がある。,On the resume form; there is a column to fill in the rewards and penalties.,
罰点,ばってん,black mark; X mark,<ruby>間違<rt>まちが</rt></ruby>えに <ruby>罰点<rt>ばってん</rt></ruby>をつけた。,Demerits were given by mistake.,
孝行,こうこう,family duty,<ruby>親<rt>おや</rt></ruby>が <ruby>元気<rt>げんき</rt></ruby>なうちに <ruby>孝行<rt>こうこう</rt></ruby>しておきなさい。,You must be dutiful to your parents while they are still well.,
不孝,ふこう,undutifulness,ニートになるなんて <ruby>親不孝<rt>おやふこう</rt></ruby>だ。,It is an insult to your parents to become a NEET (not in education; employment; or training).,
めきめき,めきめき,rapidly; remarkably,<ruby>彼<rt>かれ</rt></ruby>はめきめきと <ruby>上達<rt>じょうたつ</rt></ruby>している。,He is making remarkable progress.,
親孝行,おやこうこう,filial piety,<ruby>彼<rt>かれ</rt></ruby>は <ruby>親孝行<rt>おやこうこう</rt></ruby>だ。,He is dutiful to his parents.,
親不孝,おやふこう,lack of filial piety,<ruby>彼<rt>かれ</rt></ruby>は <ruby>自分<rt>じぶん</rt></ruby>の <ruby>親不孝<rt>おやふこう</rt></ruby>を <ruby>後悔<rt>こうかい</rt></ruby>した。,He regretted being disobedient toward his parents.,
老眼,ろうがん,farsightedness; presbyopia,<ruby>彼<rt>かれ</rt></ruby>はすでに <ruby>老眼<rt>ろうがん</rt></ruby>らしい。,He already seems to be getting age-related far-sightedness.,
老いる,おいる,grow old,<ruby>一般<rt>いっぱん</rt></ruby>に <ruby>人<rt>ひと</rt></ruby>は <ruby>老<rt>お</rt></ruby>いると <ruby>気弱<rt>きよわ</rt></ruby>になるものです。,In general; as people grow older they become more cautious.,
老ける,ふける,grow old,60を <ruby>過<rt>す</rt></ruby>ぎて <ruby>彼<rt>かれ</rt></ruby>はすっかり <ruby>老<rt>ふ</rt></ruby>けてしまった。,After passing 60 he aged completely.,
煮込む,にこむ,boil well; stew,このシチューは 3<ruby>日間<rt>みっかかん</rt></ruby> <ruby>煮込<rt>にこ</rt></ruby>みました。,I simmered his stew for three days.,
雑煮,ぞうに,rice cakes boiled with vegetables,うちは <ruby>正月<rt>しょうがつ</rt></ruby>には <ruby>必<rt>かなら</rt></ruby>ず <ruby>雑煮<rt>ぞうに</rt></ruby>を <ruby>食<rt>た</rt></ruby>べます。,At home we always eat zoni on New Year's.,
煮詰める,につめる,boil down,カレーは <ruby>煮詰<rt>につ</rt></ruby>めたほうが <ruby>美味<rt>おい</rt></ruby>しい。,Curry is more tasty if it is boiled down.,
蒸発,じょうはつ,evaporation; mysterious disappearance,<ruby>鍋<rt>なべ</rt></ruby>に <ruby>蓋<rt>ふた</rt></ruby>をしないとどんどん <ruby>蒸発<rt>じょうはつ</rt></ruby>してしまうよ。,It evaporates fast if you don't put the lid on the pan.,
ぐっしょり,ぐっしょり,soaked,<ruby>雨<rt>あめ</rt></ruby>で <ruby>全身<rt>ぜんしん</rt></ruby>ぐっしょり <ruby>濡<rt>ぬ</rt></ruby>れました。,I got drenched in the rain.,
水蒸気,すいじょうき,steam; water vapor,<ruby>水蒸気<rt>すいじょうき</rt></ruby>で <ruby>窓<rt>まど</rt></ruby>がくもった。,The window clouded up with steam.,
蒸す,むす,be stuffy; steam,<ruby>野菜<rt>やさい</rt></ruby>は <ruby>茹<rt>ゆ</rt></ruby>でるより <ruby>蒸<rt>む</rt></ruby>したほうがいい。,It is better to steam vegetables than boil them.,
蒸かす,ふかす,steam,お <ruby>芋<rt>いも</rt></ruby>を <ruby>蒸<rt>ふ</rt></ruby>かしてみんなで <ruby>食<rt>た</rt></ruby>べた。,We all ate the steamed potatoes.,
痛烈,つうれつ,scathing; sharp,<ruby>彼<rt>かれ</rt></ruby>は <ruby>痛烈<rt>つうれつ</rt></ruby>な <ruby>批判<rt>ひはん</rt></ruby>を <ruby>浴<rt>あ</rt></ruby>びている。,He is being battered with criticism.,
暗黙,あんもく,tacit,それは <ruby>二人<rt>ふたり</rt></ruby>の <ruby>間<rt>あいだ</rt></ruby>で <ruby>暗黙<rt>あんもく</rt></ruby>の <ruby>了解<rt>りょうかい</rt></ruby>となっている。,There is tacit consent between the two people.,
降伏,こうふく,submission; surrender,<ruby>白旗<rt>しろはた</rt></ruby>は <ruby>降伏<rt>ごうぶく</rt></ruby>の <ruby>合図<rt>あいず</rt></ruby>です。,The white flag is a signal of surrender.,
待ち伏せ,まちぶせ,ambush,ケンカ <ruby>相手<rt>あいて</rt></ruby>が <ruby>待ち<ruby>伏<rt>まちぶ</rt></ruby>せしていた。,The person that I had fought was lying in wait.,
伏せる,ふせる,keep secret; turn downward,<ruby>地震<rt>じしん</rt></ruby>の <ruby>間<rt>ま</rt></ruby> <ruby>机<rt>つくえ</rt></ruby>の <ruby>下<rt>した</rt></ruby>で <ruby>身<rt>み</rt></ruby>を <ruby>伏<rt>ふ</rt></ruby>せていた。,I hid myself under the desk during the earthquake.,
暴騰,ぼうとう,sudden rise,<ruby>株価<rt>かぶか</rt></ruby>が <ruby>暴騰<rt>ぼうとう</rt></ruby>しています。,Stock prices have risen sharply.,
ぼやける,ぼやける,be dim; blurred,<ruby>夕暮<rt>ゆうぐ</rt></ruby>れで <ruby>景色<rt>けしき</rt></ruby>がぼやけて <ruby>見<rt>み</rt></ruby>えます。,Scenery appears to grow dim in the evening.,
騰貴,とうき,rise,<ruby>不動産<rt>ふどうさん</rt></ruby>の <ruby>価格<rt>かかく</rt></ruby>が <ruby>騰貴<rt>とうき</rt></ruby>しています。,The price of real estate is rising.,
卸す,おろす,sell wholesale,その <ruby>業者<rt>ぎょうしゃ</rt></ruby>はデパートに <ruby>卸<rt>おろ</rt></ruby>している。,That trader sells wholesale to the department store.,
棄却,ききゃく,rejection,<ruby>私<rt>わたし</rt></ruby>の <ruby>案<rt>あん</rt></ruby>は <ruby>棄却<rt>ききゃく</rt></ruby>された。,My idea was rejected.,
遮る,さえぎる,block; interrupt,<ruby>寒<rt>さむ</rt></ruby>いので <ruby>部屋<rt>へや</rt></ruby>のすきま <ruby>風<rt>かぜ</rt></ruby>を <ruby>遮<rt>さえぎ</rt></ruby>った。,Because it was cold; the room was insulated against drafts.,
寝床,ねどこ,bed,<ruby>彼女<rt>かのじょ</rt></ruby>はよく <ruby>寝床<rt>ねどこ</rt></ruby>で <ruby>本<rt>ほん</rt></ruby>を <ruby>読<rt>よ</rt></ruby>む。,She often reads books in bed.,
床の間,とこのま,alcove,<ruby>床の<ruby>間<rt>とこのま</rt></ruby>に <ruby>生け<ruby>花<rt>いけばな</rt></ruby>を <ruby>飾<rt>かざ</rt></ruby>りました。,I decorated the alcove with a flower arrangement.,
摩る,さする,rub,<ruby>胸<rt>むね</rt></ruby>をさすったら <ruby>少<rt>すこ</rt></ruby>し <ruby>楽<rt>らく</rt></ruby>になりました。,When my chest is rubbed; it feels a little better.,
擦る,する,crush; rub,<ruby>駐車<rt>ちゅうしゃ</rt></ruby>するときに <ruby>車庫<rt>しゃこ</rt></ruby>の <ruby>壁<rt>かべ</rt></ruby>を <ruby>擦<rt>こす</rt></ruby>ってしまった。,As I was parking I scraped the wall of the garage. [mispronounced word in audio: 車庫],
物干し,ものほし,clotheshorse,<ruby>洗濯<rt>せんたく</rt></ruby> <ruby>物<rt>もの</rt></ruby>を <ruby>物干<rt>ものほ</rt></ruby>しに <ruby>干<rt>ほ</rt></ruby>した。,I hung the laundry on the drying rack.,
せかせか,せかせか,fidgety; restless,<ruby>彼女<rt>かのじょ</rt></ruby>はいつもせかせかしている。,She is always in a hurry.,
干し物,ほしもの,clothes for drying,<ruby>干し<ruby>物<rt>ほしもの</rt></ruby>をたたんでタンスにしまった。,I folded the laundry and put it away in the chest of drawers.,
冷や汗,ひやあせ,cold sweat,<ruby>嘘<rt>うそ</rt></ruby>がばれそうになり <ruby>彼<rt>かれ</rt></ruby>は <ruby>冷や<ruby>汗<rt>ひやあせ</rt></ruby>をかいた。,He came out in a cold sweat when it seemed that his lie would come to light.,
軒並み,のきなみ,across the board; row of houses,<ruby>株価<rt>かぶか</rt></ruby>が <ruby>軒並<rt>のきな</rt></ruby>み <ruby>下<rt>さ</rt></ruby>がった。,Stock prices fell across the board.,
香ばしい,こうばしい,nice-smelling,<ruby>台所<rt>だいどころ</rt></ruby>から <ruby>香<rt>こう</rt></ruby>ばしい <ruby>香<rt>かお</rt></ruby>りが <ruby>流<rt>なが</rt></ruby>れてきた。,A savory smell drifted from the kitchen.,
冒す,おかす,inflict; risk,<ruby>彼<rt>かれ</rt></ruby>は <ruby>危険<rt>きけん</rt></ruby>を <ruby>冒<rt>おか</rt></ruby>すことをいとわない。,He doesn't mind running the risk.,
尊ぶ,とうとぶ,honor; respect,<ruby>先祖<rt>せんぞ</rt></ruby>を <ruby>尊<rt>とうと</rt></ruby>ぶことは <ruby>大切<rt>たいせつ</rt></ruby>です。,It is important to respect your forebears.,
失敬,しっけい,rudeness,なんて <ruby>失敬<rt>しっけい</rt></ruby>な <ruby>事<rt>こと</rt></ruby>をするんだ。,What a rude thing to do!,
敷居,しきい,threshold; windowsill,その <ruby>店<rt>みせ</rt></ruby>は <ruby>敷居<rt>しきい</rt></ruby>が <ruby>高<rt>たか</rt></ruby>い。,That shop has a high threshold.,
下敷き,したじき,being buried; pencil board,ノートに <ruby>字<rt>じ</rt></ruby>を <ruby>書<rt>か</rt></ruby>く <ruby>時<rt>とき</rt></ruby>は <ruby>下敷<rt>したじ</rt></ruby>きを <ruby>使<rt>つか</rt></ruby>ってください。,Please place something firm under your notebook when you write in it.,
あべこべ,あべこべ,opposite; reverse,<ruby>二人<rt>ふたり</rt></ruby>の <ruby>言<rt>い</rt></ruby>っていることはあべこべです。,The two of them contradict each other.,
敷布団,しきぶとん,mattress,<ruby>敷布団<rt>しきぶとん</rt></ruby>が <ruby>固<rt>かた</rt></ruby>くて <ruby>寝<rt>ね</rt></ruby>にくかった。,The futon was hard so it was difficult to sleep.,
牧畜,ぼくちく,livestock farming,<ruby>彼<rt>かれ</rt></ruby>は <ruby>牧畜<rt>ぼくちく</rt></ruby>の <ruby>仕事<rt>しごと</rt></ruby>をしています。,He works raising livestock.,
勇ましい,いさましい,bold; brave,<ruby>彼<rt>かれ</rt></ruby>は <ruby>勇<rt>いさ</rt></ruby>ましい <ruby>男<rt>おとこ</rt></ruby>だ。,He is a brave man.,
劣等感,れっとうかん,inferiority complex,<ruby>誰<rt>だれ</rt></ruby>でも <ruby>劣等<rt>れっとう</rt></ruby> <ruby>感<rt>かん</rt></ruby>を <ruby>感<rt>かん</rt></ruby>じる <ruby>事<rt>こと</rt></ruby>はあります。,Everyone feels an inferiority complex sometimes.,
励む,はげむ,make efforts,<ruby>彼<rt>かれ</rt></ruby>は <ruby>毎日<rt>まいにち</rt></ruby> <ruby>仕事<rt>しごと</rt></ruby>に <ruby>励<rt>はげ</rt></ruby>みました。,Everyday he did his work diligently.,
堪える,こらえる,bear; endure,<ruby>私<rt>わたし</rt></ruby>は <ruby>泣<rt>な</rt></ruby>きたいのをこらえた。,I held back my tears.,
持ち堪える,もちこたえる,hold out; survive,<ruby>私<rt>わたし</rt></ruby>の <ruby>家<rt>いえ</rt></ruby>はとても <ruby>古<rt>ふる</rt></ruby>いが <ruby>台風<rt>たいふう</rt></ruby>に <ruby>持<rt>も</rt></ruby>ちこたえた。,My house is very old but it has withstood typhoons.,
甚だ,はなはだ,excessively; very,<ruby>夜中<rt>やちゅう</rt></ruby>に <ruby>電話<rt>でんわ</rt></ruby>がかかってくるのは<ruby>甚だ <ruby>迷惑<rt>めいわく</rt></ruby>だ。,It is very annoying when someone calls in the middle of the night.,
甚だしい,はなはだしい,excessive; tremendous,<ruby>文句<rt>もんく</rt></ruby>を <ruby>言<rt>い</rt></ruby>うなんて <ruby>失礼<rt>しつれい</rt></ruby>も <ruby>甚<rt>はなは</rt></ruby>だしい。,It is outrageous of them to complain.,
ぽかんと,ぽかんと,agape; blankly,<ruby>彼<rt>かれ</rt></ruby>は <ruby>驚<rt>おどろ</rt></ruby>いてぽかんとしている。,He was flabbergasted.,
霧雨,きりさめ,drizzle; misting rain,<ruby>霧雨<rt>きりさめ</rt></ruby>が <ruby>降<rt>ふ</rt></ruby>っていたが <ruby>傘<rt>かさ</rt></ruby>を <ruby>差<rt>さ</rt></ruby>さずに <ruby>歩<rt>ある</rt></ruby>いた。,I walked without opening the umbrella even though it was drizzling.,
円盤,えんばん,disk; flying saucer,その <ruby>写真<rt>しゃしん</rt></ruby>には <ruby>空<rt>そら</rt></ruby> <ruby>飛<rt>と</rt></ruby>ぶ <ruby>円盤<rt>えんばん</rt></ruby>が <ruby>写<rt>うつ</rt></ruby>っている。,The photograph shows a flying saucer.,
算盤,そろばん,Japanese abacus; soroban,<ruby>彼女<rt>かのじょ</rt></ruby>はそろばんが <ruby>得意<rt>とくい</rt></ruby>です。,She is good at the abacus.,
聴衆,ちょうしゅう,audience,<ruby>聴衆<rt>ちょうしゅう</rt></ruby>は <ruby>惜<rt>お</rt></ruby>しみない <ruby>拍手<rt>はくしゅ</rt></ruby>を <ruby>送<rt>おく</rt></ruby>った。,The audience applauded generously.,
振る舞う,ふるまう,behave oneself; entertain,<ruby>彼<rt>かれ</rt></ruby>は <ruby>父親<rt>ちちおや</rt></ruby>らしく <ruby>振る<ruby>舞<rt>ふるま</rt></ruby>った。,He behaved in a fatherly manner.,
足踏み,あしぶみ,step; stepping,<ruby>現在<rt>げんざい</rt></ruby> <ruby>交渉<rt>こうしょう</rt></ruby>は <ruby>足踏<rt>あしぶ</rt></ruby>み <ruby>状態<rt>じょうたい</rt></ruby>だ。,The negotiations are at a standstill now.,
踏み切る,ふみきる,launch out; take off,やっと <ruby>犯人<rt>はんにん</rt></ruby>の <ruby>逮捕<rt>たいほ</rt></ruby>に <ruby>踏み<ruby>切<rt>ふみき</rt></ruby>った。,They finally went ahead and arrested the criminal.,
雑踏,ざっとう,hustle and bustle,<ruby>都会<rt>とかい</rt></ruby>の <ruby>雑踏<rt>ざっとう</rt></ruby>は <ruby>好<rt>す</rt></ruby>きではありません。,I do not like the crowds in the city.,
踏ん張る,ふんばる,hold out; keep one's footing,<ruby>選手<rt>せんしゅ</rt></ruby>たちは <ruby>必死<rt>ひっし</rt></ruby>で <ruby>踏ん<ruby>張<rt>ふんば</rt></ruby>った。,The players made a last desperate effort.,
ぽつりぽつり,ぽつりぽつり,drop by drop,<ruby>雨<rt>あめ</rt></ruby>がぽつりぽつり <ruby>降<rt>ふ</rt></ruby>り <ruby>始<rt>はじ</rt></ruby>めた。,The rain started to fall drop by drop.,
跳躍,ちょうやく,jump; leap,<ruby>彼<rt>かれ</rt></ruby>の <ruby>跳躍<rt>ちょうやく</rt></ruby>は <ruby>新<rt>しん</rt></ruby> <ruby>記録<rt>きろく</rt></ruby>だった。,His jump set a new record.,
埋め立て,うめたて,reclamation,<ruby>海<rt>うみ</rt></ruby>を <ruby>埋め<ruby>立<rt>うめた</rt></ruby>てて <ruby>公園<rt>こうえん</rt></ruby>が <ruby>作<rt>つく</rt></ruby>られた。,The park was built on land reclaimed from the sea.,
埋まる,うまる,be buried under; be filled up,<ruby>通り<ruby>道<rt>とおりみち</rt></ruby>が <ruby>雪<rt>ゆき</rt></ruby>で <ruby>埋<rt>う</rt></ruby>まっている。,The road is blocked with snow.,
埋まる,うずまる,be buried under; be filled up,ロビーが <ruby>人<rt>ひと</rt></ruby>で <ruby>埋<rt>う</rt></ruby>まっています。,The lobby is heaving with people.,
堅実,けんじつ,sound; steady,<ruby>彼<rt>かれ</rt></ruby>は <ruby>堅実<rt>けんじつ</rt></ruby>な <ruby>人生<rt>じんせい</rt></ruby>を <ruby>送<rt>おく</rt></ruby>っている。,He is living a steady lifestyle.,
狂わす,くるわす,drive crazy,<ruby>金<rt>かね</rt></ruby>は <ruby>人生<rt>じんせい</rt></ruby>を <ruby>狂<rt>くる</rt></ruby>わすことがある。,Money can make people crazy.,
猫背,ねこぜ,bent back; stoop,<ruby>彼<rt>かれ</rt></ruby>は <ruby>猫背<rt>ねこぜ</rt></ruby>なので <ruby>実際<rt>じっさい</rt></ruby>より <ruby>小<rt>ちい</rt></ruby>さく <ruby>見<rt>み</rt></ruby>える。,Because he stoops; he looks smaller than he actually is.,
猫舌,ねこじた,sensitive to hot food,<ruby>私<rt>わたし</rt></ruby>は <ruby>猫舌<rt>ねこじた</rt></ruby>で <ruby>熱<rt>あつ</rt></ruby>いスープが <ruby>飲<rt>の</rt></ruby>めません。,I can't eat the hot soup as I am sensitive to heat.,
ぴんぴん,ぴんぴん,full of beans; lively,<ruby>祖父<rt>そふ</rt></ruby>は <ruby>元気<rt>げんき</rt></ruby>でぴんぴんしています。,My grandfather is well and sprightly.,
猟,りょう,game; hunting,<ruby>彼<rt>かれ</rt></ruby>らは <ruby>猟<rt>りょう</rt></ruby>に <ruby>出掛<rt>でか</rt></ruby>けた。,They went out to hunt.,
表彰状,ひょうしょうじょう,certificate of commendation,<ruby>初<rt>はじ</rt></ruby>めて <ruby>表彰状<rt>ひょうしょうじょう</rt></ruby>をもらった。,I got a diploma for the first time.,
淑やか,しとやか,graceful; ladylike,<ruby>彼女<rt>かのじょ</rt></ruby>は <ruby>本当<rt>ほんとう</rt></ruby>におしとやかだ。,She is really graceful.,
座禅,ざぜん,Zen meditation,<ruby>座禅<rt>ざぜん</rt></ruby>は <ruby>集中<rt>しゅうちゅう</rt></ruby> <ruby>力<rt>りょく</rt></ruby>を <ruby>養<rt>やしな</rt></ruby>う。,Zen meditation nurtures concentration.,
粗い,あらい,coarse; rough,<ruby>彼<rt>かれ</rt></ruby>は <ruby>目<rt>め</rt></ruby>の <ruby>粗<rt>あら</rt></ruby>いセーターを <ruby>着<rt>き</rt></ruby>ていた。,He was wearing a loosely knit sweater.,
粗末,そまつ,coarse; inferior,その <ruby>子<rt>こ</rt></ruby>は <ruby>粗末<rt>そまつ</rt></ruby>な <ruby>服<rt>ふく</rt></ruby>を <ruby>着<rt>き</rt></ruby>ていました。,The child was wearing tattered clothes.,
阻む,はばむ,obstruct; prevent,<ruby>台風<rt>たいふう</rt></ruby>に <ruby>行<rt>い</rt></ruby>く <ruby>手<rt>て</rt></ruby>を <ruby>阻<rt>はば</rt></ruby>まれました。,We were prevented from going on our way by the typhoon.,
邸宅,ていたく,mansion; residence,<ruby>彼<rt>かれ</rt></ruby>は <ruby>大<rt>おお</rt></ruby>きな <ruby>邸宅<rt>ていたく</rt></ruby>に <ruby>住<rt>す</rt></ruby>んでいます。,He lives in a big mansion.,
邦人,ほうじん,fellow countryman; Japanese,<ruby>海外<rt>かいがい</rt></ruby>の <ruby>在留<rt>ざいりゅう</rt></ruby> <ruby>邦人<rt>ほうじん</rt></ruby>の <ruby>数<rt>かず</rt></ruby>は <ruby>約<rt>やく</rt></ruby> 100 <ruby>万<rt>まん</rt></ruby> <ruby>人<rt>にん</rt></ruby>です。,The number of Japanese people living overseas is about one million.,
むかむか,むかむか,feel disgusted,<ruby>彼<rt>かれ</rt></ruby>はむかむかして <ruby>壁<rt>かべ</rt></ruby>を <ruby>殴<rt>なぐ</rt></ruby>った。,He was angry and hit the wall.,
目玉商品,めだましょうひん,featured product; loss leader,このカメラは <ruby>今月<rt>こんげつ</rt></ruby>の <ruby>目玉<rt>めだま</rt></ruby> <ruby>商品<rt>しょうひん</rt></ruby>です。,This camera is this month's featured product.,
風呂敷,ふろしき,wrapping cloth,<ruby>彼女<rt>かのじょ</rt></ruby>はその <ruby>箱<rt>はこ</rt></ruby>を <ruby>風呂敷<rt>ふろしき</rt></ruby>に <ruby>包<rt>つつ</rt></ruby>みました。,She wrapped the box in a furoshiki cloth.,
善くも,よくも,how dare,よくも <ruby>平気<rt>へいき</rt></ruby>でそんな <ruby>事<rt>こと</rt></ruby>が <ruby>言<rt>い</rt></ruby>えますね。,I can't believe that you say such a thing unashamedly.,
善悪,ぜんあく,good and evil,<ruby>子供<rt>こども</rt></ruby>でも <ruby>善悪<rt>ぜんあく</rt></ruby>は <ruby>区別<rt>くべつ</rt></ruby>できる。,Even children can distinguish good from evil.,
善し悪し,よしあし,good or bad; right or wrong,<ruby>慎重<rt>しんちょう</rt></ruby> <ruby>過<rt>す</rt></ruby>ぎるのも <ruby>善し<ruby>悪<rt>よしあ</rt></ruby>しだ。,It is a mixed blessing to be overcautious.,
繕う,つくろう,mend; repair,この <ruby>靴下<rt>くつした</rt></ruby>を <ruby>繕<rt>つくろ</rt></ruby>ってください。,Please mend these socks.,
綱渡り,つなわたり,tightrope walking,サーカスで <ruby>綱渡<rt>つなわた</rt></ruby>りを <ruby>見<rt>み</rt></ruby>ました。,I saw a high wire act at the circus.,
縄張り,なわばり,one's territory,<ruby>犬<rt>いぬ</rt></ruby>が <ruby>縄張<rt>なわば</rt></ruby>り <ruby>争<rt>あらそ</rt></ruby>いをしている。,Dogs are fighting over their territory.,
お絞り,おしぼり,steamed towel; wet towel,ウェイターにおしぼりを <ruby>頼<rt>たの</rt></ruby>んだ。,I asked the steward for a wet towel.,
そそっかしい,そそっかしい,careless,<ruby>彼女<rt>かのじょ</rt></ruby>は <ruby>昔<rt>むかし</rt></ruby>からそそっかしい。,She has always been careless.,
入梅,にゅうばい,beginning of the rainy season,<ruby>今年<rt>ことし</rt></ruby>の <ruby>入梅<rt>にゅうばい</rt></ruby>は 6 <ruby>月<rt>がつ</rt></ruby> 10 <ruby>日<rt>とおか</rt></ruby>でした。,The rainy season began on June 10th this year.,
塩梅,あんばい,condition; seasoning,いいあんばいにタクシーが <ruby>来<rt>き</rt></ruby>ました。,A taxi came along just at the right moment.,
遭難,そうなん,accident; disaster,<ruby>学生<rt>がくせい</rt></ruby> 5 <ruby>人<rt>にん</rt></ruby>が <ruby>山<rt>やま</rt></ruby>で <ruby>遭難<rt>そうなん</rt></ruby>しました。,Five students got into distress in the mountains.,
担架,たんか,stretcher,<ruby>怪我<rt>けが</rt></ruby> <ruby>人<rt>にん</rt></ruby>が <ruby>担架<rt>たんか</rt></ruby>で <ruby>運<rt>はこ</rt></ruby>ばれた。,The wounded were carried on stretchers.,
呆然と,ぼうぜんと,blankly; dazedly,<ruby>彼女<rt>かのじょ</rt></ruby>は <ruby>呆然<rt>ぼうぜん</rt></ruby>と <ruby>立ち<ruby>尽<rt>たちつ</rt></ruby>くした。,She was rooted to the spot in amazement.,
呆気,あっけ,amazement,<ruby>私<rt>わたし</rt></ruby>たちはあっけに <ruby>取<rt>と</rt></ruby>られて <ruby>彼<rt>かれ</rt></ruby>を <ruby>見<rt>み</rt></ruby>ていた。,We looked at him in astonishment.,
謙虚,けんきょ,humble; modest,<ruby>彼<rt>かれ</rt></ruby>の <ruby>謙虚<rt>けんきょ</rt></ruby>な <ruby>態度<rt>たいど</rt></ruby>に <ruby>感心<rt>かんしん</rt></ruby>した。,I admired his modest attitude.,
虚無,きょむ,nihility; nothingness,<ruby>彼<rt>かれ</rt></ruby>は <ruby>彼女<rt>かのじょ</rt></ruby>と <ruby>別<rt>わか</rt></ruby>れて <ruby>強<rt>つよ</rt></ruby>い <ruby>虚無<rt>きょむ</rt></ruby> <ruby>感<rt>かん</rt></ruby>を <ruby>感<rt>かん</rt></ruby>じた。,He felt a gnawing emptiness after he split up with her.,
虚構,きょこう,fabrication; fiction,<ruby>彼<rt>かれ</rt></ruby>の <ruby>話<rt>はなし</rt></ruby>は <ruby>全<rt>すべ</rt></ruby>て <ruby>虚構<rt>きょこう</rt></ruby>でした。,Everything he said was untrue.,
ぎざぎざ,ぎざぎざ,jagged; notches,このナイフの <ruby>刃<rt>は</rt></ruby>にはぎざぎざがある。,There are notches in this knife blade.,
虚栄心,きょえいしん,vanity,あの <ruby>人<rt>ひと</rt></ruby>は <ruby>虚栄<rt>きょえい</rt></ruby> <ruby>心<rt>しん</rt></ruby>が <ruby>強<rt>つよ</rt></ruby>い。,That person is vain.,
戯れ,たわむれ,joke,<ruby>彼<rt>かれ</rt></ruby>との <ruby>関係<rt>かんけい</rt></ruby>はひと <ruby>時<rt>とき</rt></ruby>の <ruby>戯<rt>たわむ</rt></ruby>れに <ruby>過<rt>す</rt></ruby>ぎなかった。,My relationship with him was no more than a bit of fun.,
戯曲,ぎきょく,drama; play,シェークスピアは <ruby>戯曲<rt>ぎきょく</rt></ruby>を <ruby>書<rt>か</rt></ruby>く <ruby>天才<rt>てんさい</rt></ruby>だった。,Shakespeare was a genius who wrote plays.,
戯れる,たわむれる,joke; sport,<ruby>子供<rt>こども</rt></ruby>たちが <ruby>猫<rt>ねこ</rt></ruby>と <ruby>戯<rt>たわむ</rt></ruby>れている。,Children are playing with the cat.,
捕虜,ほりょ,prisoner of war,<ruby>兵士<rt>へいし</rt></ruby>が <ruby>敵<rt>てき</rt></ruby>を <ruby>捕虜<rt>ほりょ</rt></ruby>にとった。,The soldiers took the enemy prisoner.,
不慮,ふりょ,accidental; unexpected,<ruby>彼<rt>かれ</rt></ruby>は <ruby>不慮<rt>ふりょ</rt></ruby>の <ruby>事故<rt>じこ</rt></ruby>でけがをした。,He was injured in an unexpected accident.,
口癖,くちぐせ,one's favorite phrase,「 <ruby>忙<rt>いそが</rt></ruby>しい」が <ruby>彼<rt>かれ</rt></ruby>の <ruby>口癖<rt>くちぐせ</rt></ruby>です。,&quot;I'm busy&quot; is his favorite phrase.,
癒着,ゆちゃく,adhesion; connection,ある <ruby>会社<rt>かいしゃ</rt></ruby>と <ruby>政治<rt>せいじ</rt></ruby> <ruby>家<rt>か</rt></ruby>の <ruby>癒着<rt>ゆちゃく</rt></ruby>が <ruby>明<rt>あか</rt></ruby>るみにでた。,The cozy relationship between the politician and a certain company was revealed.,
喚く,わめく,cry out; shout; yell,<ruby>彼<rt>かれ</rt></ruby>は <ruby>怒<rt>おこ</rt></ruby>ってわめいた。,He yelled in anger.,
ウィークデー,うぃーくでー,weekday,ウィークデーの 6 <ruby>時<rt>じ</rt></ruby>までは <ruby>全<rt>すべ</rt></ruby>てのドリンクが <ruby>半額<rt>はんがく</rt></ruby>です。,All drinks are half price until six o'clock on weekdays.,
唆す,そそのかす,incite; instigate,<ruby>友達<rt>ともだち</rt></ruby>にそそのかされてタバコを <ruby>吸<rt>す</rt></ruby>ってしまった。,Persuaded by a friend I smoked a cigarette.,
威嚇,いかく,intimidation; threat,<ruby>猫<rt>ねこ</rt></ruby>が <ruby>犬<rt>いぬ</rt></ruby>を <ruby>威嚇<rt>いかく</rt></ruby>している。,The cat is threatening the dog.,
不吉,ふきつ,inauspiciousness,<ruby>昨日<rt>きのう</rt></ruby>の <ruby>夜<rt>よる</rt></ruby> <ruby>不吉<rt>ふきつ</rt></ruby>な <ruby>夢<rt>ゆめ</rt></ruby>を <ruby>見<rt>み</rt></ruby>ました。,I had a nightmare last night.,
欠如,けつじょ,lack; shortage,<ruby>注意<rt>ちゅうい</rt></ruby> <ruby>力<rt>りょく</rt></ruby>の <ruby>欠如<rt>けつじょ</rt></ruby>が <ruby>事故<rt>じこ</rt></ruby>につながります。,Lack of attention leads to accidents.,
漬かる,つかる,be immersed,このキュウリはよく <ruby>漬<rt>つ</rt></ruby>かっているね。,This cucumber is well-soaked.,
汽船,きせん,steamship,<ruby>湖<rt>みずうみ</rt></ruby>で <ruby>汽船<rt>きせん</rt></ruby>に <ruby>乗<rt>の</rt></ruby>った。,I took a steamship that was on the lake.,
汽笛,きてき,steam whistle,<ruby>遠<rt>とお</rt></ruby>くから <ruby>汽笛<rt>きてき</rt></ruby>が <ruby>聞<rt>き</rt></ruby>こえた。,I heard a whistle in the distance.,
貫く,つらぬく,go through; penetrate,<ruby>彼<rt>かれ</rt></ruby>は <ruby>最後<rt>さいご</rt></ruby>まで <ruby>自分<rt>じぶん</rt></ruby>の <ruby>意思<rt>いし</rt></ruby>を <ruby>貫<rt>つらぬ</rt></ruby>きました。,He carried out his will to the end.,
月賦,げっぷ,monthly installments,<ruby>新<rt>あたら</rt></ruby>しい <ruby>車<rt>くるま</rt></ruby>を <ruby>月賦<rt>げっぷ</rt></ruby>で <ruby>買<rt>か</rt></ruby>いました。,I bought a new car on monthly payments.,
がらんと,がらんと,deserted,<ruby>平日<rt>へいじつ</rt></ruby>で <ruby>美術館<rt>びじゅつかん</rt></ruby>はがらんとしていた。,The museum was empty on weekdays.,
焼き芋,やきいも,baked sweet potato,<ruby>焼き<ruby>芋<rt>やきいも</rt></ruby>を <ruby>買<rt>か</rt></ruby>ってみんなで <ruby>食<rt>た</rt></ruby>べた。,We bought roast sweet potatoes and ate them together.,
華々しい,はなばなしい,brilliant; magnificent,<ruby>彼女<rt>かのじょ</rt></ruby>はその <ruby>試合<rt>しあい</rt></ruby>で <ruby>華々<rt>はなばな</rt></ruby>しい <ruby>活躍<rt>かつやく</rt></ruby>をした。,She did brilliantly in the match.,
侮蔑,ぶべつ,contempt; scorn,<ruby>人<rt>ひと</rt></ruby>を <ruby>侮蔑<rt>ぶべつ</rt></ruby>する <ruby>態度<rt>たいど</rt></ruby>はよくありません。,A scornful attitude to people is not good.,
蔑む,さげすむ,despise,<ruby>彼女<rt>かのじょ</rt></ruby>は <ruby>彼<rt>かれ</rt></ruby>をさげすんでいた。,She despised him.,
慕う,したう,adore; yearn for,<ruby>校長<rt>こうちょう</rt></ruby> <ruby>先生<rt>せんせい</rt></ruby>は <ruby>子供<rt>こども</rt></ruby>たちに <ruby>慕<rt>した</rt></ruby>われています。,The children are very attached to the headmaster.,
手拭い,てぬぐい,facecloth; towel,<ruby>汗<rt>あせ</rt></ruby>をかくので <ruby>手拭<rt>てぬぐ</rt></ruby>いを <ruby>首<rt>くび</rt></ruby>に <ruby>巻<rt>ま</rt></ruby>いた。,I put a rolled towel around my neck as I was sweating.,
拭う,ぬぐう,mop; wipe,<ruby>額<rt>がく</rt></ruby>の <ruby>汗<rt>あせ</rt></ruby>をハンカチでぬぐいました。,I wiped the sweat from my face with my handkerchief.,
搾取,さくしゅ,exploitation,<ruby>労働<rt>ろうどう</rt></ruby>の <ruby>搾取<rt>さくしゅ</rt></ruby>を <ruby>許<rt>ゆる</rt></ruby>すべきではない。,The exploitation of labor should not be permitted.,
抑揚,よくよう,intonation,<ruby>日本語<rt>にほんご</rt></ruby>は <ruby>他<rt>た</rt></ruby>の <ruby>言語<rt>げんご</rt></ruby>と <ruby>比<rt>くら</rt></ruby>べると <ruby>抑揚<rt>よくよう</rt></ruby>がない。,In contrast to other languages; Japanese doesn't have intonation.,
くたばる,くたばる,drop dead,あいつもとうとうくたばった。,He is exhausted too.,
摂氏,せっし,centigrade,<ruby>水<rt>みず</rt></ruby>は <ruby>摂氏<rt>せっし</rt></ruby> 100 <ruby>度<rt>ど</rt></ruby>で <ruby>沸騰<rt>ふっとう</rt></ruby>する。,Water boils at 100 degrees C.,
詠む,よむ,compose,<ruby>美<rt>うつく</rt></ruby>しい <ruby>風景<rt>ふうけい</rt></ruby>を <ruby>見<rt>み</rt></ruby>て <ruby>俳句<rt>はいく</rt></ruby>を <ruby>詠<rt>よ</rt></ruby>んだ。,I looked at the beautiful scenery and read some haiku aloud.,
巻き込む,まきこむ,involve; roll,<ruby>友達<rt>ともだち</rt></ruby>をトラブルに <ruby>巻き<ruby>込<rt>まきこ</rt></ruby>んでしまった。,My friend got caught up in some kind of trouble.,
巻き添え,まきぞえ,involvement,<ruby>喧嘩<rt>けんか</rt></ruby>の <ruby>巻き<ruby>添<rt>まきぞ</rt></ruby>えはご <ruby>免<rt>めん</rt></ruby>です。,I am sorry for getting involved in the argument.,
渦巻き,うずまき,coil; whirlpool,そのボートは <ruby>巨大<rt>きょだい</rt></ruby>な <ruby>渦巻<rt>うずま</rt></ruby>きに <ruby>飲み<ruby>込<rt>のみこ</rt></ruby>まれていった。,The boat was swallowed in a huge whirlpool.,
寝巻き,ねまき,pajamas,<ruby>今夜<rt>こんや</rt></ruby>はもう <ruby>寝<rt>ね</rt></ruby> <ruby>巻<rt>ま</rt></ruby>きに <ruby>着替<rt>きが</rt></ruby>えてしまいました。,I have already changed into my pajamas this evening.,
鉢巻,はちまき,headband,リレーの <ruby>選手<rt>せんしゅ</rt></ruby>は <ruby>鉢巻<rt>はちまき</rt></ruby>をしている。,The relay athletes are wearing head bands.,
襟巻き,えりまき,muffler; scarf,この <ruby>襟<rt>えり</rt></ruby> <ruby>巻<rt>ま</rt></ruby>きはとても <ruby>暖<rt>あたた</rt></ruby>かい。,This scarf is very warm.,
ぼやぼや,ぼやぼや,absent-minded,ぼやぼやしていないで <ruby>仕事<rt>しごと</rt></ruby>をしてください。,Stop farting about and get on with some work.,
拳骨,げんこつ,fist,<ruby>怒<rt>おこ</rt></ruby>った <ruby>父<rt>ちち</rt></ruby>にげんこつで <ruby>殴<rt>なぐ</rt></ruby>られた。,I was punched by my angry father.,
陶酔,とうすい,fascination; intoxication,<ruby>彼<rt>かれ</rt></ruby>の <ruby>素晴<rt>すば</rt></ruby>らしい <ruby>歌<rt>うた</rt></ruby>に <ruby>観衆<rt>かんしゅう</rt></ruby>は <ruby>陶酔<rt>とうすい</rt></ruby>した。,The audience was entranced by his wonderful song.,
陳腐,ちんぷ,old-fashioned; trite,<ruby>彼<rt>かれ</rt></ruby>は <ruby>陳腐<rt>ちんぷ</rt></ruby>な <ruby>言い<ruby>訳<rt>いいわけ</rt></ruby>ばかりしている。,He is always giving worn-out excuses.,
静粛,せいしゅく,quiet; silent,<ruby>静粛<rt>せいしゅく</rt></ruby>に <ruby>願<rt>ねが</rt></ruby>います。,Please be quiet.,
執着,しゅうちゃく,attachment; tenacity,<ruby>彼<rt>かれ</rt></ruby>はお <ruby>金<rt>かね</rt></ruby>に <ruby>執着<rt>しゅうちゃく</rt></ruby>している。,He is attached to money.,
執念,しゅうねん,tenacity of purpose; vindictiveness,<ruby>彼<rt>かれ</rt></ruby>の <ruby>勝負<rt>しょうぶ</rt></ruby>にかける <ruby>執念<rt>しゅうねん</rt></ruby>はすごい。,He is obsessed with the competition.,
執る,とる,conduct; transact,<ruby>彼<rt>かれ</rt></ruby>がチームの <ruby>指揮<rt>しき</rt></ruby>を <ruby>執<rt>と</rt></ruby>っている。,He is commanding the team.,
疎ら,まばら,sparse; sparsely,<ruby>午前<rt>ごぜん</rt></ruby> 3 <ruby>時<rt>じ</rt></ruby>は <ruby>人通<rt>ひとどお</rt></ruby>りもまばらだ。,There are few people about at 3am.,
疎遠,そえん,alienation; estrangement,<ruby>最近<rt>さいきん</rt></ruby> <ruby>彼<rt>かれ</rt></ruby>とは <ruby>疎遠<rt>そえん</rt></ruby>になっています。,I hear nothing from him these days.,
ずきずき,ずきずき,throbbing pain,<ruby>頭<rt>あたま</rt></ruby>がずきずきする。,My head is smarting.,
疎外,そがい,alienation; estrangement,<ruby>彼<rt>かれ</rt></ruby>は <ruby>社会<rt>しゃかい</rt></ruby>から <ruby>疎外<rt>そがい</rt></ruby>されている。,He has been alienated by society.,
紙幣,しへい,bank note,ドル <ruby>紙幣<rt>しへい</rt></ruby>を <ruby>円<rt>えん</rt></ruby>に <ruby>両替<rt>りょうがえ</rt></ruby>した。,The dollar bill was exchanged for yen.,
懲りる,こりる,have had enough of; learn a lesson,<ruby>大<rt>だい</rt></ruby> <ruby>失敗<rt>しっぱい</rt></ruby>をして <ruby>懲<rt>こ</rt></ruby>りた。,I have learned from my big mistake.,
郷愁,きょうしゅう,nostalgia,<ruby>私<rt>わたし</rt></ruby>は <ruby>年末<rt>ねんまつ</rt></ruby>になると <ruby>郷愁<rt>きょうしゅう</rt></ruby>にかられる。,I feel nostalgic at the end of the year.,
郷里,きょうり,one's native place,<ruby>彼<rt>かれ</rt></ruby>は <ruby>郷里<rt>きょうり</rt></ruby>の <ruby>母校<rt>ぼこう</rt></ruby>にお <ruby>金<rt>かね</rt></ruby>を <ruby>寄付<rt>きふ</rt></ruby>した。,He contributed money to his old school in his hometown.,
凹む,へこむ,become hollow; get dented; sink,<ruby>車<rt>くるま</rt></ruby>をぶつけてバンパーがへこんでしまった。,I dented the bumper when I crashed my car.,
瓶詰め,びんづめ,bottling,ピクルスの <ruby>瓶詰<rt>びんづ</rt></ruby>めを <ruby>買<rt>か</rt></ruby>った。,I bought a jar of pickles.,
左遷,させん,demotion; relegation,<ruby>彼<rt>かれ</rt></ruby>は <ruby>問題<rt>もんだい</rt></ruby>を <ruby>起<rt>おこ</rt></ruby>して <ruby>左遷<rt>させん</rt></ruby>された。,He was demoted after causing some problems.,
折衷,せっちゅう,compromise,<ruby>両者<rt>りょうしゃ</rt></ruby>は <ruby>折衷<rt>せっちゅう</rt></ruby> <ruby>案<rt>あん</rt></ruby>に <ruby>落ち<ruby>着<rt>おちつ</rt></ruby>いた。,Both parties compromised.,
からりと,からりと,suddenly changed,<ruby>空<rt>そら</rt></ruby>がからりと <ruby>晴<rt>は</rt></ruby>れました。,The sky suddenly cleared up.,
危篤,きとく,on the verge of death,その <ruby>患者<rt>かんじゃ</rt></ruby>は <ruby>危篤<rt>きとく</rt></ruby> <ruby>状態<rt>じょうたい</rt></ruby>だった。,The patient was in critical condition.,
窪み,くぼみ,cavity; hollow; pit,<ruby>道路<rt>どうろ</rt></ruby>のくぼみにつまづいて <ruby>転<rt>ころ</rt></ruby>んだ。,I fell down after stumbling on a pothole in the road.,
親睦,しんぼく,amity; friendliness,<ruby>社員<rt>しゃいん</rt></ruby>の <ruby>親睦<rt>しんぼく</rt></ruby>のために <ruby>宴会<rt>えんかい</rt></ruby>をします。,The reception was held for the employees to socialize.,
おみ籤,おみくじ,written fortune,おみくじを <ruby>引<rt>ひ</rt></ruby>いたら <ruby>吉<rt>きち</rt></ruby>が <ruby>出<rt>で</rt></ruby>た。,I pulled out a fortune card and got &quot;good luck.&quot;,
籤引,くじびき,lottery; tombola,<ruby>商店<rt>しょうてん</rt></ruby> <ruby>街<rt>がい</rt></ruby>のくじ <ruby>引<rt>び</rt></ruby>きでテレビが <ruby>当<rt>あ</rt></ruby>たりました。,I won a TV in the shopping street's lottery.,
尤もらしい,もっともらしい,plausible,<ruby>彼<rt>かれ</rt></ruby>はいつももっともらしい <ruby>話<rt>はなし</rt></ruby>をする。,He always tells convincing stories.,
布巾,ふきん,dishcloth; napkin,ふきんでテーブルを <ruby>拭<rt>ふ</rt></ruby>いて。,Wipe the table with a cloth.,
雑巾,ぞうきん,cleaning cloth; rag,<ruby>雑巾<rt>ぞうきん</rt></ruby>で <ruby>窓<rt>まど</rt></ruby>を <ruby>拭<rt>ふ</rt></ruby>いた。,I wiped the window with a dust cloth.,
俄雨,にわかあめ,shower,<ruby>夕方<rt>ゆうがた</rt></ruby>にわか <ruby>雨<rt>あめ</rt></ruby>が <ruby>降<rt>ふ</rt></ruby>りました。,There was a shower in the evening.,
こしらえる,こしらえる,make; manufacture,<ruby>今日<rt>きょう</rt></ruby>は <ruby>早<rt>はや</rt></ruby>く <ruby>起<rt>お</rt></ruby>きて <ruby>弁当<rt>べんとう</rt></ruby>をこしらえた。,I got up early today to make lunch boxes.,
僻み,ひがみ,bias; warped view,ものごとをいつも <ruby>悪<rt>わる</rt></ruby>く <ruby>受け<ruby>取<rt>うけと</rt></ruby>るのはひがみです。,It is warped to always look on the bad side of things.,
僻む,ひがむ,be jaundiced,<ruby>彼女<rt>かのじょ</rt></ruby>は <ruby>自分<rt>じぶん</rt></ruby>だけ <ruby>誘<rt>さそ</rt></ruby>われなかった <ruby>事<rt>こと</rt></ruby>をひがんだ。,She was jealous because she alone had not been invited.,
冴える,さえる,be clearheaded; be crisp and clear,コーヒーを <ruby>飲<rt>の</rt></ruby>むと <ruby>頭<rt>あたま</rt></ruby>が <ruby>冴<rt>さ</rt></ruby>える。,When you drink coffee; your head becomes clear.,
凌ぐ,しのぐ,endure; surpass,<ruby>観客<rt>かんきゃく</rt></ruby>の <ruby>数<rt>かず</rt></ruby>は <ruby>予想<rt>よそう</rt></ruby>をはるかにしのいだ。,The number of spectators far surpassed expectation.,
剥ぐ,はぐ,peel; strip off,コルクは <ruby>木<rt>き</rt></ruby>の <ruby>皮<rt>かわ</rt></ruby>をはいで <ruby>作<rt>つく</rt></ruby>ります。,Cork is made from bark peeled off trees.,
剥がす,はがす,come off,<ruby>机<rt>つくえ</rt></ruby>に <ruby>貼<rt>は</rt></ruby>ってあるシールをはがしてください。,Please remove the stickers that are stuck to the desk.,
勾配,こうばい,gradient; slope,<ruby>私<rt>わたし</rt></ruby>たちは <ruby>急<rt>きゅう</rt></ruby>な <ruby>勾配<rt>こうばい</rt></ruby>の <ruby>山道<rt>やまみち</rt></ruby>を <ruby>歩<rt>ある</rt></ruby>いた。,We walked on a mountain path with a steep incline.,
仄めかす,ほのめかす,hint,<ruby>彼女<rt>かのじょ</rt></ruby>は <ruby>結婚<rt>けっこん</rt></ruby>を <ruby>両親<rt>りょうしん</rt></ruby>にほのめかした。,She hinted about the marriage to her parents.,
嘲る,あざける,scorn; sneer,<ruby>他人<rt>たにん</rt></ruby>をあざけるのは <ruby>良<rt>よ</rt></ruby>くない。,You should not sneer at others.,
しくじる,しくじる,be dismissed; fail,<ruby>彼<rt>かれ</rt></ruby>は <ruby>仕事<rt>しごと</rt></ruby>にしくじった。,He was dismissed from work.,
咎める,とがめる,blame; reproach,みんな <ruby>口々<rt>くちぐち</rt></ruby>に <ruby>彼<rt>かれ</rt></ruby>の <ruby>行<rt>おこな</rt></ruby>いをとがめた。,Everyone reproached his behavior.,
呪う,のろう,curse; use a charm,<ruby>彼<rt>かれ</rt></ruby>は <ruby>自分<rt>じぶん</rt></ruby>の <ruby>運<rt>うん</rt></ruby>の <ruby>悪<rt>わる</rt></ruby>さをのろった。,He cursed his bad luck.,
吃る,どもる,stutter,<ruby>彼<rt>かれ</rt></ruby>は <ruby>緊張<rt>きんちょう</rt></ruby>のあまりどもった。,He stammered because of nerves.,
妬む,ねたむ,envy,<ruby>友達<rt>ともだち</rt></ruby>の <ruby>成功<rt>せいこう</rt></ruby>をねたんではいけません。,You must not be envious of your friend's success.,
婉曲,えんきょく,euphemistic; roundabout,<ruby>彼女<rt>かのじょ</rt></ruby>は <ruby>彼<rt>かれ</rt></ruby>の <ruby>誘<rt>さそ</rt></ruby>いを <ruby>婉曲<rt>えんきょく</rt></ruby>に <ruby>断<rt>こと</rt></ruby>わった。,She declined his invitation in an indirect way.,
孕む,はらむ,conceive; get pregnant,その <ruby>計画<rt>けいかく</rt></ruby>は <ruby>数々<rt>かずかず</rt></ruby>の <ruby>危険<rt>きけん</rt></ruby>をはらんでいる。,The plan is full of pitfalls.,
宥める,なだめる,calm down; soothe,<ruby>怒<rt>おこ</rt></ruby>った <ruby>彼女<rt>かのじょ</rt></ruby>を <ruby>必死<rt>ひっし</rt></ruby>でなだめました。,I desperately calmed the woman who was angry.,
庇う,かばう,protect; stick up for,<ruby>彼<rt>かれ</rt></ruby>は <ruby>仲間<rt>なかま</rt></ruby>をかばっているようだ。,He seems to be protecting his friend.,
挽肉,ひきにく,ground meat; mince,この <ruby>挽肉<rt>ひきにく</rt></ruby>でハンバーグを <ruby>作<rt>つく</rt></ruby>りましょう。,Let's make hamburgers from this ground meat.,
どよめく,どよめく,resound,<ruby>意外<rt>いがい</rt></ruby>な <ruby>人物<rt>じんぶつ</rt></ruby>の <ruby>登場<rt>とうじょう</rt></ruby>に <ruby>会場<rt>かいじょう</rt></ruby>はどよめいた。,There was a stir in the hall when the person appeared unexpectedly.,
捻挫,ねんざ,sprain,<ruby>転<rt>ころ</rt></ruby>んで <ruby>足首<rt>あしくび</rt></ruby>をねんざしました。,I fell down and sprained my ankle.,
捻じる,ねじる,be twisted; twist,<ruby>体<rt>からだ</rt></ruby>を <ruby>左<rt>ひだり</rt></ruby>にねじってください。,Please twist your body to the left.,
捻じれる,ねじれる,become complicated; get entangled,ネクタイがねじれています。,Your necktie is twisted.,
手摺り,てすり,handrail; railing,<ruby>彼<rt>かれ</rt></ruby>は <ruby>手<rt>て</rt></ruby>すりにつかまって <ruby>階段<rt>かいだん</rt></ruby>を <ruby>降<rt>お</rt></ruby>りた。,He hung on to the handrail and went down the stairs.,
手古摺る,てこずる,not know what to do with,このプロジェクトにはてこずりました。,I had trouble with this project.,
捗る,はかどる,make progress,<ruby>今日<rt>きょう</rt></ruby>は <ruby>仕事<rt>しごと</rt></ruby>がはかどりました。,I made progress at work today.,
惚け,ぼけ,idiot; jet lag,まだ <ruby>時差<rt>じさ</rt></ruby>ぼけが <ruby>取<rt>と</rt></ruby>れません。,I have not recovered from jet lag.,
惚れる,ほれる,admire; be charmed by,<ruby>私<rt>わたし</rt></ruby>は <ruby>彼<rt>かれ</rt></ruby>の <ruby>声<rt>こえ</rt></ruby>に <ruby>惚<rt>ほ</rt></ruby>れました。,I fell in love with his voice.,
ハイウエー,はいうえー,highway,<ruby>空港<rt>くうこう</rt></ruby>まではハイウエーで <ruby>行<rt>い</rt></ruby>きます。,I go to the airport via the highway.,
自惚れ,うぬぼれ,self-conceit; vanity,<ruby>彼<rt>かれ</rt></ruby>はうぬぼれが <ruby>強<rt>つよ</rt></ruby>い。,He is conceited.,
見惚れる,みとれる,be fascinated by; look admiringly at,<ruby>彼女<rt>かのじょ</rt></ruby>があまりに <ruby>美<rt>うつく</rt></ruby>しいので <ruby>見<rt>み</rt></ruby>とれてしまった。,He looked admiringly as she was so beautiful.,
惚ける,とぼける,pretend ignorance,<ruby>彼<rt>かれ</rt></ruby>は <ruby>何<rt>なに</rt></ruby>も <ruby>知<rt>し</rt></ruby>らないととぼけた。,He pretended not to know anything.,
惚ける,ぼける,grow senile,<ruby>祖父<rt>そふ</rt></ruby>は <ruby>少<rt>すこ</rt></ruby>しだけぼけている。,My grandfather has become just a little senile.,
自惚れる,うぬぼれる,be conceited; be vain,うぬぼれるのもいい <ruby>加減<rt>かげん</rt></ruby>にしなさい。,Stop behaving so conceitedly.,
滲む,にじむ,be blurred; run,<ruby>雨<rt>あめ</rt></ruby>に <ruby>濡<rt>ぬ</rt></ruby>れてあて <ruby>名<rt>な</rt></ruby>がにじんでしまった。,The addressee got smudged in the rain.,
洒落る,しゃれる,dress smartly; pun,<ruby>彼女<rt>かのじょ</rt></ruby>は <ruby>洒落<rt>しゃれ</rt></ruby>た <ruby>髪型<rt>かみがた</rt></ruby>をしていた。,She had a very stylish hair-do.,
澱む,よどむ,stagnate,<ruby>池<rt>いけ</rt></ruby>の <ruby>水<rt>みず</rt></ruby>がよどんでいます。,The pond water is stagnant.,
汲み取る,くみとる,drain; take into consideration,<ruby>相手<rt>あいて</rt></ruby>の <ruby>気持<rt>きも</rt></ruby>ちを <ruby>汲み<ruby>取<rt>くみと</rt></ruby>って <ruby>話<rt>はな</rt></ruby>すことが <ruby>大切<rt>たいせつ</rt></ruby>だ。,When you speak; you must take the other party's feelings into consideration.,
しーんと,しーんと,deadly quiet,<ruby>辺<rt>あた</rt></ruby>りはしーんとしていた。,The neighborhood was deathly quiet.,
吹き溜まり,ふきだまり,drift,<ruby>吹き<ruby>溜<rt>ふきだ</rt></ruby>まりに <ruby>落ち<ruby>葉<rt>おちば</rt></ruby>がたまっている。,The fallen leaves have drifted into a pile.,
爺さん,じいさん,gramps; grandpa,じいさんは <ruby>釣<rt>つ</rt></ruby>りに <ruby>出<rt>で</rt></ruby>かけているよ。,My grandfather has gone fishing.,
萎む,しぼむ,wither; wither away,<ruby>庭<rt>にわ</rt></ruby>のバラがしぼんでしまった。,The roses in the garden have withered.,
萎れる,しおれる,wilt; wither,<ruby>赤<rt>あか</rt></ruby>いバラがしおれてしまった。,The red rose has wilted.,
蔓延る,はびこる,grow thick,<ruby>最近<rt>さいきん</rt></ruby>いじめが <ruby>社会<rt>しゃかい</rt></ruby>にはびこっている。,Recently; bullying is rampant in society.,
啓蒙,けいもう,enlightenment,<ruby>学生<rt>がくせい</rt></ruby>たちはその <ruby>本<rt>ほん</rt></ruby>に <ruby>啓蒙<rt>けいもう</rt></ruby>された。,Students were enlightened by the book.,
散蒔く,ばらまく,scatter,メールでウイルスをばらまいたのはこの <ruby>男<rt>おとこ</rt></ruby>です。,It is this man who disseminated the e-mail virus.,
辿る,たどる,follow; trace,<ruby>茶道<rt>さどう</rt></ruby>の <ruby>歴史<rt>れきし</rt></ruby>をたどってみましょう。,Let's trace the history of the tea ceremony.,
這う,はう,crawl; creep,<ruby>毛虫<rt>けむし</rt></ruby>が <ruby>枝<rt>えだ</rt></ruby>をはっている。,The caterpillar is creeping along the branch.,
はぐれる,はぐれる,get lost; stray,<ruby>私<rt>わたし</rt></ruby>は <ruby>父<rt>ちち</rt></ruby>とはぐれてしまいました。,I am estranged from my father.,
隈なく,くまなく,every nook and cranny,<ruby>会場<rt>かいじょう</rt></ruby>をくまなく <ruby>見<rt>み</rt></ruby>て <ruby>回<rt>まわ</rt></ruby>りました。,I checked the hall thoroughly.,
悉く,ことごとく,completely; entirely,<ruby>彼<rt>かれ</rt></ruby>の <ruby>作品<rt>さくひん</rt></ruby>はことごとくヒットする。,All his works have been popular.,
暈す,ぼかす,make out of focus,<ruby>写真<rt>しゃしん</rt></ruby>のふちをぼかしてみましょう。,Let's shade off the edges of the photograph.,
暈ける,ぼける,be out of focus,この <ruby>写真<rt>しゃしん</rt></ruby>はピントがぼけていますね。,The photograph was out of focus.,
晒す,さらす,rinse; wash,<ruby>刻<rt>きざ</rt></ruby>んだキャベツを <ruby>水<rt>みず</rt></ruby>にさらします。,Rinse the sliced cabbage.,
爪楊枝,つまようじ,toothpick,<ruby>私<rt>わたし</rt></ruby>の <ruby>母<rt>はは</rt></ruby>は <ruby>食事<rt>しょくじ</rt></ruby>の <ruby>後<rt>あと</rt></ruby>はいつでもつまようじを <ruby>使<rt>つか</rt></ruby>います。,After eating; my mother always cleans her teeth with a toothpick.,
金槌,かなづち,hammer,かなづちを <ruby>持<rt>も</rt></ruby>ってきて。,Bring me a hammer.,
椀ぐ,もぐ,pick; pluck,<ruby>枝<rt>えだ</rt></ruby>からリンゴをもいだ。,I plucked the apple from the branch.,
お椀,おわん,bowl,おわんに <ruby>味噌汁<rt>みそしる</rt></ruby>をつぎました。,The miso soup was served into the bowls.,
だらだらする,だらだらする,be inefficient; idle away,<ruby>休<rt>やす</rt></ruby>みの <ruby>日<rt>ひ</rt></ruby>は <ruby>家<rt>いえ</rt></ruby>でだらだらしています。,On days off; I hang around at home.,
杜撰,ずさん,careless; slipshod,<ruby>経営<rt>けいえい</rt></ruby>がずさんだったため <ruby>会社<rt>かいしゃ</rt></ruby>は <ruby>倒産<rt>とうさん</rt></ruby>した。,The company went bankrupt because of careless management.,
楯突く,たてつく,defy; rebel,<ruby>先生<rt>せんせい</rt></ruby>に <ruby>楯突<rt>たてつ</rt></ruby>くなんて <ruby>生意気<rt>なまいき</rt></ruby>だ。,It is insolent to defy the teacher.,
楕円形,だえんけい,oval,<ruby>楕円<rt>だえん</rt></ruby> <ruby>形<rt>けい</rt></ruby>の <ruby>物体<rt>ぶったい</rt></ruby>が <ruby>空<rt>そら</rt></ruby>を <ruby>飛<rt>と</rt></ruby>んでいる。,An oval object is flying in the sky.,
煽る,あおる,fan; flap; stir up,<ruby>旗<rt>はた</rt></ruby>が <ruby>風<rt>かぜ</rt></ruby>にあおられています。,The flag is fluttering in the wind.,
煉瓦,れんが,brick,この <ruby>家<rt>いえ</rt></ruby>の <ruby>壁<rt>かべ</rt></ruby>はれんができています。,The walls of this house are made of brick.,
弄る,いじる,finger; play with,<ruby>彼<rt>かれ</rt></ruby>は <ruby>釣<rt>つ</rt></ruby>り <ruby>道具<rt>どうぐ</rt></ruby>をいじっています。,He is fiddling with the fishing gear.,
瑞々しい,みずみずしい,fresh-looking; young and fresh,<ruby>彼<rt>かれ</rt></ruby>はみずみずしい <ruby>感性<rt>かんせい</rt></ruby>の <ruby>持ち<ruby>主<rt>もちぬし</rt></ruby>だ。,He has fresh and young sensibilities.,
歯痒い,はがゆい,be irritating,<ruby>実力<rt>じつりょく</rt></ruby>を <ruby>出<rt>だ</rt></ruby>せなくてはがゆい <ruby>思<rt>おも</rt></ruby>いをした。,I was annoyed because I couldn't show my true ability.,
禿げる,はげる,grow bald; lose hair,<ruby>祖父<rt>そふ</rt></ruby>ははげています。,My grandfather is going bald.,
ばてる,ばてる,exhausted; tire out,<ruby>暑<rt>あつ</rt></ruby>さでばてないように <ruby>気<rt>き</rt></ruby>をつけてください。,Please be careful of heat exhaustion.,
見窄らしい,みすぼらしい,poor-looking; shabby,<ruby>彼<rt>かれ</rt></ruby>はみすぼらしい <ruby>格好<rt>かっこう</rt></ruby>で <ruby>歩<rt>ある</rt></ruby>いていた。,He looked down at heel as he walked.,
袴,はかま,hakama,<ruby>友人<rt>ゆうじん</rt></ruby>は <ruby>卒業<rt>そつぎょう</rt></ruby> <ruby>式<rt>しき</rt></ruby>にはかまをはいて <ruby>来<rt>き</rt></ruby>た。,My friend came to the graduation ceremony wearing a traditional Japanese hakama.,
暖簾,のれん,credit; shop curtain,<ruby>居酒屋<rt>いざかや</rt></ruby>ののれんをくぐった。,I ducked under the curtain hanging outside the tavern.,
耽る,ふける,indulge; wallow in,<ruby>彼<rt>かれ</rt></ruby>は<ruby>一 <ruby>日<rt>にち</rt></ruby> <ruby>中<rt>じゅう</rt></ruby> <ruby>物思<rt>ものおも</rt></ruby>いに <ruby>耽<rt>ふけ</rt></ruby>っていた。,He indulged in day dreaming all day.,
罵る,ののしる,abuse; speak ill of,<ruby>喧嘩<rt>けんか</rt></ruby> <ruby>中<rt>ちゅう</rt></ruby> <ruby>妻<rt>つま</rt></ruby>にひどくののしられた。,I suffered my wife's terrible verbal abuse when we were fighting.,
諄い,くどい,importunate; tedious,<ruby>彼<rt>かれ</rt></ruby>の <ruby>話<rt>はなし</rt></ruby>はくどい。,He is long-winded.,
詫び,わび,apology,<ruby>彼<rt>かれ</rt></ruby>はお <ruby>詫<rt>わ</rt></ruby>びの <ruby>手紙<rt>てがみ</rt></ruby>を <ruby>書<rt>か</rt></ruby>いた。,He wrote a letter of apology.,
跨がる,またがる,straddle,<ruby>魔女<rt>まじょ</rt></ruby>はほうきにまたがり <ruby>空<rt>そら</rt></ruby>へ <ruby>飛<rt>と</rt></ruby>んでいった。,The witch straddled the broom and flew into the sky.,
跨ぐ,またぐ,overpass; step over,<ruby>水<rt>みず</rt></ruby>たまりをまたいだ。,I stepped over the puddle.,
がぶりと,がぶりと,with relish,<ruby>彼<rt>かれ</rt></ruby>はスイカにがぶりとかぶりついた。,He sank his teeth into the watermelon.,
跪く,ひざまずく,kneel down,<ruby>試合<rt>しあい</rt></ruby>に <ruby>負<rt>ま</rt></ruby>けて <ruby>彼<rt>かれ</rt></ruby>はグランドにひざまずいた。,After losing the match; he fell to his knees on the pitch.,
覚醒剤,かくせいざい,stimulant,<ruby>覚醒剤<rt>かくせいざい</rt></ruby>を <ruby>厳<rt>きび</rt></ruby>しく <ruby>取り<ruby>締<rt>とりし</rt></ruby>まる <ruby>必要<rt>ひつよう</rt></ruby>がある。,It is necessary to control stimulants carefully.,
鋸,のこぎり,handsaw; saw,のこぎりで <ruby>丸太<rt>まるた</rt></ruby>を <ruby>切<rt>き</rt></ruby>った。,I cut the log with a saw.,
錨,いかり,anchor; cable,<ruby>船<rt>ふね</rt></ruby>は <ruby>港<rt>みなと</rt></ruby>にいかりを <ruby>下<rt>お</rt></ruby>ろしました。,The ship dropped anchor in the port.,
霞む,かすむ,have dim sight; haze,<ruby>疲<rt>つか</rt></ruby>れ <ruby>目<rt>め</rt></ruby>で <ruby>目<rt>め</rt></ruby>が <ruby>霞<rt>かす</rt></ruby>む。,My eyes are itchy with tiredness.,
頬っぺた,ほっぺた,cheek,<ruby>寒<rt>さむ</rt></ruby>くてほっぺたが <ruby>真っ<ruby>赤<rt>まっか</rt></ruby>です。,Her cheeks are red with cold.,
蝕む,むしばむ,eat into; undermine,<ruby>彼女<rt>かのじょ</rt></ruby>の <ruby>体<rt>からだ</rt></ruby>はガンにむしばまれている。,Her body is being eaten away by cancer.,
馴れ馴れしい,なれなれしい,familiar,<ruby>彼<rt>かれ</rt></ruby>はずいぶんなれなれしい <ruby>口<rt>くち</rt></ruby>のききかたをする。,He talks in an over-familiar way.,
鰯,いわし,sardine,いわしの <ruby>刺し<ruby>身<rt>さしみ</rt></ruby>を <ruby>食<rt>た</rt></ruby>べたことがありますか。,Did you ever eat sardine sashimi?,
まごつく,まごつく,be flustered,<ruby>彼女<rt>かのじょ</rt></ruby>は <ruby>人<rt>ひと</rt></ruby>ごみの <ruby>中<rt>なか</rt></ruby>でまごついた。,She got flustered in the crowd of people.,
出鱈目,でたらめ,haphazard; random,あの <ruby>人<rt>ひと</rt></ruby>の <ruby>話<rt>はなし</rt></ruby>はでたらめです。,He talks baloney.,
遡る,さかのぼる,go back over,ことの <ruby>始<rt>はじ</rt></ruby>まりは 200 <ruby>年<rt>ねん</rt></ruby> <ruby>前<rt>まえ</rt></ruby>に <ruby>遡<rt>さかのぼ</rt></ruby>る。,The beginning of the story goes back 200 years.,
颯爽と,さっそうと,dashing; smart,モデルたちはショーでさっそうと <ruby>歩<rt>ある</rt></ruby>いた。,The models strutted at the show.,
御輿,みこし,portable shrine; sacred palanquin,<ruby>祭<rt>まつ</rt></ruby>りでみこしを <ruby>担<rt>かつ</rt></ruby>いだことがあります。,I have carried the portable shrine on my shoulders during a festival before.,
骸骨,がいこつ,skeleton,その <ruby>山林<rt>さんりん</rt></ruby>で <ruby>骸骨<rt>がいこつ</rt></ruby>が <ruby>発見<rt>はっけん</rt></ruby>された。,A skeleton was discovered in the forest.,
亡骸,なきがら,corpse; remains,<ruby>小鳥<rt>ことり</rt></ruby>のなきがらを <ruby>木<rt>き</rt></ruby>の <ruby>根元<rt>ねもと</rt></ruby>に <ruby>埋<rt>う</rt></ruby>めました。,I buried the remains of the small bird under the root of the tree.,
夥しい,おびただしい,large quantity of,<ruby>連休<rt>れんきゅう</rt></ruby> <ruby>中<rt>ちゅう</rt></ruby>はおびただしい <ruby>混雑<rt>こんざつ</rt></ruby>が <ruby>予想<rt>よそう</rt></ruby>されています。,Massive traffic jams are expected during the holiday period.,
薩摩芋,さつまいも,sweet potato,オーブンでさつま <ruby>芋<rt>いも</rt></ruby>を <ruby>焼<rt>や</rt></ruby>いた。,We baked sweet potatoes in the oven.,
こちこち,こちこち,frightened,<ruby>私<rt>わたし</rt></ruby>は <ruby>緊張<rt>きんちょう</rt></ruby>してこちこちだった。,I was stiff with nerves.,
釈迦,しゃか,Lord Buddha; Sakyamuni,<ruby>釈迦<rt>しゃか</rt></ruby>はインドで <ruby>生<rt>う</rt></ruby>まれた。,Lord Buddha was born in India.,
逞しい,たくましい,brawny; robust,<ruby>最近<rt>さいきん</rt></ruby>の <ruby>女性<rt>じょせい</rt></ruby>はたくましい。,Modern women are tough.,
躊躇う,ためらう,hesitate; waver,<ruby>彼<rt>かれ</rt></ruby>は <ruby>本当<rt>ほんとう</rt></ruby>のことを <ruby>話<rt>はな</rt></ruby>すのをためらった。,He hesitated to speak the truth.,
閏年,うるうどし,leap year,オリンピックはうるう <ruby>年<rt>どし</rt></ruby>に <ruby>開催<rt>かいさい</rt></ruby>されます。,The Olympics takes place every four years.,
掬う,すくう,scoop; spoon,<ruby>彼女<rt>かのじょ</rt></ruby>は <ruby>生クリーム<rt>なまくりーむ</rt></ruby>をスプーンですくった。,She scooped the whipped cream with a spoon.,
佇む,たたずむ,stand still,<ruby>彼女<rt>かのじょ</rt></ruby>は <ruby>浜辺<rt>はまべ</rt></ruby>にたたずんだ。,She paused on the beach.,
俯せ,うつぶせ,face down,ここにうつぶせになってください。,Please lie face down here.,
儚い,はかない,ephemeral; evanescent; fleeting,あれははかない <ruby>恋<rt>こい</rt></ruby>でした。,That was a short-lived affair.,
几帳面,きちょうめん,exact; precise,<ruby>彼女<rt>かのじょ</rt></ruby>はきちょうめんな <ruby>性格<rt>せいかく</rt></ruby>です。,She is meticulous.,
がたんと,がたんと,nosedive; with a crash,<ruby>成績<rt>せいせき</rt></ruby>ががたんと <ruby>落<rt>お</rt></ruby>ちてがっかりした。,I was disappointed because my results dropped suddenly.,
凭れる,もたれる,lean; rely,<ruby>彼女<rt>かのじょ</rt></ruby>は <ruby>彼<rt>かれ</rt></ruby>にもたれた。,She leaned on him.,
唸る,うなる,groan; growl,<ruby>彼女<rt>かのじょ</rt></ruby>は <ruby>痛<rt>いた</rt></ruby>みのあまりうなっていた。,She was groaning in pain.,
比喩,ひゆ,metaphor; simile,<ruby>先生<rt>せんせい</rt></ruby>は <ruby>比喩<rt>ひゆ</rt></ruby>を <ruby>使<rt>つか</rt></ruby>って <ruby>説明<rt>せつめい</rt></ruby>してくれた。,The teacher explained by using a metaphor.,
囀る,さえずる,twitter,<ruby>小鳥<rt>ことり</rt></ruby>が <ruby>木<rt>き</rt></ruby>の <ruby>枝<rt>えだ</rt></ruby>でさえずっています。,The small bird is singing on the tree branch.,
奢る,おごる,be extravagant; treat,<ruby>彼<rt>かれ</rt></ruby>のおごった <ruby>態度<rt>たいど</rt></ruby>が <ruby>嫌<rt>きら</rt></ruby>いです。,I hate his angry attitude.,
彷徨う,さまよう,roam; wander,<ruby>彼<rt>かれ</rt></ruby>は <ruby>生死<rt>せいし</rt></ruby>の <ruby>境<rt>さかい</rt></ruby>をさまよった。,He hovered between life and death.,
揉める,もめる,disagree,<ruby>課長<rt>かちょう</rt></ruby>と <ruby>少<rt>すこ</rt></ruby>しもめています。,I always get into trouble with the section manager.,
楷書,かいしょ,printed style of Chinese characters,<ruby>履歴<rt>りれき</rt></ruby> <ruby>書<rt>しょ</rt></ruby>は <ruby>楷書<rt>かいしょ</rt></ruby>で <ruby>書<rt>か</rt></ruby>いてください。,Please write your resume in block style characters.,
鬱陶しい,うっとうしい,depressing; dull,<ruby>梅雨<rt>つゆ</rt></ruby> <ruby>時<rt>どき</rt></ruby>はうっとうしい。,It is gloomy in the rainy season.,
じろり,じろり,glancing look,その <ruby>男<rt>おとこ</rt></ruby>は <ruby>彼女<rt>かのじょ</rt></ruby>をじろりと <ruby>見<rt>み</rt></ruby>た。,The man glanced at her.,
浚う,さらう,dredge,<ruby>警察<rt>けいさつ</rt></ruby>は <ruby>川<rt>かわ</rt></ruby>をさらって <ruby>遺体<rt>いたい</rt></ruby>を <ruby>捜<rt>さが</rt></ruby>している。,The police are dredging the river looking for remains.,
涎,よだれ,slaver; slobber,<ruby>犬<rt>いぬ</rt></ruby>がよだれをたらしている。,The dog is drooling.,
灌漑,かんがい,irrigation,<ruby>家<rt>いえ</rt></ruby>の <ruby>近<rt>ちか</rt></ruby>くに<ruby>灌漑 <ruby>用水<rt>ようすい</rt></ruby>があります。,There is irrigation water near the house.,
煌びやか,きらびやか,dazzling; gaudy,その <ruby>女優<rt>じょゆう</rt></ruby>はきらびやかな <ruby>衣装<rt>いしょう</rt></ruby>を <ruby>好<rt>この</rt></ruby>むことで <ruby>有名<rt>ゆうめい</rt></ruby>だ。,The actress is famous because she likes gorgeous clothes.,
窶れる,やつれる,be wasted; be worn out,<ruby>彼女<rt>かのじょ</rt></ruby>は <ruby>随分<rt>ずいぶん</rt></ruby>とやつれていた。,She was exhausted.,
籠もる,こもる,hide away,<ruby>父<rt>ちち</rt></ruby>は <ruby>朝<rt>あさ</rt></ruby>から <ruby>書斎<rt>しょさい</rt></ruby>にこもっています。,Father has shut himself up in the study since the morning.,
絨緞,じゅうたん,carpet,ペルシャじゅうたんは <ruby>高価<rt>こうか</rt></ruby>です。,A Persian carpet is expensive.,
見縊る,みくびる,look down on,<ruby>友人<rt>ゆうじん</rt></ruby>は <ruby>私<rt>わたし</rt></ruby>をみくびっていた。,My friend was running me down.,
縋る,すがる,cling,その <ruby>子<rt>こ</rt></ruby>は <ruby>父親<rt>ちちおや</rt></ruby>に <ruby>行<rt>い</rt></ruby>かないでとすがった。,The child begged her father not to go.,
どたどた,どたどた,clomping; tramping,<ruby>子供<rt>こども</rt></ruby>たちが <ruby>家<rt>いえ</rt></ruby>の <ruby>中<rt>なか</rt></ruby>をどたどた <ruby>歩き<ruby>回<rt>あるきまわ</rt></ruby>った。,The children pattered around the house.,
縺れる,もつれる,become tangled,<ruby>彼<rt>かれ</rt></ruby>は <ruby>酔<rt>よ</rt></ruby>って <ruby>舌<rt>した</rt></ruby>がもつれている。,He is drunk and slurring his words.,
聊か,いささか,bit; somewhat,その <ruby>話<rt>はなし</rt></ruby>はいささかオーバーです。,The story is somewhat exaggerated.,
辻褄,つじつま,consistency,<ruby>二人<rt>ふたり</rt></ruby>の <ruby>話<rt>はなし</rt></ruby>はつじつまがあわない。,The two people's stories don't add up.,
褪せる,あせる,fade; go off,その <ruby>本<rt>ほん</rt></ruby>の <ruby>表紙<rt>ひょうし</rt></ruby>は <ruby>色<rt>いろ</rt></ruby>があせています。,The colors on the cover of this book have faded.,
訛り,なまり,accent,<ruby>彼女<rt>かのじょ</rt></ruby>の <ruby>英語<rt>えいご</rt></ruby>にはオーストラリアなまりがある。,Her English has an Australian accent.,
誂える,あつらえる,order; place and order,<ruby>彼<rt>かれ</rt></ruby>はデパートでスーツをあつらえた。,He ordered the suit at the department store.,
謳う,うたう,express; stipulate,その <ruby>製品<rt>せいひん</rt></ruby>は「 <ruby>地球<rt>ちきゅう</rt></ruby>に <ruby>優<rt>やさ</rt></ruby>しい」とうたっている。,The product boasts that it is &quot;environmentally friendly.&quot;,
貪欲,どんよく,avarice; greed,<ruby>彼<rt>かれ</rt></ruby>は <ruby>仕事<rt>しごと</rt></ruby>に <ruby>貪欲<rt>どんよく</rt></ruby>だ。,He is ambitious at work.,
貪る,むさぼる,be greedy; covet,<ruby>彼<rt>かれ</rt></ruby>はむさぼるように <ruby>水<rt>みず</rt></ruby>を <ruby>飲<rt>の</rt></ruby>んだ。,He drank the water greedily.,
なら,なら,if; if so,あなたがそういうなら、それでいい。,That's okay; if you say so.,
貶す,けなす,look down on; speak ill,<ruby>自分<rt>じぶん</rt></ruby>の <ruby>作品<rt>さくひん</rt></ruby>をけなされてがっかりした。,I was disappointed because my work was spoken ill of.,
贔屓,ひいき,favoritism,<ruby>先生<rt>せんせい</rt></ruby>は <ruby>彼<rt>かれ</rt></ruby>をひいきしています。,The teacher favors him.,
蹌踉めく,よろめく,stagger,<ruby>彼女<rt>かのじょ</rt></ruby>は <ruby>石<rt>いし</rt></ruby>につまづいてよろめいた。,She tripped on a stone and staggered.,
蹲る,うずくまる,crouch; squat,<ruby>彼<rt>かれ</rt></ruby>は <ruby>痛<rt>いた</rt></ruby>みのあまりうずくまった。,He crouched down as the pain was too much for him.,
躱わす,かわす,exchange,<ruby>彼<rt>かれ</rt></ruby>はさっと <ruby>身<rt>み</rt></ruby>をかわした。,He stepped aside quickly.,
銜える,くわえる,grasp in the mouth,<ruby>鳥<rt>とり</rt></ruby>が <ruby>小<rt>こ</rt></ruby> <ruby>枝<rt>えだ</rt></ruby>をくわえて <ruby>飛<rt>と</rt></ruby>んでいった。,The bird was flying with a twig in its mouth.,
餡こ,あんこ,anko; red bean jam,あんこの <ruby>入<rt>はい</rt></ruby>ったお <ruby>菓子<rt>かし</rt></ruby>を <ruby>食<rt>た</rt></ruby>べました。,I ate a cake containing anko.,
飢饉,ききん,famine,その <ruby>国<rt>くに</rt></ruby>では <ruby>飢饉<rt>ききん</rt></ruby>は <ruby>深刻<rt>しんこく</rt></ruby>な <ruby>問題<rt>もんだい</rt></ruby>だ。,The famine is a serious problem in that country.,
靡く,なびく,flutter,<ruby>旗<rt>はた</rt></ruby>が <ruby>風<rt>かぜ</rt></ruby>になびいている。,The flag is fluttering in the breeze.,
黴,かび,mold; mould,パンにかびが <ruby>生<rt>は</rt></ruby>えています。,The bread is moldy.,