これ,これ,this; this one,これをください。,I'll have this please.
一つ,ひとつ,one (thing),それを <ruby>一<rt>ひと</rt></ruby>つください。,Please give me one of those.
一,いち,one,<ruby>一<rt>いち</rt></ruby>から <ruby>始<rt>はじ</rt></ruby>めましょう。,Let's start from scratch.
二,に,two,その <ruby>人<rt>ひと</rt></ruby>には <ruby>二<rt>に</rt></ruby> <ruby>回<rt>かい</rt></ruby> <ruby>会<rt>あ</rt></ruby>った。,I met that person twice.
二つ,ふたつ,two (things),ソフトクリームを <ruby>二<rt>ふた</rt></ruby>つください。,Can I get two ice cream cones?
三,さん,three,<ruby>彼女<rt>かのじょ</rt></ruby>は <ruby>三<rt>さん</rt></ruby> <ruby>人<rt>にん</rt></ruby>の <ruby>子供<rt>こども</rt></ruby>の <ruby>母親<rt>ははおや</rt></ruby>だ。,She's a mother of three children.
それ,それ,that; that one,それはとってもいい <ruby>話<rt>はなし</rt></ruby>だ。,That's a really nice story.
三つ,みっつ,three (things),コップを <ruby>三<rt>みっ</rt></ruby>つ <ruby>買<rt>か</rt></ruby>いました。,I bought three glasses.
四,よん,four (Japanese origin),ハワイは <ruby>四<rt>よん</rt></ruby> <ruby>回<rt>かい</rt></ruby> <ruby>目<rt>め</rt></ruby>です。,This is my fourth trip to Hawaii.
四つ,よっつ,four (things),<ruby>私<rt>わたし</rt></ruby>は <ruby>腕時計<rt>うでどけい</rt></ruby>を <ruby>四<rt>よっ</rt></ruby>つ <ruby>持<rt>も</rt></ruby>っています。,I have four wristwatches.
四,し,four (Chinese origin),<ruby>四<rt>し</rt></ruby> <ruby>月<rt>がつ</rt></ruby>に <ruby>大学<rt>だいがく</rt></ruby>に <ruby>入学<rt>にゅうがく</rt></ruby>しました。,I entered college in April.
五,ご,five,<ruby>五<rt>ご</rt></ruby> <ruby>人<rt>にん</rt></ruby>で <ruby>旅行<rt>りょこう</rt></ruby>に <ruby>行<rt>い</rt></ruby>きました。,Five of us went on a trip.
いつ,いつ,when,<ruby>彼女<rt>かのじょ</rt></ruby>はいつ <ruby>来<rt>き</rt></ruby>ますか。,When is she coming?
五つ,いつつ,five (things),<ruby>桃<rt>もも</rt></ruby>を <ruby>五<rt>いつ</rt></ruby>つください。,I'd like five peaches; please.
六,ろく,six,<ruby>彼<rt>かれ</rt></ruby>には <ruby>子供<rt>こども</rt></ruby>が <ruby>六<rt>ろく</rt></ruby> <ruby>人<rt>にん</rt></ruby>います。,He has six children.
六つ,むっつ,six (things),<ruby>息子<rt>むすこ</rt></ruby>は <ruby>六<rt>むっ</rt></ruby>つになりました。,My son turned six.
七,なな,seven (Japanese origin),バナナが <ruby>七<rt>なな</rt></ruby> <ruby>本<rt>ほん</rt></ruby>あります。,There are seven bananas.
七つ,ななつ,seven (things),この <ruby>子<rt>こ</rt></ruby>は <ruby>今年<rt>ことし</rt></ruby> <ruby>七<rt>なな</rt></ruby>つになります。,This kid is turning seven this year.
七,しち,seven (Chinese origin),そのグループのメンバーは <ruby>全部<rt>ぜんぶ</rt></ruby>で <ruby>七<rt>しち</rt></ruby> <ruby>人<rt>にん</rt></ruby>だ。,In total; there are seven members in the group.
八,はち,eight,りんごを <ruby>八<rt>はち</rt></ruby> <ruby>個<rt>こ</rt></ruby>ください。,Please give me eight apples.
八つ,やっつ,eight (things),あの <ruby>家<rt>いえ</rt></ruby>には <ruby>時計<rt>とけい</rt></ruby>が <ruby>八<rt>やっ</rt></ruby>つあります。,There are eight clocks in that house.
九,きゅう,nine,<ruby>野球<rt>やきゅう</rt></ruby>は <ruby>九<rt>きゅう</rt></ruby> <ruby>人<rt>にん</rt></ruby>で１チームです。,In baseball there are nine people on one team.
九つ,ここのつ,nine (things),<ruby>娘<rt>むすめ</rt></ruby>は <ruby>明日<rt>あす</rt></ruby> <ruby>九<rt>ここの</rt></ruby>つになります。,My daughter's turning nine tomorrow.
九,く,nine,<ruby>私<rt>わたし</rt></ruby>は <ruby>九<rt>く</rt></ruby> <ruby>月<rt>がつ</rt></ruby>に <ruby>行<rt>い</rt></ruby>く <ruby>予定<rt>よてい</rt></ruby>です。,I'm planning to go there in September.
十,じゅう,ten,その <ruby>子<rt>こ</rt></ruby>は <ruby>指<rt>ゆび</rt></ruby>で <ruby>十<rt>じゅう</rt></ruby> <ruby>数<rt>かぞ</rt></ruby>えました。,The child counted to ten on her fingers.
百,ひゃく,hundred,<ruby>私<rt>わたし</rt></ruby>の <ruby>祖母<rt>そぼ</rt></ruby>は <ruby>百<rt>ひゃく</rt></ruby> <ruby>才<rt>さい</rt></ruby>です。,My grandmother is 100 years old.
千,せん,thousand,<ruby>千<rt>せん</rt></ruby> <ruby>円<rt>えん</rt></ruby> <ruby>貸<rt>か</rt></ruby>してください。,Please lend me 1000 yen.
万,まん,ten thousand,この <ruby>靴<rt>くつ</rt></ruby>は１ <ruby>万<rt>まん</rt></ruby> <ruby>円<rt>えん</rt></ruby>です。,These shoes are ten thousand yen.
円,えん,Japanese yen,カレーライスは７００ <ruby>円<rt>えん</rt></ruby>です。,The curry and rice is 700 yen.
円,えん,circle,そこに <ruby>大<rt>おお</rt></ruby>きな <ruby>円<rt>えん</rt></ruby>を <ruby>描<rt>か</rt></ruby>いて。,Draw a big circle there.
時,とき,time; moment,<ruby>時<rt>とき</rt></ruby>の <ruby>経<rt>た</rt></ruby>つのは <ruby>早<rt>はや</rt></ruby>い。,Time flies.
日,にち,counter for days,<ruby>私<rt>わたし</rt></ruby>たちは <ruby>先月<rt>せんげつ</rt></ruby>１１ <ruby>日<rt>にち</rt></ruby>に <ruby>結婚<rt>けっこん</rt></ruby>しました。,We got married on the 11th last month.
あと,あと,after,<ruby>仕事<rt>しごと</rt></ruby>のあと、 <ruby>映画<rt>えいが</rt></ruby>を <ruby>見<rt>み</rt></ruby>た。,I saw a movie after work.
六日,むいか,six days; sixth of the month,<ruby>六日<rt>むいか</rt></ruby> <ruby>前<rt>まえ</rt></ruby>に <ruby>日本<rt>にほん</rt></ruby>に <ruby>帰<rt>かえ</rt></ruby>ってきました。,I came back to Japan six days ago.
五日,いつか,five days; fifth of the month,<ruby>五月<rt>ごがつ</rt></ruby> <ruby>五日<rt>いつか</rt></ruby>は <ruby>祝日<rt>しゅくじつ</rt></ruby>です。,May 5th is a holiday.
八日,ようか,eight days; eighth of the month,<ruby>八日<rt>ようか</rt></ruby>からイギリスに <ruby>行<rt>い</rt></ruby>きます。,I will go to England on the eighth.
二十日,はつか,20 days; 20th of the month,<ruby>来月<rt>らいげつ</rt></ruby>の <ruby>二十日<rt>はつか</rt></ruby>は <ruby>弟<rt>おとうと</rt></ruby>の <ruby>誕生日<rt>たんじょうび</rt></ruby>です。,The 20th of next month is my little brother's birthday.
二日,ふつか,two days; second of the month,<ruby>私<rt>わたし</rt></ruby>は <ruby>二日<rt>ふつか</rt></ruby> <ruby>待<rt>ま</rt></ruby>った。,I waited two days.
三日,みっか,three days; third of the month,<ruby>手紙<rt>てがみ</rt></ruby>が <ruby>届<rt>とど</rt></ruby>くのに <ruby>三日<rt>みっか</rt></ruby>かかりました。,It took three days for the letter to arrive.
十日,とおか,ten days; tenth of the month,<ruby>十日<rt>とおか</rt></ruby> <ruby>後<rt>ご</rt></ruby>に <ruby>帰<rt>かえ</rt></ruby>ります。,I'll be back in ten days.
一日,ついたち,first of the month,<ruby>来月<rt>らいげつ</rt></ruby>の <ruby>一日<rt>ついたち</rt></ruby>は <ruby>空<rt>あ</rt></ruby>いていますか。,Are you available on the first of next month?
九日,ここのか,nine days; ninth of the month,<ruby>九日<rt>ここのか</rt></ruby>に <ruby>荷物<rt>にもつ</rt></ruby>が <ruby>届<rt>とど</rt></ruby>きます。,The package will arrive on the ninth.
四日,よっか,four days; fourth of the month,<ruby>新<rt>しん</rt></ruby> <ruby>学期<rt>がっき</rt></ruby>は <ruby>来月<rt>らいげつ</rt></ruby>の <ruby>四日<rt>よっか</rt></ruby>からです。,The new school term starts on the fourth of next month.
七日,なのか,seven days; seventh of the month,<ruby>先月<rt>せんげつ</rt></ruby>の <ruby>七日<rt>なのか</rt></ruby>に <ruby>孫<rt>まご</rt></ruby>が <ruby>生<rt>う</rt></ruby>まれました。,My grandchild was born on the seventh of last month.
日時,にちじ,date and time,<ruby>試写<rt>ししゃ</rt></ruby> <ruby>会<rt>かい</rt></ruby>の <ruby>日時<rt>にちじ</rt></ruby>を <ruby>教<rt>おし</rt></ruby>えてください。,Please tell me the date of the sneak preview.
月,つき,moon,<ruby>今夜<rt>こんや</rt></ruby>は <ruby>月<rt>つき</rt></ruby>がとてもきれいです。,The moon looks so beautiful tonight.
火,ひ,fire,<ruby>火<rt>ひ</rt></ruby>を <ruby>消<rt>け</rt></ruby>して。,Put out the fire.
水,みず,water,<ruby>水<rt>みず</rt></ruby>を <ruby>一杯<rt>いっぱい</rt></ruby>ください。,Please give me a glass of water.
木,き,tree; wood,<ruby>台風<rt>たいふう</rt></ruby>で <ruby>木<rt>き</rt></ruby>が <ruby>倒<rt>たお</rt></ruby>れた。,A tree fell down in the typhoon.
金,かね,money,これはかなり <ruby>金<rt>かね</rt></ruby>がかかった。,This cost quite a lot of money.
日曜日,にちようび,Sunday,<ruby>日曜日<rt>にちようび</rt></ruby>は <ruby>海<rt>うみ</rt></ruby>に <ruby>行<rt>い</rt></ruby>きました。,We went to the beach on Sunday.
土曜日,どようび,Saturday,<ruby>土曜日<rt>どようび</rt></ruby>の <ruby>夜<rt>よる</rt></ruby>はクラブに <ruby>行<rt>い</rt></ruby>きます。,I'm going to a club Saturday night.
金曜日,きんようび,Friday,<ruby>金曜日<rt>きんようび</rt></ruby>の <ruby>夜<rt>よる</rt></ruby>は <ruby>友達<rt>ともだち</rt></ruby>と <ruby>出<rt>で</rt></ruby>かけます。,I go out with my friends on Friday nights.
月曜日,げつようび,Monday,<ruby>月曜日<rt>げつようび</rt></ruby>に <ruby>会<rt>あ</rt></ruby>いましょう。,Let's meet on Monday.
木曜日,もくようび,Thursday,<ruby>木曜日<rt>もくようび</rt></ruby>は <ruby>仕事<rt>しごと</rt></ruby>が <ruby>休<rt>やす</rt></ruby>みです。,I don't have work on Thursday.
曜日,ようび,day of the week,<ruby>曜日<rt>ようび</rt></ruby>を <ruby>間違<rt>まちが</rt></ruby>えました。,I got the day of the week wrong.
火曜日,かようび,Tuesday,<ruby>火曜日<rt>かようび</rt></ruby>に <ruby>会議<rt>かいぎ</rt></ruby>があります。,There's a meeting on Tuesday.
水曜日,すいようび,Wednesday,<ruby>水曜日<rt>すいようび</rt></ruby>はバイトがあります。,I work part time on Wednesdays.
週,しゅう,week,その <ruby>次<rt>つぎ</rt></ruby>の <ruby>週<rt>しゅう</rt></ruby>は <ruby>空<rt>あ</rt></ruby>いてますか。,Will you be available the following week?
どう,どう,how; what,あなたはどう <ruby>思<rt>おも</rt></ruby>いますか。,What do you think?
年,とし,year; age,<ruby>新<rt>あたら</rt></ruby>しい <ruby>年<rt>とし</rt></ruby>が <ruby>始<rt>はじ</rt></ruby>まりました。,A new year has started.
十分,じゅうぶん,enough; plentiful,お <ruby>金<rt>かね</rt></ruby>はまだ <ruby>十分<rt>じゅうぶん</rt></ruby>あります。,We still have plenty of money.
分,ぶん,amount; share,このケーキはあなたの <ruby>分<rt>ぶん</rt></ruby>です。,This is your share of the cake.
何,なに,what,<ruby>夕食<rt>ゆうしょく</rt></ruby>には <ruby>何<rt>なに</rt></ruby>を <ruby>食<rt>た</rt></ruby>べたいですか。,What would you like to eat for dinner?
何,なん,what (used with t; d; n consonants and counters),<ruby>質問<rt>しつもん</rt></ruby>は <ruby>何<rt>なん</rt></ruby>ですか。,What's your question?
何か,なにか,something; some,<ruby>道<rt>みち</rt></ruby>に <ruby>何<rt>なに</rt></ruby>か <ruby>落<rt>お</rt></ruby>ちています。,Something has fallen on the road.
先,さき,ahead; first,お <ruby>先<rt>さき</rt></ruby>にどうぞ。,Please go ahead.
先週,せんしゅう,last week,<ruby>先週<rt>せんしゅう</rt></ruby>は <ruby>海<rt>うみ</rt></ruby>に <ruby>行<rt>い</rt></ruby>った。,I went to the beach last week.
今年,ことし,this year,<ruby>今年<rt>ことし</rt></ruby>はイタリアに <ruby>旅行<rt>りょこう</rt></ruby>したい。,I want to travel to Italy this year.
今日,きょう,today,<ruby>今日<rt>きょう</rt></ruby>は <ruby>仕事<rt>しごと</rt></ruby>がありません。,I don't have work today.
今月,こんげつ,this month,<ruby>今月<rt>こんげつ</rt></ruby>はとても <ruby>忙<rt>いそが</rt></ruby>しい。,I'm very busy this month.
今週,こんしゅう,this week,<ruby>今週<rt>こんしゅう</rt></ruby>は <ruby>日本語<rt>にほんご</rt></ruby>のテストがあります。,We have a Japanese test this week.
来年,らいねん,next year,<ruby>来年<rt>らいねん</rt></ruby> <ruby>一緒<rt>いっしょ</rt></ruby>に <ruby>旅行<rt>りょこう</rt></ruby>しましょう。,Let's travel together next year.
来週,らいしゅう,next week,<ruby>続<rt>つづ</rt></ruby>きは <ruby>来週<rt>らいしゅう</rt></ruby>やりましょう。,We'll continue this next week.
どこ,どこ,where,あの <ruby>本<rt>ほん</rt></ruby>をどこに <ruby>置<rt>お</rt></ruby>きましたか。,Where did you put that book?
来月,らいげつ,next month,<ruby>来月<rt>らいげつ</rt></ruby>から <ruby>大学生<rt>だいがくせい</rt></ruby>になります。,I'll be a college student next month.
大きさ,おおきさ,size; dimension,この <ruby>大<rt>おお</rt></ruby>きさの <ruby>封筒<rt>ふうとう</rt></ruby>が <ruby>欲<rt>ほ</rt></ruby>しいのですが。,I'd like an envelope of this size.
中,なか,inside; middle,<ruby>父<rt>ちち</rt></ruby>は <ruby>家<rt>いえ</rt></ruby>の <ruby>中<rt>なか</rt></ruby>にいます。,My father is inside the house.
少年,しょうねん,boy (between 7 and 18 years old),<ruby>少年<rt>しょうねん</rt></ruby>たちがサッカーをしている。,The boys are playing soccer.
そこ,そこ,there,そこに <ruby>座<rt>すわ</rt></ruby>ってください。,Please sit there.
多く,おおく,much; largely,<ruby>毎年<rt>まいとし</rt></ruby> <ruby>多<rt>おお</rt></ruby>くの <ruby>人<rt>ひと</rt></ruby>が <ruby>海外<rt>かいがい</rt></ruby>へ <ruby>旅行<rt>りょこう</rt></ruby>する。,A lot of people travel abroad every year.
上,うえ,up; above,<ruby>上<rt>うえ</rt></ruby>を <ruby>向<rt>む</rt></ruby>いて。,Look up.
年上,としうえ,older; senior,<ruby>彼<rt>かれ</rt></ruby>は <ruby>私<rt>わたし</rt></ruby>より <ruby>年上<rt>としうえ</rt></ruby>です。,He's older than me.
下,した,under; below,<ruby>財布<rt>さいふ</rt></ruby>は <ruby>机<rt>つくえ</rt></ruby>の <ruby>下<rt>した</rt></ruby>にあった。,My purse was under the desk.
あなた,あなた,you,これはあなたのかばんですか。,Is this your bag?
右,みぎ,right,<ruby>右<rt>みぎ</rt></ruby>のポケットにハンカチが <ruby>入<rt>はい</rt></ruby>っています。,I have a handkerchief in my right pocket.
左,ひだり,left,そこを <ruby>左<rt>ひだり</rt></ruby>に <ruby>曲<rt>ま</rt></ruby>がってください。,Please turn left there.
方,ほう,direction; side,<ruby>彼<rt>かれ</rt></ruby>は <ruby>私<rt>わたし</rt></ruby>の <ruby>方<rt>ほう</rt></ruby>を <ruby>見<rt>み</rt></ruby>ました。,He looked at me.
方,かた,person (polite form),<ruby>次<rt>つぎ</rt></ruby>の <ruby>方<rt>かた</rt></ruby>、どうぞ。,Next please.
どれ,どれ,what; which,この <ruby>中<rt>なか</rt></ruby>でどれが <ruby>好<rt>す</rt></ruby>きですか。,Which of these do you like?
大人,おとな,adult,<ruby>大人<rt>おとな</rt></ruby>の <ruby>言<rt>い</rt></ruby>うことを <ruby>聞<rt>き</rt></ruby>きなさい。,Listen to what adults say.
人,ひと,person,<ruby>彼<rt>かれ</rt></ruby>は <ruby>優<rt>やさ</rt></ruby>しい <ruby>人<rt>ひと</rt></ruby>です。,He's a nice guy.
一人,ひとり,one person,そこには <ruby>私<rt>わたし</rt></ruby> <ruby>一人<rt>ひとり</rt></ruby>しかいなかった。,I was the only one there.
二人,ふたり,two persons,<ruby>今日<rt>きょう</rt></ruby>は <ruby>妻<rt>つま</rt></ruby>と <ruby>二人<rt>ふたり</rt></ruby>で <ruby>食事<rt>しょくじ</rt></ruby>をします。,Today I'm having dinner with my wife; just the two of us.
外,そと,outside; open air,<ruby>外<rt>そと</rt></ruby>は <ruby>暑<rt>あつ</rt></ruby>いよ。,It's hot outside.
みんな,みんな,everybody,みんなにお <ruby>菓子<rt>かし</rt></ruby>をあげましょう。,Let's give everyone some sweets.
本,ほん,book; volume,<ruby>本<rt>ほん</rt></ruby>を１ <ruby>冊<rt>さつ</rt></ruby> <ruby>買<rt>か</rt></ruby>いました。,I bought one book.
休み,やすみ,rest; holiday,<ruby>今日<rt>きょう</rt></ruby>は <ruby>休<rt>やす</rt></ruby>みです。,Today is a holiday.
体,からだ,body; physique,<ruby>私<rt>わたし</rt></ruby>は <ruby>体<rt>からだ</rt></ruby>が <ruby>丈夫<rt>じょうぶ</rt></ruby>だ。,I'm physically strong.
力,ちから,strength; power,お <ruby>相撲<rt>すもう</rt></ruby>さんは、みんな <ruby>力<rt>ちから</rt></ruby> <ruby>持<rt>も</rt></ruby>ちだ。,All sumo wrestlers are strong.
目,め,eye,<ruby>彼女<rt>かのじょ</rt></ruby>は <ruby>青<rt>あお</rt></ruby>い <ruby>目<rt>め</rt></ruby>をしています。,She has blue eyes.
口,くち,mouth,<ruby>口<rt>くち</rt></ruby>を <ruby>大<rt>おお</rt></ruby>きく <ruby>開<rt>あ</rt></ruby>けてください。,Open wide; please.
耳,みみ,ear,<ruby>彼女<rt>かのじょ</rt></ruby>は <ruby>耳<rt>みみ</rt></ruby>がよく <ruby>聞<rt>き</rt></ruby>こえません。,Her hearing isn't very good.
上手,じょうず,good; skilled,<ruby>妹<rt>いもうと</rt></ruby>は <ruby>歌<rt>うた</rt></ruby>が <ruby>上手<rt>じょうず</rt></ruby>です。,My little sister can sing well.
手,て,hand,<ruby>分<rt>わ</rt></ruby>かった <ruby>人<rt>ひと</rt></ruby>は <ruby>手<rt>て</rt></ruby>を <ruby>上<rt>あ</rt></ruby>げてください。,Raise your hand if you know the answer.
どちら,どちら,which,<ruby>肉<rt>にく</rt></ruby>と <ruby>魚<rt>さかな</rt></ruby>とどちらが <ruby>好<rt>す</rt></ruby>きですか。,Which do you prefer; meat or fish?
下手,へた,not good at,<ruby>私<rt>わたし</rt></ruby>は <ruby>歌<rt>うた</rt></ruby>が <ruby>下手<rt>へた</rt></ruby>だ。,I'm a terrible singer.
足,あし,leg; foot,<ruby>彼<rt>かれ</rt></ruby>は <ruby>足<rt>あし</rt></ruby>が <ruby>長<rt>なが</rt></ruby>い。,He has long legs.
山,やま,mountain,<ruby>山<rt>やま</rt></ruby>の <ruby>空気<rt>くうき</rt></ruby>はきれいだ。,The mountain air is clean.
川,かわ,river; stream,<ruby>小<rt>ちい</rt></ruby>さな <ruby>川<rt>かわ</rt></ruby>を <ruby>渡<rt>わた</rt></ruby>りました。,I crossed a small stream.
ドア,どあ,door,ドアを <ruby>開<rt>あ</rt></ruby>けてください。,Please open the door.
空,そら,sky,<ruby>空<rt>そら</rt></ruby>の <ruby>写真<rt>しゃしん</rt></ruby>を <ruby>撮<rt>と</rt></ruby>るのが <ruby>好<rt>す</rt></ruby>きです。,I like to take photographs of the sky.
海,うみ,sea; ocean,<ruby>海<rt>うみ</rt></ruby>は <ruby>広<rt>ひろ</rt></ruby>くて <ruby>大<rt>おお</rt></ruby>きい。,The sea is vast and wide.
海外,かいがい,overseas; abroad,<ruby>彼<rt>かれ</rt></ruby>は <ruby>海外<rt>かいがい</rt></ruby>での <ruby>生活<rt>せいかつ</rt></ruby>が <ruby>長<rt>なが</rt></ruby>いです。,He's lived abroad for a long time.
毎月,まいつき,every month,<ruby>私<rt>わたし</rt></ruby>は <ruby>毎月<rt>まいつき</rt></ruby> <ruby>貯金<rt>ちょきん</rt></ruby>をしています。,I save money every month.
毎日,まいにち,every day,<ruby>私<rt>わたし</rt></ruby>たちは <ruby>毎日<rt>まいにち</rt></ruby> <ruby>散歩<rt>さんぽ</rt></ruby>をします。,We go for a walk every day.
毎年,まいとし,every year (colloquial),<ruby>私<rt>わたし</rt></ruby>は <ruby>毎年<rt>まいとし</rt></ruby>、 <ruby>海外<rt>かいがい</rt></ruby> <ruby>旅行<rt>りょこう</rt></ruby>に <ruby>行<rt>い</rt></ruby>きます。,I travel abroad every year.
花,はな,flower,きれいな <ruby>花<rt>はな</rt></ruby>が <ruby>咲<rt>さ</rt></ruby>きました。,Beautiful flowers have bloomed.
森,もり,forest,<ruby>私<rt>わたし</rt></ruby>は <ruby>森<rt>もり</rt></ruby>を <ruby>歩<rt>ある</rt></ruby>くのが <ruby>好<rt>す</rt></ruby>きです。,I like to walk in the forest.
男,おとこ,man; male,<ruby>男<rt>おとこ</rt></ruby>の <ruby>人<rt>ひと</rt></ruby>が <ruby>私<rt>わたし</rt></ruby>たちに <ruby>話<rt>はな</rt></ruby>しかけた。,This guy began talking to us.
女,おんな,woman; female,<ruby>店員<rt>てんいん</rt></ruby>は <ruby>若<rt>わか</rt></ruby>い <ruby>女<rt>おんな</rt></ruby>の <ruby>人<rt>ひと</rt></ruby>でした。,The salesclerk was a young woman.
女の子,おんなのこ,girl,あの <ruby>女<rt>おんな</rt></ruby>の <ruby>子<rt>こ</rt></ruby>を <ruby>知<rt>し</rt></ruby>っていますか。,Do you know that girl?
男の子,おとこのこ,boy,<ruby>男<rt>おとこ</rt></ruby>の <ruby>子<rt>こ</rt></ruby>たちがサッカーをしている。,The boys are playing soccer.
子,こ,child; kid,その <ruby>子<rt>こ</rt></ruby>は <ruby>日本語<rt>にほんご</rt></ruby>が <ruby>分<rt>わ</rt></ruby>からない。,That kid doesn't understand Japanese.
子供,こども,child; kid,<ruby>電車<rt>でんしゃ</rt></ruby>で <ruby>子供<rt>こども</rt></ruby>が <ruby>騒<rt>さわ</rt></ruby>いでいた。,Kids were making a lot of noise in the train.
大好き,だいすき,love,<ruby>私<rt>わたし</rt></ruby>は <ruby>犬<rt>いぬ</rt></ruby>が <ruby>大好<rt>だいす</rt></ruby>きだ。,I love dogs.
好き,すき,favorite; liked,<ruby>私<rt>わたし</rt></ruby>はワインが <ruby>好<rt>す</rt></ruby>きです。,I like wine.
私,わたし,I (general),<ruby>私<rt>わたし</rt></ruby>が <ruby>行<rt>い</rt></ruby>きましょう。,I'll go.
私たち,わたしたち,we,<ruby>私<rt>わたし</rt></ruby>たちは <ruby>来月<rt>らいげつ</rt></ruby> <ruby>結婚<rt>けっこん</rt></ruby>します。,We will get married next month.
友達,ともだち,friend; companion,<ruby>私<rt>わたし</rt></ruby>には <ruby>友達<rt>ともだち</rt></ruby>がたくさんいます。,I have a lot of friends.
家,うち,home; household,<ruby>家<rt>うち</rt></ruby>に <ruby>遊<rt>あそ</rt></ruby>びに <ruby>来<rt>き</rt></ruby>てください。,Please come over to my home.
ここ,ここ,here,ここに <ruby>本<rt>ほん</rt></ruby>があります。,There's a book here.
家,いえ,house; dwelling,ここが <ruby>私<rt>わたし</rt></ruby>の <ruby>家<rt>いえ</rt></ruby>です。,This is my house.
客,きゃく,visitor; customer,その <ruby>店<rt>みせ</rt></ruby>は <ruby>若<rt>わか</rt></ruby>い <ruby>客<rt>きゃく</rt></ruby>が <ruby>多<rt>おお</rt></ruby>いです。,That shop has a lot of young customers.
天ぷら,てんぷら,Japanese deep-fried food,<ruby>私<rt>わたし</rt></ruby>はえびの <ruby>天<rt>てん</rt></ruby>ぷらが <ruby>好<rt>す</rt></ruby>きです。,I like shrimp tempura.
元気,げんき,healthy; energetic,おかげさまで <ruby>元気<rt>げんき</rt></ruby>です。,I'm fine; thank you.
天気,てんき,weather,<ruby>今日<rt>きょう</rt></ruby>はいい <ruby>天気<rt>てんき</rt></ruby>ですね。,It's nice out today.
人気,にんき,popularity,このバンドはとても <ruby>人気<rt>にんき</rt></ruby>があるよ。,That band is very popular.
空気,くうき,air; atmosphere,ここは <ruby>空気<rt>くうき</rt></ruby>がきれいです。,The air is clean here.
雨,あめ,rain,<ruby>雨<rt>あめ</rt></ruby>が <ruby>降<rt>ふ</rt></ruby>っています。,It's raining.
雪,ゆき,snow; snowfall,クリスマスに <ruby>雪<rt>ゆき</rt></ruby>が <ruby>降<rt>ふ</rt></ruby>りました。,It snowed on Christmas Day.
青,あお,blue; green,<ruby>私<rt>わたし</rt></ruby>の <ruby>好<rt>す</rt></ruby>きな <ruby>色<rt>いろ</rt></ruby>は <ruby>青<rt>あお</rt></ruby>です。,My favorite color is blue.
晴れ,はれ,fine weather; clear sky,<ruby>明日<rt>あす</rt></ruby>の <ruby>天気<rt>てんき</rt></ruby>は <ruby>晴<rt>は</rt></ruby>れです。,Tomorrow's weather will be sunny.
明日,あした,tomorrow (colloquial),では、また <ruby>明日<rt>あした</rt></ruby>。,See you tomorrow.
テーブル,てーぶる,table,<ruby>新<rt>あたら</rt></ruby>しいテーブルを <ruby>買<rt>か</rt></ruby>いました。,I bought a new table.
昨日,きのう,yesterday (colloquial),<ruby>昨日<rt>きのう</rt></ruby>、 <ruby>友達<rt>ともだち</rt></ruby>に <ruby>会<rt>あ</rt></ruby>った。,I met my friend yesterday.
昨年,さくねん,last year (formal; often used in writing),<ruby>昨年<rt>さくねん</rt></ruby>は <ruby>地震<rt>じしん</rt></ruby>が <ruby>多<rt>おお</rt></ruby>い <ruby>年<rt>とし</rt></ruby>でした。,We had a lot of earthquakes last year.
一昨日,おととい,the day before yesterday (colloquial),<ruby>一昨日<rt>おととい</rt></ruby> <ruby>彼<rt>かれ</rt></ruby>から <ruby>電話<rt>でんわ</rt></ruby>がありました。,I got a phone call from him the day before yesterday.
東,ひがし,east; eastern,<ruby>日<rt>ひ</rt></ruby>は <ruby>東<rt>ひがし</rt></ruby>から <ruby>上<rt>のぼ</rt></ruby>ります。,The sun rises in the east.
西,にし,west; western,<ruby>太陽<rt>たいよう</rt></ruby>は <ruby>西<rt>にし</rt></ruby>に <ruby>沈<rt>しず</rt></ruby>みます。,The sun sets in the west.
ゲーム,げーむ,game,<ruby>私<rt>わたし</rt></ruby>たちはビデオゲームをした。,We played a video game.
南,みなみ,south,<ruby>私<rt>わたし</rt></ruby>の <ruby>家<rt>いえ</rt></ruby>は <ruby>町<rt>まち</rt></ruby>の <ruby>南<rt>みなみ</rt></ruby>にあります。,My house is in the south of the town.
北,きた,north,ロシアは <ruby>日本<rt>にっぽん</rt></ruby>の <ruby>北<rt>きた</rt></ruby>にあります。,Russia is north of Japan.
向こう,むこう,over there; on the other side,<ruby>友達<rt>ともだち</rt></ruby>は <ruby>向<rt>む</rt></ruby>こうにいます。,My friend is over there.
方向,ほうこう,direction; course,あの <ruby>人<rt>ひと</rt></ruby>たちは <ruby>皆<rt>みな</rt></ruby>、 <ruby>同<rt>おな</rt></ruby>じ <ruby>方向<rt>ほうこう</rt></ruby>を <ruby>見<rt>み</rt></ruby>ている。,Those people are all looking at the same direction.
どうして,どうして,why,どうして <ruby>泣<rt>な</rt></ruby>いているの。,Why are you crying?
ミーティング,みーてぃんぐ,meeting,<ruby>朝<rt>あさ</rt></ruby>９ <ruby>時<rt>じ</rt></ruby>からミーティングが <ruby>始<rt>はじ</rt></ruby>まった。,The meeting started at 9 a.m.
時間,じかん,time; hour,<ruby>今<rt>いま</rt></ruby>は <ruby>時間<rt>じかん</rt></ruby>がありません。,I don't have time now.
年間,ねんかん,period of one year,<ruby>年間<rt>ねんかん</rt></ruby>５ <ruby>万<rt>まん</rt></ruby> <ruby>人<rt>にん</rt></ruby>がここを <ruby>訪<rt>おとず</rt></ruby>れます。,This place gets 50;000 visitors a year.
高さ,たかさ,height,<ruby>富士山<rt>ふじさん</rt></ruby>の <ruby>高<rt>たか</rt></ruby>さは３，７７６メートルです。,The height of Mt. Fuji is 3;776m.
カタカナ,かたかな,katakana,お <ruby>名前<rt>なまえ</rt></ruby>をカタカナで <ruby>書<rt>か</rt></ruby>いてください。,Please write your name in katakana.
最初,さいしょ,first; outset,５ページの <ruby>最初<rt>さいしょ</rt></ruby>を <ruby>見<rt>み</rt></ruby>てください。,Please look at the beginning of page 5.
初め,はじめ,first; beginning (in terms of time passage),<ruby>初<rt>はじ</rt></ruby>めは <ruby>上手<rt>うま</rt></ruby>くできませんでした。,I couldn't do it well at first.
前,まえ,front; before,その <ruby>店<rt>みせ</rt></ruby>の <ruby>前<rt>まえ</rt></ruby>で <ruby>会<rt>あ</rt></ruby>いましょう。,Let's meet in front of the store.
後ろ,うしろ,back; behind,<ruby>後<rt>うし</rt></ruby>ろを <ruby>向<rt>む</rt></ruby>いて。,Turn around.
明後日,あさって,day after tomorrow (colloquial),<ruby>明後日<rt>あさって</rt></ruby>は <ruby>休日<rt>きゅうじつ</rt></ruby>です。,The day after tomorrow's a holiday.
あれ,あれ,that (over there),あれは <ruby>何<rt>なん</rt></ruby>ですか。,What's that?
最後,さいご,last; final,<ruby>今日<rt>きょう</rt></ruby>が <ruby>夏休<rt>なつやす</rt></ruby>み <ruby>最後<rt>さいご</rt></ruby>の <ruby>日<rt>ひ</rt></ruby>だ。,Today's the last day of summer vacation.
午後,ごご,afternoon; p.m.,<ruby>明日<rt>あす</rt></ruby>の <ruby>午後<rt>ごご</rt></ruby>、お <ruby>客様<rt>きゃくさま</rt></ruby>が <ruby>来<rt>く</rt></ruby>る。,A guest is coming to visit tomorrow afternoon.
午前,ごぜん,morning; a.m.,<ruby>午前<rt>ごぜん</rt></ruby>９ <ruby>時<rt>じ</rt></ruby>のニュースです。,Now for the 9.00 a.m. news.
半日,はんにち,half a day,<ruby>今日<rt>きょう</rt></ruby>は <ruby>半日<rt>はんにち</rt></ruby>だけ <ruby>仕事<rt>しごと</rt></ruby>だ。,I'm working only a half-day today.
半月,はんつき,half a month,<ruby>半月<rt>はんつき</rt></ruby> <ruby>前<rt>まえ</rt></ruby>に <ruby>日本<rt>にほん</rt></ruby>に <ruby>来<rt>き</rt></ruby>ました。,I came to Japan half a month ago.
半分,はんぶん,half,お <ruby>菓子<rt>かし</rt></ruby>を <ruby>友達<rt>ともだち</rt></ruby>に <ruby>半分<rt>はんぶん</rt></ruby>あげた。,I gave half of the sweets to my friend.
朝,あさ,morning,<ruby>気持<rt>きも</rt></ruby>ちのいい <ruby>朝<rt>あさ</rt></ruby>です。,It's a pleasant morning.
今朝,けさ,this morning,<ruby>今朝<rt>けさ</rt></ruby>テレビでそのニュースを <ruby>知<rt>し</rt></ruby>りました。,I heard that news on TV this morning.
昼,ひる,daytime; midday,<ruby>私<rt>わたし</rt></ruby>は <ruby>昼<rt>ひる</rt></ruby>のドラマを <ruby>毎日<rt>まいにち</rt></ruby> <ruby>見<rt>み</rt></ruby>ます。,I watch daytime dramas every day.
昼間,ひるま,daytime; during the day,<ruby>昼間<rt>ひるま</rt></ruby>は <ruby>仕事<rt>しごと</rt></ruby>で <ruby>忙<rt>いそが</rt></ruby>しいです。,I'm busy with work during the daytime.
そば,そば,side; vicinity,そばにいてください。,Stay with me.
晩,ばん,evening,<ruby>晩<rt>ばん</rt></ruby>ご <ruby>飯<rt>はん</rt></ruby>は <ruby>食<rt>た</rt></ruby>べましたか。,Did you have dinner?
今晩,こんばん,this evening; tonight,<ruby>今晩<rt>こんばん</rt></ruby>のパーティーは <ruby>何<rt>なん</rt></ruby> <ruby>時<rt>じ</rt></ruby>からですか。,What time does the party start tonight?
夜,よる,night (from sunset to sunrise),<ruby>昨日<rt>きのう</rt></ruby>の <ruby>夜<rt>よる</rt></ruby>は <ruby>家<rt>いえ</rt></ruby>にいました。,I was at home last night.
今夜,こんや,tonight; this evening,<ruby>今夜<rt>こんや</rt></ruby>は <ruby>月<rt>つき</rt></ruby>がとてもきれいです。,The moon is very beautiful tonight.
夜中,よなか,midnight,<ruby>夜中<rt>よなか</rt></ruby>に <ruby>電話<rt>でんわ</rt></ruby>がありました。,I got a phone call in the middle of the night.
昨夜,ゆうべ,last night; last evening (colloquial),<ruby>昨夜<rt>ゆうべ</rt></ruby>、 <ruby>流<rt>なが</rt></ruby>れ <ruby>星<rt>ぼし</rt></ruby>を <ruby>見<rt>み</rt></ruby>ました。,I saw a shooting star last night.
こっち,こっち,here,こっちに <ruby>来<rt>き</rt></ruby>てください。,Please come here.
夕方,ゆうがた,evening,<ruby>夕方<rt>ゆうがた</rt></ruby>、 <ruby>雨<rt>あめ</rt></ruby>が <ruby>降<rt>ふ</rt></ruby>りました。,It rained in the evening.
昼食,ちゅうしょく,lunch,<ruby>昼食<rt>ちゅうしょく</rt></ruby>に <ruby>寿司<rt>すし</rt></ruby>を <ruby>食<rt>た</rt></ruby>べました。,I ate sushi for lunch.
朝食,ちょうしょく,breakfast (formal),<ruby>朝食<rt>ちょうしょく</rt></ruby>に <ruby>納豆<rt>なっとう</rt></ruby>を <ruby>食<rt>た</rt></ruby>べました。,I ate natto for breakfast.
夕食,ゆうしょく,supper; dinner,<ruby>夕食<rt>ゆうしょく</rt></ruby>は７ <ruby>時<rt>じ</rt></ruby>です。,Dinner's at seven o'clock.
ご飯,ごはん,meal; cooked rice,<ruby>私<rt>わたし</rt></ruby>はパンよりご <ruby>飯<rt>はん</rt></ruby>が <ruby>好<rt>す</rt></ruby>きだ。,I prefer rice to bread.
朝ご飯,あさごはん,breakfast,７ <ruby>時<rt>じ</rt></ruby>に <ruby>朝<rt>あさ</rt></ruby>ご <ruby>飯<rt>はん</rt></ruby>を <ruby>食<rt>た</rt></ruby>べました。,I ate breakfast at seven o'clock.
これから,これから,from now on; after this,これからはもっと <ruby>気<rt>き</rt></ruby>を <ruby>付<rt>つ</rt></ruby>けます。,I will be more careful from now on.
見方,みかた,view; perspective,<ruby>彼<rt>かれ</rt></ruby>に <ruby>対<rt>たい</rt></ruby>する <ruby>見方<rt>みかた</rt></ruby>が <ruby>変<rt>か</rt></ruby>わりました。,My view of him has changed.
あそこ,あそこ,over there,あそこにバス <ruby>停<rt>てい</rt></ruby>があります。,There's a bus stop over there.
話,はなし,talk; story,あなたの <ruby>話<rt>はなし</rt></ruby>は <ruby>面白<rt>おもしろ</rt></ruby>いね。,Your story's interesting.
英語,えいご,English,あなたは <ruby>英語<rt>えいご</rt></ruby>が <ruby>話<rt>はな</rt></ruby>せますか。,Can you speak English?
字,じ,(individual) character; letter,もっと <ruby>大<rt>おお</rt></ruby>きく <ruby>字<rt>じ</rt></ruby>を <ruby>書<rt>か</rt></ruby>いてください。,Please write in larger letters.
漢字,かんじ,Chinese character,<ruby>漢字<rt>かんじ</rt></ruby>は <ruby>中国<rt>ちゅうごく</rt></ruby>からきました。,Kanji came from China.
会社,かいしゃ,company; corporation,<ruby>彼<rt>かれ</rt></ruby>は <ruby>小<rt>ちい</rt></ruby>さな <ruby>会社<rt>かいしゃ</rt></ruby>に <ruby>勤<rt>つと</rt></ruby>めています。,He's working at a small business firm.
社会,しゃかい,society,これは <ruby>大<rt>おお</rt></ruby>きな <ruby>社会<rt>しゃかい</rt></ruby> <ruby>問題<rt>もんだい</rt></ruby>になっている。,This is a big social problem.
仕事,しごと,work; job,３ <ruby>月<rt>がつ</rt></ruby>は <ruby>仕事<rt>しごと</rt></ruby>が <ruby>忙<rt>いそが</rt></ruby>しい。,I'm busy at work in March.
ため,ため,sake; purpose,これは <ruby>医者<rt>いしゃ</rt></ruby>のためのサイトです。,This is a site for doctors.
大事,だいじ,importance,お <ruby>体<rt>からだ</rt></ruby>をお <ruby>大事<rt>だいじ</rt></ruby>に。,Take care of yourself.
食事,しょくじ,meal,<ruby>今日<rt>きょう</rt></ruby>は <ruby>上司<rt>じょうし</rt></ruby>と <ruby>食事<rt>しょくじ</rt></ruby>をする。,I'm eating with my boss today.
事故,じこ,accident; trouble,<ruby>彼<rt>かれ</rt></ruby>は <ruby>事故<rt>じこ</rt></ruby>で <ruby>怪我<rt>けが</rt></ruby>をしました。,He was injured in the accident.
場合,ばあい,situation; case,<ruby>分<rt>わ</rt></ruby>からない <ruby>場合<rt>ばあい</rt></ruby>は <ruby>私<rt>わたし</rt></ruby>に <ruby>聞<rt>き</rt></ruby>いてください。,Please ask me if you don't understand.
電話,でんわ,telephone; phone call,あとで <ruby>電話<rt>でんわ</rt></ruby>します。,I will call you later.
電気,でんき,electricity; electric light,<ruby>電気<rt>でんき</rt></ruby>をつけてもらえる？。,Can you turn on the light?
車,くるま,car; automobile,<ruby>弟<rt>おとうと</rt></ruby>が <ruby>車<rt>くるま</rt></ruby>を <ruby>買<rt>か</rt></ruby>った。,My younger brother bought a car.
電車,でんしゃ,train,<ruby>私<rt>わたし</rt></ruby>は <ruby>電車<rt>でんしゃ</rt></ruby>で <ruby>通学<rt>つうがく</rt></ruby>しています。,I go to school by train.
駅,えき,train station,<ruby>駅<rt>えき</rt></ruby>はどこですか。,Where's the station?
通り,とおり,street; road,この <ruby>通<rt>とお</rt></ruby>りはにぎやかですね。,This street is lively; isn't it?
道,みち,road; street,この <ruby>道<rt>みち</rt></ruby>を <ruby>真<rt>ま</rt></ruby>っ <ruby>直<rt>す</rt></ruby>ぐ <ruby>行<rt>い</rt></ruby>くと <ruby>駅<rt>えき</rt></ruby>です。,Go straight along this road to get to the station.
道路,どうろ,road; street,この <ruby>道路<rt>どうろ</rt></ruby>は３ <ruby>年<rt>ねん</rt></ruby> <ruby>前<rt>まえ</rt></ruby>にできました。,This road was completed three years ago.
地図,ちず,map; atlas,<ruby>地図<rt>ちず</rt></ruby>を <ruby>見<rt>み</rt></ruby>て <ruby>来<rt>き</rt></ruby>てください。,Please look at the map to get here.
ドル,どる,dollar,この <ruby>服<rt>ふく</rt></ruby>は３００ドルしました。,These clothes cost 300 dollars.
他,ほか,other (Japanese origin),<ruby>他<rt>ほか</rt></ruby>に <ruby>方法<rt>ほうほう</rt></ruby>がありません。,There's no other way.
システム,しすてむ,system,<ruby>全<rt>すべ</rt></ruby>てのシステムが <ruby>停止<rt>ていし</rt></ruby>した。,All systems stopped working.
今度,こんど,this time; next time,<ruby>今度<rt>こんど</rt></ruby>はどこに <ruby>行<rt>い</rt></ruby>きたいですか。,Where do you want to go this time?
年度,ねんど,year; school year,<ruby>売<rt>う</rt></ruby>り <ruby>上<rt>あ</rt></ruby>げは <ruby>年度<rt>ねんど</rt></ruby>によって <ruby>違<rt>ちが</rt></ruby>います。,Sales differ in each fiscal year.
近く,ちかく,near; close to,<ruby>駅<rt>えき</rt></ruby>の <ruby>近<rt>ちか</rt></ruby>くで <ruby>食事<rt>しょくじ</rt></ruby>をした。,I ate near the station.
コンピューター,こんぴゅーたー,computer,<ruby>新<rt>あたら</rt></ruby>しいコンピューターを <ruby>買<rt>か</rt></ruby>った。,I bought a new computer.
最近,さいきん,recent; latest,それは <ruby>最近<rt>さいきん</rt></ruby> <ruby>話題<rt>わだい</rt></ruby>の <ruby>本<rt>ほん</rt></ruby>ですね。,That's the book that people have been talking about lately.
長男,ちょうなん,eldest son,<ruby>彼<rt>かれ</rt></ruby>の <ruby>長男<rt>ちょうなん</rt></ruby>は８ <ruby>才<rt>さい</rt></ruby>です。,His oldest son is eight years old.
長さ,ながさ,length,このケーブルの <ruby>長<rt>なが</rt></ruby>さは１メートルです。,The length of this cable is one meter.
安全,あんぜん,safety; security,<ruby>安全<rt>あんぜん</rt></ruby>が <ruby>第<rt>だい</rt></ruby> <ruby>一<rt>いち</rt></ruby>です。,Safety comes first.
全部,ぜんぶ,all; whole,それ、 <ruby>全部<rt>ぜんぶ</rt></ruby>ください。,I'll take them all.
一部,いちぶ,part,<ruby>計画<rt>けいかく</rt></ruby>を <ruby>一部<rt>いちぶ</rt></ruby> <ruby>変更<rt>へんこう</rt></ruby>しましょう。,Let's change part of the plan.
国,くに,country,<ruby>私<rt>わたし</rt></ruby>の <ruby>国<rt>くに</rt></ruby>について <ruby>少<rt>すこ</rt></ruby>しお <ruby>話<rt>はなし</rt></ruby>しましょう。,Let me tell you a bit about my country.
外国,がいこく,foreign country,<ruby>母<rt>はは</rt></ruby>はまだ <ruby>外国<rt>がいこく</rt></ruby>に <ruby>行<rt>い</rt></ruby>ったことがありません。,My mother has never been abroad.
外国人,がいこくじん,foreigner,<ruby>日本<rt>にほん</rt></ruby>に <ruby>住<rt>す</rt></ruby>む <ruby>外国<rt>がいこく</rt></ruby> <ruby>人<rt>じん</rt></ruby>が <ruby>増<rt>ふ</rt></ruby>えています。,The number of foreigners living in Japan is increasing.
帰国,きこく,return to one's country,<ruby>彼<rt>かれ</rt></ruby>は <ruby>帰国<rt>きこく</rt></ruby>しました。,He returned to his country.
世界,せかい,world,<ruby>私<rt>わたし</rt></ruby>は <ruby>世界<rt>せかい</rt></ruby> <ruby>旅行<rt>りょこう</rt></ruby>をしたい。,I want to travel around the world.
白,しろ,white,<ruby>白<rt>しろ</rt></ruby>は <ruby>雪<rt>ゆき</rt></ruby>の <ruby>色<rt>いろ</rt></ruby>です。,White is the color of snow.
プログラム,ぷろぐらむ,program booklet,<ruby>受付<rt>うけつけ</rt></ruby>でプログラムを <ruby>受<rt>う</rt></ruby>け <ruby>取<rt>と</rt></ruby>った。,I got my program booklet at the reception.
赤,あか,red,<ruby>信号<rt>しんごう</rt></ruby>が <ruby>赤<rt>あか</rt></ruby>に <ruby>変<rt>か</rt></ruby>わりました。,The traffic light changed to red.
銀行,ぎんこう,bank,<ruby>銀行<rt>ぎんこう</rt></ruby>は３ <ruby>時<rt>じ</rt></ruby>まで <ruby>開<rt>あ</rt></ruby>いています。,The bank is open until three o'clock.
肉,にく,flesh; meat,<ruby>昨日<rt>きのう</rt></ruby>の <ruby>夜<rt>よる</rt></ruby>は <ruby>肉<rt>にく</rt></ruby>をたくさん <ruby>食<rt>た</rt></ruby>べました。,I ate a lot of meat last night.
まま,まま,as is; still (in the current state),<ruby>電気<rt>でんき</rt></ruby>がついたままですよ。,The light is still on.
牛肉,ぎゅうにく,beef,<ruby>夕食<rt>ゆうしょく</rt></ruby>に <ruby>牛肉<rt>ぎゅうにく</rt></ruby>を <ruby>買<rt>か</rt></ruby>った。,I bought beef for dinner.
魚,さかな,fish,<ruby>魚<rt>さかな</rt></ruby>がたくさん <ruby>泳<rt>およ</rt></ruby>いでいます。,There are a lot of fish swimming.
野菜,やさい,vegetable,<ruby>私<rt>わたし</rt></ruby>は <ruby>毎日<rt>まいにち</rt></ruby>たくさん <ruby>野菜<rt>やさい</rt></ruby>を <ruby>食<rt>た</rt></ruby>べます。,I eat a lot of vegetables every day.
部屋,へや,room,<ruby>私<rt>わたし</rt></ruby>の <ruby>部屋<rt>へや</rt></ruby>は２ <ruby>階<rt>かい</rt></ruby>にあります。,My room is on the second floor.
本屋,ほんや,bookstore (colloquial),<ruby>駅前<rt>えきまえ</rt></ruby>に <ruby>本屋<rt>ほんや</rt></ruby>があります。,There's a bookstore in front of the station.
テレビ,てれび,television,<ruby>私<rt>わたし</rt></ruby>はテレビをあまり <ruby>見<rt>み</rt></ruby>ません。,I don't watch much TV.
米,こめ,rice (grain),<ruby>日本人<rt>にほんじん</rt></ruby>はお <ruby>米<rt>こめ</rt></ruby>が <ruby>大好<rt>だいす</rt></ruby>きです。,Japanese people love rice.
お茶,おちゃ,tea (polite),お <ruby>茶<rt>ちゃ</rt></ruby>を <ruby>入<rt>い</rt></ruby>れましょうか。,Shall I make tea?
味,あじ,taste; flavor,この <ruby>料理<rt>りょうり</rt></ruby>は <ruby>味<rt>あじ</rt></ruby>が <ruby>薄<rt>うす</rt></ruby>い。,This dish is tasteless.
週末,しゅうまつ,weekend,<ruby>週末<rt>しゅうまつ</rt></ruby>は <ruby>家<rt>うち</rt></ruby>でゆっくりします。,I relax at home on weekends.
料理,りょうり,cooking,<ruby>母<rt>はは</rt></ruby>は <ruby>料理<rt>りょうり</rt></ruby>が <ruby>得意<rt>とくい</rt></ruby>です。,My mother is good at cooking.
ただ,ただ,free,この <ruby>温泉<rt>おんせん</rt></ruby>はただです。,This hot spring bathhouse is free.
無理,むり,unreasonable; impossible,５ <ruby>時<rt>じ</rt></ruby>までに <ruby>家<rt>いえ</rt></ruby>に <ruby>帰<rt>かえ</rt></ruby>るのは <ruby>無理<rt>むり</rt></ruby>です。,It's impossible for me to get home by five o'clock.
これら,これら,these,<ruby>今日<rt>きょう</rt></ruby>はこれらの <ruby>問題<rt>もんだい</rt></ruby>について <ruby>話<rt>はな</rt></ruby>し <ruby>合<rt>あ</rt></ruby>います。,We will discuss these issues today.
用,よう,things to do,<ruby>私<rt>わたし</rt></ruby>に <ruby>何<rt>なに</rt></ruby>か <ruby>用<rt>よう</rt></ruby>ですか。,Do you need me for something?
店,みせ,shop; store,<ruby>私<rt>わたし</rt></ruby>はこの <ruby>店<rt>みせ</rt></ruby>によく <ruby>来<rt>き</rt></ruby>ます。,I come to this store quite often.
二階,にかい,second floor; upstairs,<ruby>兄<rt>あに</rt></ruby>は <ruby>二<rt>に</rt></ruby> <ruby>階<rt>かい</rt></ruby>にいます。,My elder brother is on the second floor.
値段,ねだん,price,このベルトの <ruby>値段<rt>ねだん</rt></ruby>は２５００ <ruby>円<rt>えん</rt></ruby>でした。,The price of this belt was 2;500 yen.
合格,ごうかく,pass an examination,<ruby>娘<rt>むすめ</rt></ruby>が <ruby>入学<rt>にゅうがく</rt></ruby> <ruby>試験<rt>しけん</rt></ruby>に <ruby>合格<rt>ごうかく</rt></ruby>しました。,My daughter passed the university entrance exam.
春,はる,spring,<ruby>今年<rt>ことし</rt></ruby>の <ruby>春<rt>はる</rt></ruby>は <ruby>暖<rt>あたた</rt></ruby>かいね。,It's warm this spring; don't you think?
クラス,くらす,class (in school),この <ruby>学校<rt>がっこう</rt></ruby>は１クラス３０ <ruby>人<rt>にん</rt></ruby>です。,This school has 30 people in each class.
夏,なつ,summer,<ruby>私<rt>わたし</rt></ruby>は <ruby>夏<rt>なつ</rt></ruby>が <ruby>大好<rt>だいす</rt></ruby>き。,I love summer.
秋,あき,autumn; fall,<ruby>彼女<rt>かのじょ</rt></ruby>は <ruby>秋<rt>あき</rt></ruby>に <ruby>結婚<rt>けっこん</rt></ruby>します。,She'll get married this fall.
冬,ふゆ,winter,カナダの <ruby>冬<rt>ふゆ</rt></ruby>はとても <ruby>寒<rt>さむ</rt></ruby>いです。,Canadian winters are very cold.
バス,ばす,bus,バスで <ruby>行<rt>い</rt></ruby>こう。,Let's go by bus.
熱,ねつ,heat; fever,<ruby>昨日<rt>きのう</rt></ruby>の <ruby>夜<rt>よる</rt></ruby>、 <ruby>熱<rt>ねつ</rt></ruby>が <ruby>出<rt>で</rt></ruby>ました。,I had a fever last night.
温度,おんど,temperature,<ruby>今<rt>いま</rt></ruby>、 <ruby>部屋<rt>へや</rt></ruby>の <ruby>温度<rt>おんど</rt></ruby>は２５ <ruby>度<rt>ど</rt></ruby>だ。,This room's temperature is currently 25 degrees.
風,かぜ,wind,<ruby>今日<rt>きょう</rt></ruby>は <ruby>風<rt>かぜ</rt></ruby>が <ruby>強<rt>つよ</rt></ruby>いです。,The wind is strong today.
こちら,こちら,here; this way,<ruby>受付<rt>うけつけ</rt></ruby>はこちらです。,The reception desk is this way.
台風,たいふう,typhoon,<ruby>台風<rt>たいふう</rt></ruby>が <ruby>近<rt>ちか</rt></ruby>づいている。,The typhoon's getting closer.
新聞,しんぶん,newspaper,<ruby>今日<rt>きょう</rt></ruby>の <ruby>新聞<rt>しんぶん</rt></ruby>、どこに <ruby>置<rt>お</rt></ruby>いた？。,Where did you put today's newspaper?
パスポート,ぱすぽーと,passport,パスポートが <ruby>見<rt>み</rt></ruby>つからない。,I can't find my passport.
いくつ,いくつ,how many; how old,<ruby>娘<rt>むすめ</rt></ruby>さんはいくつになりましたか。,How old is your daughter now?
考え,かんがえ,thought; idea,それは <ruby>良<rt>い</rt></ruby>い <ruby>考<rt>かんが</rt></ruby>えです。,That's a good idea.
郵便局,ゆうびんきょく,post office,<ruby>郵便<rt>ゆうびん</rt></ruby> <ruby>局<rt>きょく</rt></ruby>はどこですか。,Where's the post office?
メニュー,めにゅー,menu,メニューをください。,Can I have a menu; please?
所,ところ,place,<ruby>私<rt>わたし</rt></ruby>は <ruby>友達<rt>ともだち</rt></ruby>の <ruby>所<rt>ところ</rt></ruby>に <ruby>泊<rt>と</rt></ruby>まった。,I stayed at my friend's place for the night.
住所,じゅうしょ,address,この <ruby>住所<rt>じゅうしょ</rt></ruby>に <ruby>行<rt>い</rt></ruby>ってください。,Please go to this address.
場所,ばしょ,place; space,<ruby>会社<rt>かいしゃ</rt></ruby>の <ruby>場所<rt>ばしょ</rt></ruby>を <ruby>教<rt>おし</rt></ruby>えてください。,Please tell me where the office is.
レシート,れしーと,receipt,レシートを <ruby>財布<rt>さいふ</rt></ruby>に <ruby>入<rt>い</rt></ruby>れました。,I put the receipt in my wallet.
名前,なまえ,name,あなたの <ruby>名前<rt>なまえ</rt></ruby>を <ruby>教<rt>おし</rt></ruby>えてください。,Please tell me your name.
氏名,しめい,name (of a person),ここに <ruby>住所<rt>じゅうしょ</rt></ruby>と <ruby>氏名<rt>しめい</rt></ruby>を <ruby>書<rt>か</rt></ruby>いてください。,Please write your name and address here.
名字,みょうじ,surname; family name,あなたの <ruby>名字<rt>みょうじ</rt></ruby>は <ruby>何<rt>なん</rt></ruby>ですか。,What's your surname?
有名,ゆうめい,famous,<ruby>彼<rt>かれ</rt></ruby>は <ruby>有名<rt>ゆうめい</rt></ruby>な <ruby>歌手<rt>かしゅ</rt></ruby>です。,He's a famous singer.
町,まち,town; city,ここは <ruby>小<rt>ちい</rt></ruby>さな <ruby>町<rt>まち</rt></ruby>です。,This is a small town.
ティッシュ,てぃっしゅ,tissue,ティッシュを <ruby>取<rt>と</rt></ruby>ってください。,Please pass me the tissues.
食べ物,たべもの,food,<ruby>日本<rt>にっぽん</rt></ruby>の <ruby>食<rt>た</rt></ruby>べ <ruby>物<rt>もの</rt></ruby>はとても <ruby>美味<rt>おい</rt></ruby>しいです。,Japanese food is very delicious.
飲み物,のみもの,beverage; drink,<ruby>何<rt>なに</rt></ruby>か <ruby>飲<rt>の</rt></ruby>み <ruby>物<rt>もの</rt></ruby>が <ruby>欲<rt>ほ</rt></ruby>しいな。,I want something to drink.
買い物,かいもの,shopping; purchase,<ruby>母<rt>はは</rt></ruby>は <ruby>買<rt>か</rt></ruby>い <ruby>物<rt>もの</rt></ruby>に <ruby>出<rt>で</rt></ruby>かけています。,My mother went out for shopping.
パート,ぱーと,part-time,<ruby>彼女<rt>かのじょ</rt></ruby>はパートで <ruby>働<rt>はたら</rt></ruby>いています。,She is working part time.
心配,しんぱい,anxiety; worry,<ruby>明日<rt>あす</rt></ruby>のプレゼンテーションが <ruby>心配<rt>しんぱい</rt></ruby>だ。,I'm worried about tomorrow's presentation.
おじさん,おじさん,uncle,<ruby>昨日<rt>きのう</rt></ruby>おじさんに <ruby>会<rt>あ</rt></ruby>いました。,I met my uncle yesterday.
気持ち,きもち,feeling; sensation,<ruby>彼<rt>かれ</rt></ruby>の <ruby>気持<rt>きも</rt></ruby>ちが <ruby>分<rt>わ</rt></ruby>からない。,I don't know how he feels about me.
先生,せんせい,teacher,<ruby>私<rt>わたし</rt></ruby>は <ruby>日本語<rt>にほんご</rt></ruby>の <ruby>先生<rt>せんせい</rt></ruby>になりたいです。,I want to become a Japanese teacher.
おばさん,おばさん,aunt,おばさん <ruby>一家<rt>いっか</rt></ruby>が <ruby>遊<rt>あそ</rt></ruby>びに <ruby>来<rt>き</rt></ruby>ました。,My aunt and her family came to visit me.
女性,じょせい,woman; female,そのパーティーに <ruby>女性<rt>じょせい</rt></ruby>は <ruby>何<rt>なん</rt></ruby> <ruby>人<rt>にん</rt></ruby> <ruby>来<rt>き</rt></ruby>ますか。,How many women are coming to the party?
お土産,おみやげ,souvenir,<ruby>父<rt>ちち</rt></ruby>はお <ruby>土産<rt>みやげ</rt></ruby>にお <ruby>菓子<rt>かし</rt></ruby>を <ruby>買<rt>か</rt></ruby>ってきた。,My father bought some sweets as a souvenir.
生活,せいかつ,life; living,<ruby>日本<rt>にほん</rt></ruby>での <ruby>生活<rt>せいかつ</rt></ruby>は <ruby>楽<rt>たの</rt></ruby>しいです。,Life in Japan is fun.
いとこ,いとこ,cousin,いとこと <ruby>私<rt>わたし</rt></ruby>は <ruby>同<rt>おな</rt></ruby>じ <ruby>年<rt>とし</rt></ruby>です。,My cousin and I are the same age.
生徒,せいと,pupil; student,このクラスの <ruby>生徒<rt>せいと</rt></ruby>は３０ <ruby>人<rt>にん</rt></ruby>です。,There are 30 students in this class.
学生,がくせい,student,<ruby>彼<rt>かれ</rt></ruby>は <ruby>真面目<rt>まじめ</rt></ruby>な <ruby>学生<rt>がくせい</rt></ruby>です。,He's a serious student.
大学,だいがく,university; college,<ruby>大学<rt>だいがく</rt></ruby>に <ruby>行<rt>い</rt></ruby>ってもっと <ruby>勉強<rt>べんきょう</rt></ruby>したいです。,I want to go to college and study more.
大学生,だいがくせい,university student,<ruby>姉<rt>あね</rt></ruby>は <ruby>大学生<rt>だいがくせい</rt></ruby>です。,My big sister's a college student.
中学,ちゅうがく,junior high school,<ruby>息子<rt>むすこ</rt></ruby>は <ruby>中学<rt>ちゅうがく</rt></ruby>に <ruby>通<rt>かよ</rt></ruby>っています。,My son goes to junior high.
どっち,どっち,which,どっちの <ruby>色<rt>いろ</rt></ruby>が <ruby>好<rt>す</rt></ruby>きですか。,Which color do you like?
中学生,ちゅうがくせい,junior high school student,<ruby>息子<rt>むすこ</rt></ruby>は <ruby>中学生<rt>ちゅうがくせい</rt></ruby>です。,My son is a junior high school student.
入学,にゅうがく,enter a school; matriculate,<ruby>妹<rt>いもうと</rt></ruby>は <ruby>九月<rt>くがつ</rt></ruby>にアメリカの <ruby>大学<rt>だいがく</rt></ruby>に <ruby>入学<rt>にゅうがく</rt></ruby>します。,My little sister's entering college in the United States in September.
学校,がっこう,school,<ruby>学校<rt>がっこう</rt></ruby>は８ <ruby>時半<rt>じはん</rt></ruby>に <ruby>始<rt>はじ</rt></ruby>まります。,School starts at 8:30.
高校生,こうこうせい,high school student,<ruby>私<rt>わたし</rt></ruby>の <ruby>弟<rt>おとうと</rt></ruby>は <ruby>高校生<rt>こうこうせい</rt></ruby>です。,My little brother's a high school student.
高校,こうこう,high school,<ruby>妹<rt>いもうと</rt></ruby>は <ruby>高校<rt>こうこう</rt></ruby>に <ruby>通<rt>かよ</rt></ruby>っています。,My little sister goes to high school.
そっち,そっち,there,そっちが <ruby>私<rt>わたし</rt></ruby>の <ruby>部屋<rt>へや</rt></ruby>です。,That's my room over there.
中学校,ちゅうがっこう,junior high school,<ruby>息子<rt>むすこ</rt></ruby>の <ruby>中学校<rt>ちゅうがっこう</rt></ruby>は <ruby>家<rt>いえ</rt></ruby>から５ <ruby>分<rt>ふん</rt></ruby>です。,My son's junior high is five minutes from our house.
小学校,しょうがっこう,elementary school,<ruby>家<rt>いえ</rt></ruby>の <ruby>近<rt>ちか</rt></ruby>くに <ruby>小学校<rt>しょうがっこう</rt></ruby>があります。,There's an elementary school near my house.
勉強,べんきょう,study,<ruby>私<rt>わたし</rt></ruby>は <ruby>日本語<rt>にほんご</rt></ruby>を <ruby>勉強<rt>べんきょう</rt></ruby>しています。,I'm studying Japanese.
あっち,あっち,other side; over there,<ruby>郵便<rt>ゆうびん</rt></ruby> <ruby>局<rt>きょく</rt></ruby>はあっちです。,The post office is that way.
試験,しけん,exam,<ruby>彼<rt>かれ</rt></ruby>は <ruby>採用<rt>さいよう</rt></ruby> <ruby>試験<rt>しけん</rt></ruby>に <ruby>合格<rt>ごうかく</rt></ruby>した。,He passed the employment exam.
質問,しつもん,question,<ruby>質問<rt>しつもん</rt></ruby>のある <ruby>方<rt>かた</rt></ruby>はどうぞ。,Please feel free to ask any questions.
問題,もんだい,problem; question,<ruby>問題<rt>もんだい</rt></ruby>が <ruby>一<rt>ひと</rt></ruby>つあります。,There's one problem.
簡単,かんたん,simple; easy,この <ruby>料理<rt>りょうり</rt></ruby>はとても <ruby>簡単<rt>かんたん</rt></ruby>です。,This dish is very easy to make.
複雑,ふくざつ,complicated; intricate,このプログラムはとても <ruby>複雑<rt>ふくざつ</rt></ruby>です。,This program is very complicated.
数,かず,number,グラスの <ruby>数<rt>かず</rt></ruby>が <ruby>足<rt>た</rt></ruby>りません。,We don't have enough glasses.
数学,すうがく,mathematics,<ruby>兄<rt>あに</rt></ruby>は <ruby>数学<rt>すうがく</rt></ruby>の <ruby>先生<rt>せんせい</rt></ruby>です。,My big brother's a math teacher.
数字,すうじ,number,<ruby>数字<rt>すうじ</rt></ruby>は <ruby>苦手<rt>にがて</rt></ruby>です。,I'm not good with numbers.
今回,こんかい,this time,まあ <ruby>今回<rt>こんかい</rt></ruby>は <ruby>許<rt>ゆる</rt></ruby>してあげよう。,Well; I'll let you off this time.
ウェーター,うぇーたー,waiter,ウェーターが <ruby>水<rt>みず</rt></ruby>を <ruby>運<rt>はこ</rt></ruby>んできました。,The waiter brought some water.
本当,ほんとう,truth; reality,その <ruby>話<rt>はなし</rt></ruby>は <ruby>本当<rt>ほんとう</rt></ruby>ですか。,Is the story true?
ウェートレス,うぇーとれす,waitress,ウェートレスを <ruby>呼<rt>よ</rt></ruby>んだ。,I called the waitress.
経験,けいけん,experience; knowledge or skill gained,<ruby>今日<rt>きょう</rt></ruby>の <ruby>試合<rt>しあい</rt></ruby>はいい <ruby>経験<rt>けいけん</rt></ruby>になりました。,Today's game was a good experience.
手術,しゅじゅつ,surgical operation,<ruby>父<rt>ちち</rt></ruby>は <ruby>胸<rt>むね</rt></ruby>の <ruby>手術<rt>しゅじゅつ</rt></ruby>をした。,My father had a chest operation.
必要,ひつよう,need; necessary,<ruby>私<rt>わたし</rt></ruby>にはたくさんのお <ruby>金<rt>かね</rt></ruby>が <ruby>必要<rt>ひつよう</rt></ruby>だ。,I need a lot of money.
ごちそう,ごちそう,feast; treat,テーブルの <ruby>上<rt>うえ</rt></ruby>にごちそうが <ruby>並<rt>なら</rt></ruby>んでいる。,There are some delicious treats lined up on the table.
時計,とけい,clock; watch,<ruby>時計<rt>とけい</rt></ruby>を <ruby>見<rt>み</rt></ruby>たらちょうど３ <ruby>時<rt>じ</rt></ruby>だった。,It was exactly three when I looked at the clock.
目覚まし時計,めざましどけい,alarm clock,７ <ruby>時<rt>じ</rt></ruby>に <ruby>目覚<rt>めざ</rt></ruby>まし <ruby>時計<rt>どけい</rt></ruby>が <ruby>鳴<rt>な</rt></ruby>りました。,The alarm clock went off at seven o'clock.
フォーク,ふぉーく,fork,フォークをもらえますか。,May I have a fork?
返事,へんじ,answer; reply,<ruby>手紙<rt>てがみ</rt></ruby>の <ruby>返事<rt>へんじ</rt></ruby>を <ruby>出<rt>だ</rt></ruby>しました。,I sent a reply to the letter.
期間,きかん,term; period,テスト <ruby>期間<rt>きかん</rt></ruby>は１０ <ruby>日<rt>か</rt></ruby>から１５ <ruby>日<rt>にち</rt></ruby>までだ。,The exam period is from the 10th to the 15th.
スプーン,すぷーん,spoon,カレーライスはスプーンで <ruby>食<rt>た</rt></ruby>べます。,You eat curry and rice with a spoon.
切手,きって,postage stamp,ここに <ruby>切手<rt>きって</rt></ruby>を <ruby>貼<rt>は</rt></ruby>ってください。,Please put a stamp here.
売り切れ,うりきれ,sell out,チケットはもう <ruby>売<rt>う</rt></ruby>り <ruby>切<rt>き</rt></ruby>れだって。,The tickets have sold out already.
大切,たいせつ,important; valuable,これは <ruby>母<rt>はは</rt></ruby>が <ruby>大切<rt>たいせつ</rt></ruby>にしていた <ruby>指輪<rt>ゆびわ</rt></ruby>です。,This is a ring that meant a lot to my mother.
時代,じだい,age; era,<ruby>今<rt>いま</rt></ruby>は <ruby>便利<rt>べんり</rt></ruby>さとスピードの <ruby>時代<rt>じだい</rt></ruby>だ。,We're living in the age of convenience and speed.
指,ゆび,finger; toe,<ruby>彼<rt>かれ</rt></ruby>は <ruby>指<rt>ゆび</rt></ruby>が <ruby>太<rt>ふと</rt></ruby>い。,His fingers are big.
予定,よてい,schedule; plan,<ruby>今日<rt>きょう</rt></ruby>の <ruby>予定<rt>よてい</rt></ruby>を <ruby>教<rt>おし</rt></ruby>えてください。,Please tell me your schedule today.
約束,やくそく,promise; vow,<ruby>約束<rt>やくそく</rt></ruby>は <ruby>守<rt>まも</rt></ruby>ります。,I keep my promise.
大変,たいへん,awful; hard,<ruby>大変<rt>たいへん</rt></ruby>なことが <ruby>起<rt>お</rt></ruby>こりました。,A terrible thing happened.
文化,ぶんか,culture,<ruby>私<rt>わたし</rt></ruby>はこの <ruby>国<rt>くに</rt></ruby>の <ruby>文化<rt>ぶんか</rt></ruby>を <ruby>勉強<rt>べんきょう</rt></ruby>しています。,I'm studying this country's culture.
たばこ,たばこ,tobacco; cigarette,<ruby>彼<rt>かれ</rt></ruby>はたばこを <ruby>吸<rt>す</rt></ruby>いません。,He doesn't smoke.
アイスコーヒー,あいすこーひー,iced coffee,アイスコーヒーをください。,I'll have an iced coffee please.
席,せき,seat; one's place,この <ruby>席<rt>せき</rt></ruby>、 <ruby>空<rt>あ</rt></ruby>いてますか。,Is this seat taken?
次,つぎ,next,<ruby>次<rt>つぎ</rt></ruby>はいつ <ruby>会<rt>あ</rt></ruby>いましょうか。,When shall we meet again?
運転,うんてん,drive,<ruby>父<rt>ちち</rt></ruby>は <ruby>安全<rt>あんぜん</rt></ruby> <ruby>運転<rt>うんてん</rt></ruby>だ。,My father drives safely.
運動,うんどう,movement; exercise,<ruby>彼<rt>かれ</rt></ruby>はもっと <ruby>運動<rt>うんどう</rt></ruby>した <ruby>方<rt>ほう</rt></ruby>がいい。,He should exercise more.
動物,どうぶつ,animal,<ruby>私<rt>わたし</rt></ruby>は <ruby>動物<rt>どうぶつ</rt></ruby>が <ruby>大好<rt>だいす</rt></ruby>きです。,I love animals.
終わり,おわり,end; conclusion,<ruby>夏休<rt>なつやす</rt></ruby>みももう <ruby>終<rt>お</rt></ruby>わりだ。,Summer vacation's already over.
にんじん,にんじん,carrot,<ruby>私<rt>わたし</rt></ruby>はにんじんが <ruby>嫌<rt>きら</rt></ruby>いだ。,I hate carrots.
去年,きょねん,last year (colloquial),<ruby>私<rt>わたし</rt></ruby>は <ruby>去年<rt>きょねん</rt></ruby>フランスへ <ruby>行<rt>い</rt></ruby>った。,I went to France last year.
出発,しゅっぱつ,departure; starting,あと１５ <ruby>分<rt>ふん</rt></ruby>で <ruby>出発<rt>しゅっぱつ</rt></ruby>です。,Departure will be in fifteen minutes.
紙,かみ,paper,<ruby>紙<rt>かみ</rt></ruby>と <ruby>鉛筆<rt>えんぴつ</rt></ruby>はありますか。,Do you have paper and pencil?
手紙,てがみ,letter,<ruby>友人<rt>ゆうじん</rt></ruby>から <ruby>手紙<rt>てがみ</rt></ruby>をもらいました。,I got a letter from my friend.
雑誌,ざっし,magazine; journal,この <ruby>雑誌<rt>ざっし</rt></ruby>はよく <ruby>売<rt>う</rt></ruby>れています。,This magazine is selling well.
ジャガイモ,じゃがいも,potato,ポテトサラダを <ruby>作<rt>つく</rt></ruby>るから、ジャガイモを <ruby>買<rt>か</rt></ruby>ってきて。,I'm going to make a potato salad; so go and buy some potatoes.
音,おと,sound; noise,<ruby>雨<rt>あめ</rt></ruby>の <ruby>音<rt>おと</rt></ruby>が <ruby>聞<rt>き</rt></ruby>こえる。,I can hear the sound of rain.
音楽,おんがく,music,<ruby>私<rt>わたし</rt></ruby>は <ruby>音楽<rt>おんがく</rt></ruby>を <ruby>聞<rt>き</rt></ruby>くのが <ruby>好<rt>す</rt></ruby>きだ。,I like to listen to music.
薬,くすり,drug; medicine,この <ruby>薬<rt>くすり</rt></ruby>を <ruby>必<rt>かなら</rt></ruby>ず <ruby>飲<rt>の</rt></ruby>んでください。,Please be sure to take this medicine.
ナス,なす,eggplant,<ruby>夕飯<rt>ゆうはん</rt></ruby>にナスの <ruby>天<rt>てん</rt></ruby>ぷらを <ruby>食<rt>た</rt></ruby>べました。,I ate eggplant tempura for dinner.
歌,うた,song,<ruby>私<rt>わたし</rt></ruby>はその <ruby>歌<rt>うた</rt></ruby>を <ruby>知<rt>し</rt></ruby>らなかった。,I didn't know that song.
映画,えいが,movie,<ruby>彼<rt>かれ</rt></ruby>はよく <ruby>映画<rt>えいが</rt></ruby>を <ruby>見<rt>み</rt></ruby>ます。,He watches movies a lot.
やかん,やかん,kettle,やかんでお <ruby>湯<rt>ゆ</rt></ruby>を <ruby>沸<rt>わ</rt></ruby>かしました。,I boiled some water in the kettle.
写真,しゃしん,photograph,<ruby>写真<rt>しゃしん</rt></ruby>は <ruby>良<rt>い</rt></ruby>い <ruby>思<rt>おも</rt></ruby>い <ruby>出<rt>で</rt></ruby>になります。,Photographs bring back a lot of memory.
真ん中,まんなか,center; middle (casual),<ruby>道<rt>みち</rt></ruby>の <ruby>真<rt>ま</rt></ruby>ん <ruby>中<rt>なか</rt></ruby>に <ruby>人<rt>ひと</rt></ruby>が <ruby>立<rt>た</rt></ruby>っている。,Someone is standing in the middle of the road.
色,いろ,color,すてきな <ruby>色<rt>いろ</rt></ruby>のセーターですね。,I like the color of your sweater.
茶色,ちゃいろ,brown,<ruby>彼女<rt>かのじょ</rt></ruby>は <ruby>茶色<rt>ちゃいろ</rt></ruby>の <ruby>靴<rt>くつ</rt></ruby>を <ruby>履<rt>は</rt></ruby>いています。,She's wearing brown shoes.
色々,いろいろ,in various ways,<ruby>彼<rt>かれ</rt></ruby>はいろいろなことを <ruby>知<rt>し</rt></ruby>っている。,He knows a lot of things.
種類,しゅるい,kind; type,バラにはいろいろな <ruby>種類<rt>しゅるい</rt></ruby>があります。,There are many varieties of rose.
なぜ,なぜ,why,なぜ <ruby>来<rt>こ</rt></ruby>なかったの？。,Why didn't you come?
線,せん,line,<ruby>赤<rt>あか</rt></ruby>い <ruby>線<rt>せん</rt></ruby>を２ <ruby>本<rt>ほん</rt></ruby> <ruby>引<rt>ひ</rt></ruby>いてください。,Please draw two red lines.
四つ角,よつかど,intersection,あそこの <ruby>四<rt>よ</rt></ruby>つ <ruby>角<rt>かど</rt></ruby>を <ruby>左<rt>ひだり</rt></ruby>に <ruby>曲<rt>ま</rt></ruby>がってください。,Please turn left at that crossroad up there.
曲がり角,まがりかど,corner (to turn),ポストはそこの <ruby>曲<rt>ま</rt></ruby>がり <ruby>角<rt>かど</rt></ruby>にあります。,There's a post box on that corner.
曲,きょく,piece of music,<ruby>私<rt>わたし</rt></ruby>はこの <ruby>曲<rt>きょく</rt></ruby>が <ruby>大好<rt>だいす</rt></ruby>きです。,I love this piece of music.
いたずら,いたずら,mischief; prank,その <ruby>子<rt>こ</rt></ruby>はいたずらが <ruby>大好<rt>だいす</rt></ruby>きだ。,That kid loves playing tricks.
同じ,おなじ,same; identical,<ruby>彼<rt>かれ</rt></ruby>の <ruby>日本語<rt>にほんご</rt></ruby>のレベルは <ruby>私<rt>わたし</rt></ruby>と <ruby>同<rt>おな</rt></ruby>じくらいだ。,His Japanese level is about the same as mine.
以外,いがい,except for,<ruby>私<rt>わたし</rt></ruby>は <ruby>雨<rt>あめ</rt></ruby>の <ruby>日<rt>ひ</rt></ruby> <ruby>以外<rt>いがい</rt></ruby>は <ruby>自転車<rt>じてんしゃ</rt></ruby>で <ruby>学校<rt>がっこう</rt></ruby>に <ruby>行<rt>い</rt></ruby>く。,I go to school by bicycle except on rainy days.
くし,くし,comb,<ruby>彼<rt>かれ</rt></ruby>はくしで <ruby>髪<rt>かみ</rt></ruby>をとかした。,He combed his hair.
以上,いじょう,more than; not less than,<ruby>飛行機<rt>ひこうき</rt></ruby>が１ <ruby>時間<rt>じかん</rt></ruby> <ruby>以上<rt>いじょう</rt></ruby> <ruby>遅<rt>おく</rt></ruby>れた。,The plane arrived over an hour late.
旅行,りょこう,travel; trip,<ruby>彼女<rt>かのじょ</rt></ruby>は <ruby>旅行<rt>りょこう</rt></ruby>が <ruby>好<rt>す</rt></ruby>きです。,She likes traveling.
図書館,としょかん,library,<ruby>図書館<rt>としょかん</rt></ruby>で <ruby>料理<rt>りょうり</rt></ruby>の <ruby>本<rt>ほん</rt></ruby>を <ruby>借<rt>か</rt></ruby>りた。,I borrowed a cookbook from the library.
大使館,たいしかん,embassy,<ruby>彼<rt>かれ</rt></ruby>は <ruby>大使館<rt>たいしかん</rt></ruby>に <ruby>勤<rt>つと</rt></ruby>めています。,He works at an embassy.
宿題,しゅくだい,homework,<ruby>宿題<rt>しゅくだい</rt></ruby>、 <ruby>手伝<rt>てつだ</rt></ruby>ってくれない？。,Can you help me with my homework?
遊び,あそび,play; amusement,お <ruby>正月<rt>しょうがつ</rt></ruby>にはいろいろな <ruby>遊<rt>あそ</rt></ruby>びをします。,We play a lot of games at New Year's.
服,ふく,clothes,<ruby>昨日<rt>きのう</rt></ruby>、 <ruby>新<rt>あたら</rt></ruby>しい <ruby>服<rt>ふく</rt></ruby>を <ruby>買<rt>か</rt></ruby>った。,I bought some new clothes yesterday.
教室,きょうしつ,classroom; class,<ruby>私<rt>わたし</rt></ruby>の <ruby>教室<rt>きょうしつ</rt></ruby>は３ <ruby>階<rt>がい</rt></ruby>にあります。,My classroom is on the third floor.
窓,まど,window,<ruby>窓<rt>まど</rt></ruby>を <ruby>開<rt>あ</rt></ruby>けてください。,Please open the window.
スポーツ,すぽーつ,sport,あなたは <ruby>何<rt>なに</rt></ruby>かスポーツをしていますか。,Do you play any sports?
お父さん,おとうさん,father,お <ruby>父<rt>とう</rt></ruby>さんは <ruby>会社<rt>かいしゃ</rt></ruby> <ruby>員<rt>いん</rt></ruby>です。,My father's a company employee.
父,ちち,(speaker's) father,<ruby>私<rt>わたし</rt></ruby>は <ruby>父<rt>ちち</rt></ruby>が <ruby>大好<rt>だいす</rt></ruby>きです。,I love my father.
お母さん,おかあさん,mother,お <ruby>母<rt>かあ</rt></ruby>さんによろしくお <ruby>伝<rt>つた</rt></ruby>えください。,Please say hello to your mother.
母,はは,(speaker's) mother,<ruby>昨日<rt>きのう</rt></ruby>、 <ruby>母<rt>はは</rt></ruby>と <ruby>話<rt>はなし</rt></ruby>をしました。,I talked to my mother yesterday.
親,おや,parent,<ruby>親<rt>おや</rt></ruby>の <ruby>愛<rt>あい</rt></ruby>はありがたい。,Parental love should be appreciated.
チャンス,ちゃんす,chance,これは <ruby>素晴<rt>すば</rt></ruby>らしいチャンスだ。,This is a great chance.
家族,かぞく,family; household,うちは <ruby>五<rt>ご</rt></ruby> <ruby>人<rt>にん</rt></ruby> <ruby>家族<rt>かぞく</rt></ruby>です。,We're a family of five.
姉,あね,older sister,<ruby>姉<rt>あね</rt></ruby>は <ruby>大学生<rt>だいがくせい</rt></ruby>です。,My big sister's a college student.
お姉さん,おねえさん,older sister,<ruby>昨日<rt>きのう</rt></ruby>、あなたのお <ruby>姉<rt>ねえ</rt></ruby>さんに <ruby>会<rt>あ</rt></ruby>ったよ。,I met your older sister yesterday.
姉さん,ねえさん,older sister,<ruby>姉<rt>ねえ</rt></ruby>さん、ごめんね。,I'm sorry sis.
妹,いもうと,younger sister,<ruby>私<rt>わたし</rt></ruby>の <ruby>妹<rt>いもうと</rt></ruby>は <ruby>小学生<rt>しょうがくせい</rt></ruby>です。,My little sister goes to elementary school.
クリーニング,くりーにんぐ,dry cleaning,スーツをクリーニングに <ruby>出<rt>だ</rt></ruby>しました。,I sent the suit to the cleaners.
兄,あに,older brother,<ruby>兄<rt>あに</rt></ruby>は <ruby>水泳<rt>すいえい</rt></ruby>が <ruby>得意<rt>とくい</rt></ruby>です。,My big brother is good at swimming.
お兄さん,おにいさん,older brother,あなたのお <ruby>兄<rt>にい</rt></ruby>さんは <ruby>何<rt>なん</rt></ruby> <ruby>歳<rt>さい</rt></ruby>？。,How old is your big brother?
兄さん,にいさん,older brother,<ruby>兄<rt>にい</rt></ruby>さん、おめでとう。,Congratulations; big brother.
弟,おとうと,younger brother,<ruby>弟<rt>おとうと</rt></ruby>は <ruby>野球<rt>やきゅう</rt></ruby>が <ruby>好<rt>す</rt></ruby>きです。,My little brother likes baseball.
兄弟,きょうだい,sibling,<ruby>彼<rt>かれ</rt></ruby>は３ <ruby>人<rt>にん</rt></ruby> <ruby>兄弟<rt>きょうだい</rt></ruby>です。,He is one of the three siblings.
サービス,さーびす,service; on the house,この <ruby>店<rt>みせ</rt></ruby>はサービスがいい。,The service in this restaurant is good.
娘,むすめ,daughter; girl,<ruby>私<rt>わたし</rt></ruby>の <ruby>娘<rt>むすめ</rt></ruby>はアメリカにいます。,My daughter is in the United States.
息子,むすこ,son,うちの <ruby>息子<rt>むすこ</rt></ruby>は <ruby>大学<rt>だいがく</rt></ruby>１ <ruby>年生<rt>ねんせい</rt></ruby>です。,My son's a college freshman.
若者,わかもの,young person; youth,<ruby>最近<rt>さいきん</rt></ruby>の <ruby>若者<rt>わかもの</rt></ruby>は <ruby>本<rt>ほん</rt></ruby>を <ruby>読<rt>よ</rt></ruby>まない。,Young people these days don't read books.
彼女,かのじょ,she; one's girlfriend,<ruby>彼女<rt>かのじょ</rt></ruby>は ＯＬ<rt>おーえる</rt></ruby>です。,She's an office worker.
グループ,ぐるーぷ,group,<ruby>店<rt>みせ</rt></ruby>に <ruby>学生<rt>がくせい</rt></ruby>のグループが <ruby>来<rt>き</rt></ruby>た。,A group of students came to the shop.
彼,かれ,he; one's boyfriend,<ruby>彼<rt>かれ</rt></ruby>は <ruby>私<rt>わたし</rt></ruby>の <ruby>上司<rt>じょうし</rt></ruby>です。,He's my boss.
彼ら,かれら,they,<ruby>彼<rt>かれ</rt></ruby>らはバスケットの <ruby>選手<rt>せんしゅ</rt></ruby>です。,They're basketball players.
結婚,けっこん,marriage,<ruby>彼女<rt>かのじょ</rt></ruby>は <ruby>来月<rt>らいげつ</rt></ruby> <ruby>結婚<rt>けっこん</rt></ruby>します。,She's getting married next month.
課題,かだい,task; assignment,<ruby>夏休<rt>なつやす</rt></ruby>みの <ruby>課題<rt>かだい</rt></ruby>は <ruby>何<rt>なん</rt></ruby>ですか。,What's our summer assignment?
自転車,じてんしゃ,bicycle,<ruby>毎日<rt>まいにち</rt></ruby>、 <ruby>駅<rt>えき</rt></ruby>まで <ruby>自転車<rt>じてんしゃ</rt></ruby>で <ruby>行<rt>い</rt></ruby>きます。,I go to the station by bike every day.
自分,じぶん,self; oneself,<ruby>宿題<rt>しゅくだい</rt></ruby>は <ruby>自分<rt>じぶん</rt></ruby>でやりなさい。,Do your homework on your own.
自然,しぜん,nature,みんなで <ruby>自然<rt>しぜん</rt></ruby>を <ruby>守<rt>まも</rt></ruby>りましょう。,Let us all work together to protect nature.
自然,しぜん,natural,<ruby>親<rt>おや</rt></ruby>が <ruby>子供<rt>こども</rt></ruby>を <ruby>守<rt>まも</rt></ruby>るのは <ruby>自然<rt>しぜん</rt></ruby>なことだ。,It's natural that parents protect their children.
自動車,じどうしゃ,automobile,<ruby>彼<rt>かれ</rt></ruby>は <ruby>自動車<rt>じどうしゃ</rt></ruby> <ruby>会社<rt>がいしゃ</rt></ruby>に <ruby>就職<rt>しゅうしょく</rt></ruby>した。,He got a job at a car company.
理由,りゆう,reason; cause,<ruby>遅<rt>おく</rt></ruby>れた <ruby>理由<rt>りゆう</rt></ruby>を <ruby>教<rt>おし</rt></ruby>えてください。,Please tell me why you were late.
そちら,そちら,there; that way,<ruby>夕方<rt>ゆうがた</rt></ruby>そちらに <ruby>着<rt>つ</rt></ruby>きます。,I'll get there in the evening.
自由,じゆう,freedom,<ruby>今日<rt>きょう</rt></ruby>は <ruby>自由<rt>じゆう</rt></ruby>な <ruby>時間<rt>じかん</rt></ruby>が <ruby>多<rt>おお</rt></ruby>い。,I have a lot of free time today.
信号,しんごう,signal; traffic light,<ruby>信号<rt>しんごう</rt></ruby>が <ruby>青<rt>あお</rt></ruby>になった。,The traffic light turned green.
ご主人,ごしゅじん,(someone else's) husband,ご <ruby>主人<rt>しゅじん</rt></ruby>はお <ruby>元気<rt>げんき</rt></ruby>ですか。,How is your husband?
あちら,あちら,over there; that way,あちらに <ruby>行<rt>い</rt></ruby>ってみよう。,Let's go that way.
会議,かいぎ,conference; meeting,<ruby>今日<rt>きょう</rt></ruby>の <ruby>午後<rt>ごご</rt></ruby>、 <ruby>大事<rt>だいじ</rt></ruby>な <ruby>会議<rt>かいぎ</rt></ruby>があります。,There's an important meeting this afternoon.
反対,はんたい,oppose; object,<ruby>私<rt>わたし</rt></ruby>は <ruby>反対<rt>はんたい</rt></ruby>です。,I'm against it.
答え,こたえ,answer; solution,<ruby>彼<rt>かれ</rt></ruby>はその <ruby>問題<rt>もんだい</rt></ruby>の <ruby>答<rt>こた</rt></ruby>えが <ruby>分<rt>わ</rt></ruby>からない。,He doesn't know the answer to the problem.
別,べつ,another; different,<ruby>別<rt>べつ</rt></ruby>の <ruby>本<rt>ほん</rt></ruby>も <ruby>見<rt>み</rt></ruby>せてください。,Please show me another book.
特別,とくべつ,special,あなたは <ruby>私<rt>わたし</rt></ruby>にとって <ruby>特別<rt>とくべつ</rt></ruby>な <ruby>人<rt>ひと</rt></ruby>です。,You're special to me.
普通,ふつう,normal; regular,<ruby>彼女<rt>かのじょ</rt></ruby>は <ruby>普通<rt>ふつう</rt></ruby>の <ruby>女<rt>おんな</rt></ruby>の <ruby>子<rt>こ</rt></ruby>だ。,She's just a normal girl.
平和,へいわ,peace; harmony,この <ruby>国<rt>くに</rt></ruby>は <ruby>平和<rt>へいわ</rt></ruby>です。,This country is at peace.
病気,びょうき,illness,<ruby>祖父<rt>そふ</rt></ruby>が <ruby>病気<rt>びょうき</rt></ruby>になった。,My grandfather got sick.
病院,びょういん,hospital,<ruby>病院<rt>びょういん</rt></ruby>はどこですか。,Where is the hospital?
入院,にゅういん,be hospitalized,<ruby>昨日<rt>きのう</rt></ruby>、 <ruby>母<rt>はは</rt></ruby>が <ruby>入院<rt>にゅういん</rt></ruby>しました。,My mother was hospitalized yesterday.
お医者さん,おいしゃさん,doctor,<ruby>熱<rt>ねつ</rt></ruby>があるのでお <ruby>医者<rt>いしゃ</rt></ruby>さんに <ruby>行<rt>い</rt></ruby>った。,I went to the doctor because I had a fever.
歯,は,tooth,<ruby>私<rt>わたし</rt></ruby>の <ruby>歯<rt>は</rt></ruby>は <ruby>丈夫<rt>じょうぶ</rt></ruby>です。,I have strong teeth.
歯ブラシ,はぶらし,toothbrush,<ruby>新<rt>あたら</rt></ruby>しい <ruby>歯<rt>は</rt></ruby>ブラシが <ruby>必要<rt>ひつよう</rt></ruby>だ。,I need a new toothbrush.
教科書,きょうかしょ,textbook; schoolbook,<ruby>日本語<rt>にほんご</rt></ruby>の <ruby>教科書<rt>きょうかしょ</rt></ruby>を <ruby>忘<rt>わす</rt></ruby>れた。,I forgot my Japanese textbook.
科学,かがく,science,<ruby>科学<rt>かがく</rt></ruby>は <ruby>常<rt>つね</rt></ruby>に <ruby>進歩<rt>しんぽ</rt></ruby>している。,Science is always advancing.
酒,さけ,alcohol; rice wine,<ruby>彼女<rt>かのじょ</rt></ruby>は <ruby>酒<rt>さけ</rt></ruby>に <ruby>強<rt>つよ</rt></ruby>い。,She holds her liquor well.
危険,きけん,danger; dangerous,その <ruby>地域<rt>ちいき</rt></ruby>は <ruby>今<rt>いま</rt></ruby>、 <ruby>危険<rt>きけん</rt></ruby>だ。,That region is dangerous now.
意味,いみ,meaning; significance,それはどういう <ruby>意味<rt>いみ</rt></ruby>ですか。,What does it mean?
意見,いけん,opinion,あなたの <ruby>意見<rt>いけん</rt></ruby>が <ruby>聞<rt>き</rt></ruby>きたいです。,I want to hear your opinion.
注意,ちゅうい,attention; care,<ruby>車<rt>くるま</rt></ruby>に <ruby>注意<rt>ちゅうい</rt></ruby>してください。,Please watch out for cars.
用意,ようい,preparation,<ruby>食事<rt>しょくじ</rt></ruby>の <ruby>用意<rt>ようい</rt></ruby>ができました。,The meal is ready.
確か,たしか,for sure; for certain,<ruby>彼<rt>かれ</rt></ruby>の <ruby>昇進<rt>しょうしん</rt></ruby>は <ruby>確<rt>たし</rt></ruby>かだ。,He's sure to get a promotion.
確認,かくにん,confirmation,もう <ruby>一度<rt>いちど</rt></ruby>、 <ruby>予約<rt>よやく</rt></ruby>を <ruby>確認<rt>かくにん</rt></ruby>した。,I confirmed my reservation one more time.
どなた,どなた,who,<ruby>失礼<rt>しつれい</rt></ruby>ですが、どなたですか。,Excuse me; but who are you?
機械,きかい,machine,<ruby>新<rt>あたら</rt></ruby>しい <ruby>機械<rt>きかい</rt></ruby>が <ruby>壊<rt>こわ</rt></ruby>れた。,The new machine broke.
基本,きほん,basics,<ruby>今<rt>いま</rt></ruby>、ジャズダンスの <ruby>基本<rt>きほん</rt></ruby>を <ruby>習<rt>なら</rt></ruby>っています。,We're learning the basics of jazz dance right now.
準備,じゅんび,preparation; arrangement,<ruby>明日<rt>あす</rt></ruby>の <ruby>会議<rt>かいぎ</rt></ruby>の <ruby>準備<rt>じゅんび</rt></ruby>をした。,I prepared for tomorrow's meeting.
説明,せつめい,explanation; description,この <ruby>単語<rt>たんご</rt></ruby>の <ruby>意味<rt>いみ</rt></ruby>を <ruby>説明<rt>せつめい</rt></ruby>してください。,Please tell me the meaning of this word.
小説,しょうせつ,novel,<ruby>私<rt>わたし</rt></ruby>は <ruby>月<rt>つき</rt></ruby>に３ <ruby>冊<rt>さつ</rt></ruby>くらい <ruby>小説<rt>しょうせつ</rt></ruby>を <ruby>読<rt>よ</rt></ruby>みます。,I read about three novels a month.
アパート,あぱーと,apartment; flat,<ruby>彼<rt>かれ</rt></ruby>はアパートに <ruby>住<rt>す</rt></ruby>んでいます。,He lives in an apartment.
公園,こうえん,park; public garden,<ruby>公園<rt>こうえん</rt></ruby>に <ruby>小<rt>ちい</rt></ruby>さな <ruby>池<rt>いけ</rt></ruby>があります。,There's a small pond in the park.
実際,じっさい,reality; actual state,<ruby>彼<rt>かれ</rt></ruby>は <ruby>実際<rt>じっさい</rt></ruby>にはあまり <ruby>背<rt>せ</rt></ruby>が <ruby>高<rt>たか</rt></ruby>くない。,Actually; he's not very tall.
国際,こくさい,international,ここで <ruby>国際<rt>こくさい</rt></ruby> <ruby>会議<rt>かいぎ</rt></ruby>が <ruby>開<rt>ひら</rt></ruby>かれます。,An international conference is going to be held here.
飛行機,ひこうき,airplane,<ruby>息子<rt>むすこ</rt></ruby>は <ruby>飛行機<rt>ひこうき</rt></ruby>のおもちゃが <ruby>好<rt>す</rt></ruby>きです。,My son likes toy airplanes.
ホテル,ほてる,hotel,<ruby>今<rt>いま</rt></ruby>ホテルに <ruby>着<rt>つ</rt></ruby>きました。,I've just arrived at the hotel.
空港,くうこう,airport (for public transportation),<ruby>空港<rt>くうこう</rt></ruby>までリムジンバスで <ruby>行<rt>い</rt></ruby>った。,I went to the airport by shuttle bus.
島,しま,island (Japanese origin),<ruby>日本<rt>にっぽん</rt></ruby>は <ruby>島<rt>しま</rt></ruby> <ruby>国<rt>ぐに</rt></ruby>です。,Japan is an island nation.
平成,へいせい,Heisei era,<ruby>彼女<rt>かのじょ</rt></ruby>は <ruby>平成<rt>へいせい</rt></ruby>３ <ruby>年<rt>ねん</rt></ruby> <ruby>生<rt>う</rt></ruby>まれです。,She was born in Heisei Year 3 (1991).
成功,せいこう,success,ついに <ruby>実験<rt>じっけん</rt></ruby>が <ruby>成功<rt>せいこう</rt></ruby>した。,The experiment finally succeeded.
お願い,おねがい,favor,お <ruby>願<rt>ねが</rt></ruby>いがあります。,I have a favor to ask.
パソコン,ぱそこん,personal computer,<ruby>彼<rt>かれ</rt></ruby>はパソコンを２ <ruby>台<rt>だい</rt></ruby> <ruby>持<rt>も</rt></ruby>っています。,He has two personal computers.
季節,きせつ,season,<ruby>私<rt>わたし</rt></ruby>の <ruby>一番<rt>いちばん</rt></ruby> <ruby>好<rt>す</rt></ruby>きな <ruby>季節<rt>きせつ</rt></ruby>は <ruby>春<rt>はる</rt></ruby>です。,My favorite season is spring.
提案,ていあん,proposition; proposal,そのアイデアは <ruby>彼<rt>かれ</rt></ruby>の <ruby>提案<rt>ていあん</rt></ruby>です。,He's the one who proposed the idea.
相手,あいて,opponent; the other party,<ruby>試合<rt>しあい</rt></ruby>の <ruby>相手<rt>あいて</rt></ruby>は <ruby>誰<rt>だれ</rt></ruby>ですか。,Who are they playing against?
テスト,てすと,test,<ruby>明日<rt>あした</rt></ruby>は <ruby>理科<rt>りか</rt></ruby>のテストです。,I have a science test tomorrow.
相談,そうだん,consultation; advice,<ruby>相談<rt>そうだん</rt></ruby>したいことがあります。,I'd like to get your advice on something.
日記,にっき,diary,<ruby>私<rt>わたし</rt></ruby>は <ruby>毎日<rt>まいにち</rt></ruby>、 <ruby>日記<rt>にっき</rt></ruby>をつけています。,I keep a diary every day.
億,おく,hundred million,<ruby>世界<rt>せかい</rt></ruby> <ruby>人口<rt>じんこう</rt></ruby>は６５ <ruby>億<rt>おく</rt></ruby> <ruby>人<rt>にん</rt></ruby>だ。,The world's population is 6.5 billion people.
寺,てら,temple,あそこに <ruby>古<rt>ふる</rt></ruby>いお <ruby>寺<rt>てら</rt></ruby>があります。,There's an old temple there.
日,ひ,(specific) day; sun; daytime,<ruby>夏<rt>なつ</rt></ruby>は <ruby>日<rt>ひ</rt></ruby>が <ruby>長<rt>なが</rt></ruby>い。,Days are longer in summer.
ポスト,ぽすと,postbox; mailbox,<ruby>手紙<rt>てがみ</rt></ruby>をポストに <ruby>入<rt>い</rt></ruby>れました。,I put the letter in the mailbox.
金,きん,gold,<ruby>彼女<rt>かのじょ</rt></ruby>は <ruby>金<rt>きん</rt></ruby>のネックレスをしています。,She's wearing a gold necklace.
年月,ねんげつ,years; period of time,そのお <ruby>寺<rt>てら</rt></ruby>は <ruby>長<rt>なが</rt></ruby>い <ruby>年月<rt>ねんげつ</rt></ruby>をかけて <ruby>建<rt>た</rt></ruby>てられた。,The temple was built over a long period of time.
先月,せんげつ,last month,<ruby>先月<rt>せんげつ</rt></ruby>、 <ruby>友達<rt>ともだち</rt></ruby>の <ruby>結婚式<rt>けっこんしき</rt></ruby>があった。,My friend had a wedding last month.
ハンカチ,はんかち,handkerchief,ハンカチで <ruby>手<rt>て</rt></ruby>をふきました。,I wiped my hands with my handkerchief.
行き,いき,going; bound for,<ruby>行<rt>い</rt></ruby>きは <ruby>新幹線<rt>しんかんせん</rt></ruby>で <ruby>行<rt>い</rt></ruby>った。,I went by bullet train on the way over.
行き,ゆき,going; bound for (traditional reading),<ruby>東京<rt>とうきょう</rt></ruby> <ruby>行<rt>ゆ</rt></ruby>きの <ruby>列車<rt>れっしゃ</rt></ruby>に <ruby>乗<rt>の</rt></ruby>った。,I got on the Tokyo-bound train.
帰り,かえり,return; going home,<ruby>仕事<rt>しごと</rt></ruby>の <ruby>帰<rt>かえ</rt></ruby>りにビールを <ruby>飲<rt>の</rt></ruby>んだ。,I had a beer on the way home from work.
日中,にっちゅう,during the day,<ruby>日中<rt>にっちゅう</rt></ruby>はずっと <ruby>海<rt>うみ</rt></ruby>で <ruby>泳<rt>およ</rt></ruby>いでいました。,I swam in the sea all day long.
ブラウス,ぶらうす,blouse,<ruby>彼女<rt>かのじょ</rt></ruby>は <ruby>白<rt>しろ</rt></ruby>いブラウスを <ruby>着<rt>き</rt></ruby>ている。,She's wearing a white blouse.
上り,のぼり,going up; ascent,これは <ruby>上<rt>のぼ</rt></ruby>り <ruby>電車<rt>でんしゃ</rt></ruby>です。,This is the train heading toward Tokyo.
下り,くだり,downhill; going down,もうすぐ <ruby>下<rt>くだ</rt></ruby>りの <ruby>電車<rt>でんしゃ</rt></ruby>が <ruby>発車<rt>はっしゃ</rt></ruby>します。,The train out of the city is leaving.
年下,としした,younger; junior,<ruby>彼<rt>かれ</rt></ruby>は <ruby>奥<rt>おく</rt></ruby>さんより <ruby>年下<rt>としした</rt></ruby>です。,He's younger than his wife.
左右,さゆう,right and left,<ruby>左右<rt>さゆう</rt></ruby>を <ruby>見<rt>み</rt></ruby>てから <ruby>横断<rt>おうだん</rt></ruby> <ruby>歩道<rt>ほどう</rt></ruby>を <ruby>渡<rt>わた</rt></ruby>りなさい。,Look left and right before crossing the crosswalk.
人々,ひとびと,people,あの <ruby>村<rt>むら</rt></ruby>の <ruby>人々<rt>ひとびと</rt></ruby>はとても <ruby>親切<rt>しんせつ</rt></ruby>です。,People in that village are very kind.
外人,がいじん,foreigner; alien,この <ruby>町<rt>まち</rt></ruby>には <ruby>外人<rt>がいじん</rt></ruby>が <ruby>少<rt>すく</rt></ruby>ない。,There are few foreigners in this town.
休日,きゅうじつ,holiday; day off,<ruby>休日<rt>きゅうじつ</rt></ruby>は <ruby>家<rt>いえ</rt></ruby>でよくテレビを <ruby>見<rt>み</rt></ruby>ます。,I often watch television at home on my days off.
協力,きょうりょく,cooperation; collaboration,このプロジェクトにはみんなの <ruby>協力<rt>きょうりょく</rt></ruby>が <ruby>必要<rt>ひつよう</rt></ruby>です。,This project requires everyone's cooperation.
出口,でぐち,exit,<ruby>出口<rt>でぐち</rt></ruby>はあそこです。,The exit's over there.
入り口,いりぐち,entrance,<ruby>入<rt>い</rt></ruby>り <ruby>口<rt>ぐち</rt></ruby>は <ruby>向<rt>む</rt></ruby>こうです。,The entrance is over there.
右手,みぎて,right hand,<ruby>私<rt>わたし</rt></ruby>は <ruby>右手<rt>みぎて</rt></ruby>で <ruby>字<rt>じ</rt></ruby>を <ruby>書<rt>か</rt></ruby>きます。,I write right-handed.
左手,ひだりて,left hand,<ruby>彼女<rt>かのじょ</rt></ruby>は <ruby>左手<rt>ひだりて</rt></ruby>で <ruby>字<rt>じ</rt></ruby>を <ruby>書<rt>か</rt></ruby>く。,She writes left-handed.
ランチ,らんち,lunch,<ruby>一緒<rt>いっしょ</rt></ruby>にランチに <ruby>行<rt>い</rt></ruby>きませんか。,Do you want to go to lunch with us?
毎年,まいねん,every year (formal),<ruby>毎年<rt>まいねん</rt></ruby> <ruby>給料<rt>きゅうりょう</rt></ruby>が <ruby>上<rt>あ</rt></ruby>がる。,My salary goes up every year.
毎週,まいしゅう,every week,<ruby>私<rt>わたし</rt></ruby>は <ruby>毎週<rt>まいしゅう</rt></ruby> <ruby>母<rt>はは</rt></ruby>に <ruby>電話<rt>でんわ</rt></ruby>をします。,I call my mother every week.
りんご,りんご,apple,りんごを１つください。,Please give me one apple.
石,いし,stone; small rock,<ruby>私<rt>わたし</rt></ruby>は <ruby>石<rt>いし</rt></ruby>につまずいた。,I tripped on a stone.
林,はやし,woods; forest,<ruby>私<rt>わたし</rt></ruby>たちは <ruby>林<rt>はやし</rt></ruby>の <ruby>中<rt>なか</rt></ruby>に <ruby>入<rt>はい</rt></ruby>っていった。,We entered the woods.
少女,しょうじょ,girl,それは <ruby>少女<rt>しょうじょ</rt></ruby> <ruby>向<rt>む</rt></ruby>けの <ruby>雑誌<rt>ざっし</rt></ruby>です。,It's a magazine for girls.
私,わたくし,I (formal),<ruby>私<rt>わたくし</rt></ruby>は <ruby>北海道<rt>ほっかいどう</rt></ruby>の <ruby>出身<rt>しゅっしん</rt></ruby>です。,I'm from Hokkaido.
みかん,みかん,tangerine,みかんを１つください。,Please give me a tangerine.
家内,かない,one's wife,<ruby>家内<rt>かない</rt></ruby>は <ruby>九州<rt>きゅうしゅう</rt></ruby> <ruby>出身<rt>しゅっしん</rt></ruby>です。,My wife is from Kyushu.
気,き,spirit; temperament,<ruby>彼<rt>かれ</rt></ruby>は <ruby>意外<rt>いがい</rt></ruby>に <ruby>気<rt>き</rt></ruby>が <ruby>小<rt>ちい</rt></ruby>さい。,I'm surprised to find that he is actually timid.
明らか,あきらか,clear; obvious,<ruby>明<rt>あき</rt></ruby>らかに <ruby>彼<rt>かれ</rt></ruby>が <ruby>悪<rt>わる</rt></ruby>い。,It's clearly his fault.
一昨年,おととし,the year before last (colloquial),<ruby>一昨年<rt>おととし</rt></ruby> <ruby>初<rt>はじ</rt></ruby>めて <ruby>京都<rt>きょうと</rt></ruby>へ <ruby>旅行<rt>りょこう</rt></ruby>しました。,I first traveled to Kyoto the year before last.
コーヒー,こーひー,coffee,<ruby>私<rt>わたし</rt></ruby>は <ruby>毎朝<rt>まいあさ</rt></ruby>コーヒーを <ruby>飲<rt>の</rt></ruby>みます。,I drink coffee every morning.
この間,このあいだ,the other day; not so long ago,この <ruby>間<rt>あいだ</rt></ruby> <ruby>彼女<rt>かのじょ</rt></ruby>に <ruby>会<rt>あ</rt></ruby>った。,I met her the other day.
人間,にんげん,human being,<ruby>人間<rt>にんげん</rt></ruby>の <ruby>心<rt>こころ</rt></ruby>は <ruby>複雑<rt>ふくざつ</rt></ruby>です。,The human mind is complex.
間,あいだ,interval; space between things,<ruby>雲<rt>くも</rt></ruby>の <ruby>間<rt>あいだ</rt></ruby>から <ruby>月<rt>つき</rt></ruby>が <ruby>出<rt>で</rt></ruby>た。,The moon came out from between the clouds.
コップ,こっぷ,cup; glass,<ruby>私<rt>わたし</rt></ruby>は <ruby>毎朝<rt>まいあさ</rt></ruby>コップ <ruby>一杯<rt>いっぱい</rt></ruby>の <ruby>水<rt>みず</rt></ruby>を <ruby>飲<rt>の</rt></ruby>む。,I drink a glass of water every morning.
最大,さいだい,biggest; largest,これは <ruby>世界<rt>せかい</rt></ruby> <ruby>最大<rt>さいだい</rt></ruby>の <ruby>船<rt>ふね</rt></ruby>です。,This is the world's largest ship.
後,のち,after; afterward,<ruby>後<rt>のち</rt></ruby>に <ruby>彼<rt>かれ</rt></ruby>は <ruby>総理<rt>そうり</rt></ruby> <ruby>大臣<rt>だいじん</rt></ruby>になりました。,He would later become Prime Minister.
今後,こんご,in the future; from now on,<ruby>今後<rt>こんご</rt></ruby>ともよろしくお <ruby>願<rt>ねが</rt></ruby>いします。,I look forward to working with you in the future.
牛,うし,cattle; cow,<ruby>牛<rt>うし</rt></ruby>が <ruby>草<rt>くさ</rt></ruby>を <ruby>食<rt>た</rt></ruby>べています。,The cow is eating grass.
半年,はんとし,half a year,<ruby>日本<rt>にっぽん</rt></ruby>に <ruby>来<rt>き</rt></ruby>て <ruby>半年<rt>はんとし</rt></ruby>になります。,It has been half a year since I came to Japan.
毎朝,まいあさ,every morning,<ruby>私<rt>わたし</rt></ruby>は <ruby>毎朝<rt>まいあさ</rt></ruby>ジョギングをします。,I jog every morning.
おじ,おじ,(one's own) uncle,おじは <ruby>銀行<rt>ぎんこう</rt></ruby>に <ruby>勤<rt>つと</rt></ruby>めています。,My uncle works at a bank.
昼休み,ひるやすみ,lunch break,<ruby>昼休<rt>ひるやす</rt></ruby>みに <ruby>公園<rt>こうえん</rt></ruby>に <ruby>行<rt>い</rt></ruby>った。,I went to the park at lunchtime.
昼前,ひるまえ,in the morning; before noon,<ruby>昼前<rt>ひるまえ</rt></ruby>に <ruby>会議<rt>かいぎ</rt></ruby>があった。,There was a meeting in the morning.
毎晩,まいばん,every evening,<ruby>姉<rt>あね</rt></ruby>は <ruby>毎晩<rt>まいばん</rt></ruby> <ruby>日記<rt>にっき</rt></ruby>を <ruby>書<rt>か</rt></ruby>いています。,My older sister writes a diary every evening.
夕飯,ゆうはん,evening meal; dinner,<ruby>夕飯<rt>ゆうはん</rt></ruby>は <ruby>寿司<rt>すし</rt></ruby>でした。,I had sushi for dinner.
花見,はなみ,flower viewing,<ruby>友達<rt>ともだち</rt></ruby>と <ruby>花見<rt>はなみ</rt></ruby>をしました。,I went cherry blossom-viewing with my friend.
おば,おば,(one's own) aunt,おばは <ruby>大阪<rt>おおさか</rt></ruby>に <ruby>住<rt>す</rt></ruby>んでいます。,My aunt lives in Osaka.
言い方,いいかた,way of speaking; expression,そんな <ruby>言<rt>い</rt></ruby>い <ruby>方<rt>かた</rt></ruby>をしてはいけません。,Don't you ever talk like that.
一言,ひとこと,single word; brief speech,<ruby>社長<rt>しゃちょう</rt></ruby>に <ruby>一言<rt>ひとこと</rt></ruby>お <ruby>願<rt>ねが</rt></ruby>いしたの。,I asked the president to deliver a brief speech.
読み,よみ,reading,<ruby>母<rt>はは</rt></ruby>に <ruby>読<rt>よ</rt></ruby>み <ruby>書<rt>か</rt></ruby>きを <ruby>習<rt>なら</rt></ruby>いました。,I learned reading and writing from my mother.
読み方,よみかた,how to read; way of reading,この <ruby>漢字<rt>かんじ</rt></ruby>の <ruby>読<rt>よ</rt></ruby>み <ruby>方<rt>かた</rt></ruby>を <ruby>教<rt>おし</rt></ruby>えてください。,Please tell me how to read this Chinese character.
文字,もじ,character; letter; writing,<ruby>壁<rt>かべ</rt></ruby>に <ruby>文字<rt>もじ</rt></ruby>が <ruby>書<rt>か</rt></ruby>いてあった。,There was some writing on the wall.
ローマ字,ろーまじ,Roman alphabet,ローマ <ruby>字<rt>じ</rt></ruby>で <ruby>名前<rt>なまえ</rt></ruby>を <ruby>書<rt>か</rt></ruby>いてください。,Please write your name in Roman letters.
書き方,かきかた,how to write; way of writing,<ruby>彼<rt>かれ</rt></ruby>はその <ruby>漢字<rt>かんじ</rt></ruby>の <ruby>書<rt>か</rt></ruby>き <ruby>方<rt>かた</rt></ruby>が <ruby>分<rt>わ</rt></ruby>からない。,He doesn't know how to write that Chinese character.
読書,どくしょ,reading,<ruby>私<rt>わたし</rt></ruby>の <ruby>趣味<rt>しゅみ</rt></ruby>は <ruby>読書<rt>どくしょ</rt></ruby>です。,My hobby is reading.
会話,かいわ,conversation,<ruby>親子<rt>おやこ</rt></ruby>の <ruby>会話<rt>かいわ</rt></ruby>は <ruby>大切<rt>たいせつ</rt></ruby>です。,Conversation between parents and children is important.
大会,たいかい,tournament; event,<ruby>夏<rt>なつ</rt></ruby>には <ruby>川辺<rt>かわべ</rt></ruby>で <ruby>花火<rt>はなび</rt></ruby> <ruby>大会<rt>たいかい</rt></ruby>があります。,There will be fireworks by the river in summer.
社員,しゃいん,staff member; employee,<ruby>彼<rt>かれ</rt></ruby>は <ruby>優秀<rt>ゆうしゅう</rt></ruby>な <ruby>社員<rt>しゃいん</rt></ruby>です。,He's an excellent employee.
ガス,がす,gas,<ruby>地震<rt>じしん</rt></ruby>でガスが <ruby>止<rt>と</rt></ruby>まった。,The gas line stopped due to the earthquake.
仕方,しかた,way; method,ファイルのダウンロードの <ruby>仕方<rt>しかた</rt></ruby>が <ruby>分<rt>わ</rt></ruby>かりません。,I don't know how to download the file.
火事,かじ,fire,<ruby>火事<rt>かじ</rt></ruby>です。１１９ <ruby>番<rt>ばん</rt></ruby>に <ruby>電話<rt>でんわ</rt></ruby>してください。,There's a fire. Please call 119.
工事,こうじ,construction; repairing,<ruby>工事<rt>こうじ</rt></ruby>の <ruby>音<rt>おと</rt></ruby>がうるさい。,The construction site is noisy.
駅員,えきいん,station attendant,<ruby>駅員<rt>えきいん</rt></ruby>に <ruby>聞<rt>き</rt></ruby>きましょう。,Let's ask the station attendant.
交通事故,こうつうじこ,traffic accident,<ruby>彼<rt>かれ</rt></ruby>は <ruby>交通<rt>こうつう</rt></ruby> <ruby>事故<rt>じこ</rt></ruby>を <ruby>起<rt>お</rt></ruby>こした。,He caused a traffic accident.
カメラ,かめら,camera,カメラが <ruby>壊<rt>こわ</rt></ruby>れた。,My camera broke.
水道,すいどう,tap water,<ruby>東京<rt>とうきょう</rt></ruby>は <ruby>水道<rt>すいどう</rt></ruby>の <ruby>水<rt>みず</rt></ruby>がまずい。,Tap water in Tokyo doesn't taste good.
車道,しゃどう,road; roadway,<ruby>車道<rt>しゃどう</rt></ruby>の <ruby>工事<rt>こうじ</rt></ruby>が <ruby>始<rt>はじ</rt></ruby>まりました。,The road construction has started.
地下,ちか,underground,スタジオは <ruby>地下<rt>ちか</rt></ruby>にあります。,The studio is in the basement.
土地,とち,land,ここは <ruby>父<rt>ちち</rt></ruby>の <ruby>土地<rt>とち</rt></ruby>です。,This is my father's land.
他,た,other (Chinese origin),<ruby>留学生<rt>りゅうがくせい</rt></ruby>はアジア <ruby>人<rt>じん</rt></ruby>が <ruby>多<rt>おお</rt></ruby>く、その <ruby>他<rt>た</rt></ruby>は３ <ruby>割<rt>わり</rt></ruby>です。,The majority of foreign students are Asian; with 30 percent from other regions.
サラリーマン,さらりーまん,office worker; company employee,<ruby>父<rt>ちち</rt></ruby>はサラリーマンです。,My father's a company employee.
中止,ちゅうし,suspension; cancellation,<ruby>雨<rt>あめ</rt></ruby>で <ruby>運動会<rt>うんどうかい</rt></ruby>が <ruby>中止<rt>ちゅうし</rt></ruby>になったの。,The sports day has been canceled due to the rain.
歩道,ほどう,sidewalk; pavement,<ruby>歩道<rt>ほどう</rt></ruby>を <ruby>歩<rt>ある</rt></ruby>きましょう。,Let's walk on the pavement.
何度,なんど,how many times; how many degrees,あの <ruby>店<rt>みせ</rt></ruby>には <ruby>何<rt>なん</rt></ruby> <ruby>度<rt>ど</rt></ruby>も <ruby>行<rt>い</rt></ruby>きました。,I've been to that shop many times.
ゴルフ,ごるふ,golf,<ruby>兄<rt>あに</rt></ruby>はゴルフを <ruby>始<rt>はじ</rt></ruby>めました。,My older brother started playing golf.
社長,しゃちょう,president (of a company),おばは <ruby>小<rt>ちい</rt></ruby>さな <ruby>会社<rt>かいしゃ</rt></ruby>の <ruby>社長<rt>しゃちょう</rt></ruby>です。,My aunt is the president of a small firm.
長女,ちょうじょ,eldest daughter,うちの <ruby>長女<rt>ちょうじょ</rt></ruby>は１０ <ruby>歳<rt>さい</rt></ruby>です。,Our oldest daughter is ten.
会長,かいちょう,president; chairperson,<ruby>初<rt>はじ</rt></ruby>めに <ruby>会長<rt>かいちょう</rt></ruby>が <ruby>挨拶<rt>あいさつ</rt></ruby>した。,First was the president's greeting.
広さ,ひろさ,area; extent,その <ruby>家<rt>いえ</rt></ruby>の <ruby>広<rt>ひろ</rt></ruby>さはどれ <ruby>位<rt>ぐらい</rt></ruby>ですか。,How big is that house?
コース,こーす,course; route,<ruby>私<rt>わたし</rt></ruby>は <ruby>日本語<rt>にほんご</rt></ruby>コースを <ruby>取<rt>と</rt></ruby>っています。,I'm taking a Japanese course.
全体,ぜんたい,whole; total,<ruby>全体<rt>ぜんたい</rt></ruby>の８０パーセントが <ruby>完成<rt>かんせい</rt></ruby>しました。,80 percent of the total has been completed.
部分,ぶぶん,part; section,この <ruby>部分<rt>ぶぶん</rt></ruby>は <ruby>問題<rt>もんだい</rt></ruby>ないです。,There's no problem with this part.
外国語,がいこくご,foreign language,<ruby>外国<rt>がいこく</rt></ruby> <ruby>語<rt>ご</rt></ruby>を <ruby>習<rt>なら</rt></ruby>うのは <ruby>難<rt>むずか</rt></ruby>しい。,Learning a foreign language is hard.
国内,こくない,domestic; internal,この <ruby>携帯<rt>けいたい</rt></ruby> <ruby>電話<rt>でんわ</rt></ruby>が <ruby>使<rt>つか</rt></ruby>えるのは <ruby>国内<rt>こくない</rt></ruby>だけです。,You can only make domestic calls on this cell-phone.
黒,くろ,black,<ruby>黒<rt>くろ</rt></ruby>のボールペンはありますか。,Do you have a black pen?
赤ちゃん,あかちゃん,baby (colloquial),ベッドで <ruby>赤<rt>あか</rt></ruby>ちゃんが <ruby>眠<rt>ねむ</rt></ruby>っています。,The baby's sleeping in the bed.
銀,ぎん,silver,<ruby>彼<rt>かれ</rt></ruby>は <ruby>銀<rt>ぎん</rt></ruby>メダルを <ruby>取<rt>と</rt></ruby>った。,He got the silver medal.
地下鉄,ちかてつ,subway,<ruby>私<rt>わたし</rt></ruby>は <ruby>地下鉄<rt>ちかてつ</rt></ruby>で <ruby>通勤<rt>つうきん</rt></ruby>しています。,I commute to work by subway.
分野,ぶんや,field; area,<ruby>音楽<rt>おんがく</rt></ruby>は <ruby>彼<rt>かれ</rt></ruby>の <ruby>得意<rt>とくい</rt></ruby>な <ruby>分野<rt>ぶんや</rt></ruby>です。,Music is his field of specialty.
つもり,つもり,intention; purpose,<ruby>明日<rt>あした</rt></ruby>からタバコを <ruby>止<rt>や</rt></ruby>めるつもりです。,I'll stop smoking as of tomorrow.
そば屋,そばや,buckwheat noodle shop,<ruby>昼<rt>ひる</rt></ruby>はそば <ruby>屋<rt>や</rt></ruby>に <ruby>行<rt>い</rt></ruby>きました。,I went to a noodle shop for lunch.
茶,ちゃ,tea,<ruby>私<rt>わたし</rt></ruby>たちは <ruby>毎日<rt>まいにち</rt></ruby>お <ruby>茶<rt>ちゃ</rt></ruby>を <ruby>飲<rt>の</rt></ruby>みます。,We drink tea every day.
未来,みらい,future,<ruby>未来<rt>みらい</rt></ruby>は <ruby>誰<rt>だれ</rt></ruby>にも <ruby>分<rt>わ</rt></ruby>からない。,No one knows the future.
作文,さくぶん,composition; essay,<ruby>日本語<rt>にほんご</rt></ruby>で <ruby>作文<rt>さくぶん</rt></ruby>を <ruby>書<rt>か</rt></ruby>きました。,I wrote an essay in Japanese.
用事,ようじ,errand; business,<ruby>父<rt>ちち</rt></ruby>は <ruby>用事<rt>ようじ</rt></ruby>で <ruby>出掛<rt>でか</rt></ruby>けています。,My father is out running errands.
交通費,こうつうひ,traveling expense; transportation fee,<ruby>会社<rt>かいしゃ</rt></ruby>までの <ruby>交通<rt>こうつう</rt></ruby> <ruby>費<rt>ひ</rt></ruby>は １<rt>いっ</rt></ruby>か <ruby>月<rt>げつ</rt></ruby>８，０００ <ruby>円<rt>えん</rt></ruby>です。,Transportation to the company costs 8;000 yen a month.
消しゴム,けしごむ,eraser,<ruby>消<rt>け</rt></ruby>しゴムを <ruby>貸<rt>か</rt></ruby>してください。,Can I borrow your eraser?
店員,てんいん,clerk; salesperson,あの <ruby>店員<rt>てんいん</rt></ruby>はとても <ruby>親切<rt>しんせつ</rt></ruby>です。,That store clerk is very kind.
売店,ばいてん,booth; shop,<ruby>駅<rt>えき</rt></ruby>の <ruby>売店<rt>ばいてん</rt></ruby>で <ruby>雑誌<rt>ざっし</rt></ruby>を <ruby>買<rt>か</rt></ruby>った。,I bought a magazine at a shop in the station.
タクシー,たくしー,taxi,タクシーを <ruby>呼<rt>よ</rt></ruby>んでください。,Please call a taxi.
商品,しょうひん,goods; commodities,この <ruby>商品<rt>しょうひん</rt></ruby>はよく <ruby>売<rt>う</rt></ruby>れている。,This product is selling well.
作品,さくひん,work of art; creation,この <ruby>絵<rt>え</rt></ruby>はゴッホの <ruby>作品<rt>さくひん</rt></ruby>だ。,This painting is one of van Gogh's works.
販売,はんばい,sale; selling,<ruby>前売<rt>まえうり</rt></ruby> <ruby>券<rt>けん</rt></ruby>は <ruby>窓口<rt>まどぐち</rt></ruby>で <ruby>販売<rt>はんばい</rt></ruby>しています。,Advance tickets are sold at the ticket window.
階段,かいだん,steps; flight of stairs,<ruby>私<rt>わたし</rt></ruby>たちは <ruby>駅<rt>えき</rt></ruby>の <ruby>階段<rt>かいだん</rt></ruby>をかけ <ruby>上<rt>あ</rt></ruby>がった。,We ran up the station steps.
価格,かかく,price; value,ガソリンの <ruby>価格<rt>かかく</rt></ruby>がどんどん <ruby>上<rt>あ</rt></ruby>がっている。,The price of gasoline keeps going up fast.
ガラス,がらす,glass (material),クリスタルガラスの <ruby>花瓶<rt>かびん</rt></ruby>を <ruby>買<rt>か</rt></ruby>いました。,I bought a crystal glass vase.
夏休み,なつやすみ,summer vacation,<ruby>夏休<rt>なつやす</rt></ruby>みにお <ruby>祖母<rt>ばあ</rt></ruby>ちゃんの <ruby>家<rt>うち</rt></ruby>へ <ruby>行<rt>い</rt></ruby>きました。,I went to my grandma's house during summer vacation.
冬休み,ふゆやすみ,winter vacation,<ruby>冬休<rt>ふゆやす</rt></ruby>みにお <ruby>祖父<rt>じい</rt></ruby>ちゃんの <ruby>家<rt>うち</rt></ruby>に <ruby>行<rt>い</rt></ruby>きます。,I'm going to my grandpa's house during winter break.
暑さ,あつさ,heat (of weather),<ruby>今年<rt>ことし</rt></ruby>の <ruby>夏<rt>なつ</rt></ruby>は <ruby>暑<rt>あつ</rt></ruby>さが <ruby>厳<rt>きび</rt></ruby>しい。,The heat this summer is overbearing.
寒気,さむけ,chill,<ruby>何<rt>なん</rt></ruby>だか <ruby>寒気<rt>さむけ</rt></ruby>がします。,I feel chilly somehow.
寒さ,さむさ,coldness; cold,<ruby>今日<rt>きょう</rt></ruby>は <ruby>厳<rt>きび</rt></ruby>しい <ruby>寒<rt>さむ</rt></ruby>さになるでしょう。,It will be very cold today.
気温,きおん,air temperature,<ruby>今日<rt>きょう</rt></ruby>の <ruby>気温<rt>きおん</rt></ruby>は２６ <ruby>度<rt>ど</rt></ruby>です。,Today's temperature is 26 degrees.
台,だい,stand; table,そこにちょうど <ruby>良<rt>い</rt></ruby>い <ruby>台<rt>だい</rt></ruby>がある。,We have a perfect table there.
情報,じょうほう,information,<ruby>学生<rt>がくせい</rt></ruby>たちはインターネットでいろいろな <ruby>情報<rt>じょうほう</rt></ruby>を <ruby>集<rt>あつ</rt></ruby>めた。,The students collected all kinds of information on the Internet.
報告,ほうこく,report,<ruby>昨日<rt>きのう</rt></ruby>の <ruby>会議<rt>かいぎ</rt></ruby>について <ruby>報告<rt>ほうこく</rt></ruby>があります。,There's a report about yesterday's meeting.
新年,しんねん,New Year,<ruby>新年<rt>しんねん</rt></ruby> <ruby>明<rt>あ</rt></ruby>けましておめでとうございます。,Happy new year.
昔,むかし,old times; the old days,<ruby>昔<rt>むかし</rt></ruby>のことを <ruby>思<rt>おも</rt></ruby>い <ruby>出<rt>だ</rt></ruby>したの。,I remembered the past.
悪口,わるくち,slander; abuse,<ruby>彼<rt>かれ</rt></ruby>は <ruby>決<rt>けっ</rt></ruby>して <ruby>人<rt>ひと</rt></ruby>の <ruby>悪口<rt>わるくち</rt></ruby>を <ruby>言<rt>い</rt></ruby>わないの。,He never speaks ill of other people.
安心,あんしん,peace of mind; relief,それを <ruby>聞<rt>き</rt></ruby>いて <ruby>安心<rt>あんしん</rt></ruby>しました。,I was relieved to hear that.
中心,ちゅうしん,center (of a circle; etc.); core,ここが <ruby>建物<rt>たてもの</rt></ruby>の <ruby>中心<rt>ちゅうしん</rt></ruby>です。,This is the center of the building.
思い出,おもいで,memory,<ruby>旅行<rt>りょこう</rt></ruby>で <ruby>楽<rt>たの</rt></ruby>しい <ruby>思<rt>おも</rt></ruby>い <ruby>出<rt>で</rt></ruby>ができました。,I made wonderful memories during my trip.
ラジオ,らじお,radio,<ruby>私<rt>わたし</rt></ruby>は <ruby>毎朝<rt>まいあさ</rt></ruby>ラジオを <ruby>聴<rt>き</rt></ruby>きます。,I listen to the radio every morning.
能力,のうりょく,capability; performance ability of machine; etc.,<ruby>彼<rt>かれ</rt></ruby>は <ruby>能力<rt>のうりょく</rt></ruby>のある <ruby>社員<rt>しゃいん</rt></ruby>です。,He's a capable employee.
可能,かのう,possible; potential,２０キロのダイエットは <ruby>可能<rt>かのう</rt></ruby>だと <ruby>思<rt>おも</rt></ruby>いますか。,Do you think it's possible to go on a twenty kilogram diet?
郵便,ゆうびん,mail service; postal mail,さっき <ruby>郵便<rt>ゆうびん</rt></ruby>が <ruby>届<rt>とど</rt></ruby>きました。,The mail has just arrived.
不便,ふべん,inconvenient,<ruby>私<rt>わたし</rt></ruby>の <ruby>家<rt>いえ</rt></ruby>は <ruby>駅<rt>えき</rt></ruby>から <ruby>遠<rt>とお</rt></ruby>くて <ruby>不便<rt>ふべん</rt></ruby>です。,My house is inconveniently located far from the station.
郵便屋さん,ゆうびんやさん,mail carrier,<ruby>郵便<rt>ゆうびん</rt></ruby> <ruby>屋<rt>や</rt></ruby>さんはもう <ruby>来<rt>き</rt></ruby>ましたか。,Has the mail carrier already come?
ニュース,にゅーす,news,<ruby>夜<rt>よる</rt></ruby>のニュースを <ruby>見<rt>み</rt></ruby>ましたか。,Did you see the evening news?
交番,こうばん,police box,あそこの <ruby>交番<rt>こうばん</rt></ruby>で <ruby>道<rt>みち</rt></ruby>を <ruby>聞<rt>き</rt></ruby>きましょう。,Let's ask for directions at that police box.
番,ばん,one's turn; watch,<ruby>今日<rt>きょう</rt></ruby>は <ruby>私<rt>わたし</rt></ruby>が <ruby>皿<rt>さら</rt></ruby>を <ruby>洗<rt>あら</rt></ruby>う <ruby>番<rt>ばん</rt></ruby>ですね。,It's my turn to do the dishes today.
番号,ばんごう,number,この <ruby>番号<rt>ばんごう</rt></ruby>に <ruby>電話<rt>でんわ</rt></ruby>してください。,Please call this number.
台所,だいどころ,kitchen,お <ruby>母<rt>かあ</rt></ruby>さんは <ruby>台所<rt>だいどころ</rt></ruby>にいます。,Mother's in the kitchen.
近所,きんじょ,neighborhood,<ruby>近所<rt>きんじょ</rt></ruby>にカナダ <ruby>人<rt>じん</rt></ruby>が <ruby>住<rt>す</rt></ruby>んでいる。,A Canadian lives in my neighborhood.
パーティー,ぱーてぃー,party,<ruby>明日<rt>あした</rt></ruby>、うちでパーティーを <ruby>開<rt>ひら</rt></ruby>きます。,Tomorrow I'm having a party at my house.
所有,しょゆう,ownership; own,<ruby>彼<rt>かれ</rt></ruby>は <ruby>車<rt>くるま</rt></ruby>を３ <ruby>台<rt>だい</rt></ruby> <ruby>所有<rt>しょゆう</rt></ruby>している。,He owns three cars.
都合,つごう,convenience; availability,<ruby>今日<rt>きょう</rt></ruby>は <ruby>都合<rt>つごう</rt></ruby>が <ruby>悪<rt>わる</rt></ruby>くて <ruby>行<rt>い</rt></ruby>けません。,I'm not available today.
都市,とし,city; town,<ruby>東京<rt>とうきょう</rt></ruby>は <ruby>日本一<rt>にほんいち</rt></ruby> <ruby>大<rt>おお</rt></ruby>きな <ruby>都市<rt>とし</rt></ruby>です。,Tokyo is the largest city in Japan.
品物,しなもの,article; goods,その <ruby>店<rt>みせ</rt></ruby>はいろいろな <ruby>品物<rt>しなもの</rt></ruby>を <ruby>売<rt>う</rt></ruby>っている。,The shop sells a lot of products.
荷物,にもつ,baggage; load,<ruby>彼<rt>かれ</rt></ruby>は <ruby>大<rt>おお</rt></ruby>きな <ruby>荷物<rt>にもつ</rt></ruby>を <ruby>持<rt>も</rt></ruby>ってきた。,He brought a large suitcase.
見物,けんぶつ,sightseeing; visit,<ruby>皆<rt>みな</rt></ruby>で <ruby>東京<rt>とうきょう</rt></ruby> <ruby>見物<rt>けんぶつ</rt></ruby>をした。,We all went sightseeing in Tokyo.
ビール,びーる,beer,<ruby>夏<rt>なつ</rt></ruby>はビールがとても <ruby>美味<rt>おい</rt></ruby>しい。,Beer tastes really good in summer.
物,もの,thing; object,<ruby>彼女<rt>かのじょ</rt></ruby>の <ruby>家<rt>いえ</rt></ruby>には <ruby>物<rt>もの</rt></ruby>がたくさんあります。,There are a lot of things in her house.
物語,ものがたり,story; tale,<ruby>私<rt>わたし</rt></ruby>は <ruby>冒険<rt>ぼうけん</rt></ruby>の <ruby>物語<rt>ものがたり</rt></ruby>が <ruby>大好<rt>だいす</rt></ruby>きです。,I love adventure stories.
忘れ物,わすれもの,something left behind; lost item,<ruby>学校<rt>がっこう</rt></ruby>に <ruby>忘<rt>わす</rt></ruby>れ <ruby>物<rt>もの</rt></ruby>をしました。,I left something behind at school.
本物,ほんもの,real; truly worthy (things; people),これは <ruby>本物<rt>ほんもの</rt></ruby>のダイヤモンドです。,This is a real diamond.
重さ,おもさ,weight,この <ruby>荷物<rt>にもつ</rt></ruby>の <ruby>重<rt>おも</rt></ruby>さを <ruby>計<rt>はか</rt></ruby>ってください。,Please weigh this luggage.
ビデオ,びでお,video,<ruby>私<rt>わたし</rt></ruby>はその <ruby>番組<rt>ばんぐみ</rt></ruby>をビデオに <ruby>撮<rt>と</rt></ruby>った。,I recorded that program on video.
重大,じゅうだい,important; serious,<ruby>重大<rt>じゅうだい</rt></ruby>な <ruby>発表<rt>はっぴょう</rt></ruby>があります。,I have an important announcement.
配達,はいたつ,delivery,<ruby>彼<rt>かれ</rt></ruby>は <ruby>新聞<rt>しんぶん</rt></ruby> <ruby>配達<rt>はいたつ</rt></ruby>をしている。,He's delivering newspapers.
見送り,みおくり,see (someone) off,<ruby>駅<rt>えき</rt></ruby>に <ruby>友人<rt>ゆうじん</rt></ruby>の <ruby>見送<rt>みおく</rt></ruby>りに <ruby>行<rt>い</rt></ruby>きました。,I went to the station to see off my friend.
ビル,びる,building,<ruby>私<rt>わたし</rt></ruby>の <ruby>会社<rt>かいしゃ</rt></ruby>はあのビルの８ <ruby>階<rt>かい</rt></ruby>です。,My company's on the eighth floor of that building.
金持ち,かねもち,wealthy person,<ruby>彼<rt>かれ</rt></ruby>は <ruby>金持<rt>かねも</rt></ruby>ちです。,He's rich.
土産,みやげ,souvenir,<ruby>土産<rt>みやげ</rt></ruby>に <ruby>日本酒<rt>にほんしゅ</rt></ruby>をもらった。,I got sake as a souvenir.
小学生,しょうがくせい,elementary school student,うちの <ruby>息子<rt>むすこ</rt></ruby>は <ruby>来年<rt>らいねん</rt></ruby>、 <ruby>小学生<rt>しょうがくせい</rt></ruby>になります。,Our son will start primary school next year.
セーター,せーたー,sweater,このセーターはウールだ。,This sweater is made of wool.
通学,つうがく,going to school,<ruby>毎朝<rt>まいあさ</rt></ruby>、 <ruby>通学<rt>つうがく</rt></ruby>に１ <ruby>時間<rt>じかん</rt></ruby>かかる。,It takes me an hour to go to school every morning.
教会,きょうかい,church,<ruby>私<rt>わたし</rt></ruby>たちは <ruby>教会<rt>きょうかい</rt></ruby>で <ruby>結婚式<rt>けっこんしき</rt></ruby>をしました。,We had our wedding in a church.
教育,きょういく,education,<ruby>彼<rt>かれ</rt></ruby>は <ruby>海外<rt>かいがい</rt></ruby>で <ruby>教育<rt>きょういく</rt></ruby>を <ruby>受<rt>う</rt></ruby>けました。,He received his education abroad.
強さ,つよさ,strength,<ruby>風<rt>かぜ</rt></ruby>の <ruby>強<rt>つよ</rt></ruby>さに <ruby>驚<rt>おどろ</rt></ruby>きました。,I was surprised at the strength of the wind.
シャツ,しゃつ,shirt,このシャツはアイロンが <ruby>必要<rt>ひつよう</rt></ruby>だ。,This shirt needs ironing.
引き出し,ひきだし,drawer,<ruby>財布<rt>さいふ</rt></ruby>は <ruby>引<rt>ひ</rt></ruby>き <ruby>出<rt>だ</rt></ruby>しの <ruby>中<rt>なか</rt></ruby>にあります。,My purse is in the drawer.
押し入れ,おしいれ,sliding-door closet,<ruby>布団<rt>ふとん</rt></ruby>を <ruby>押<rt>お</rt></ruby>し <ruby>入<rt>い</rt></ruby>れにしまいました。,I put my futon in the closet.
練習,れんしゅう,practice; training,<ruby>娘<rt>むすめ</rt></ruby>は <ruby>今<rt>いま</rt></ruby>、バイオリンを <ruby>練習<rt>れんしゅう</rt></ruby>しています。,My daughter is practicing the violin now.
習慣,しゅうかん,custom; habit,<ruby>毎朝<rt>まいあさ</rt></ruby>コーヒーを <ruby>飲<rt>の</rt></ruby>むのが <ruby>習慣<rt>しゅうかん</rt></ruby>です。,I'm in the habit of drinking coffee every morning.
アイスクリーム<br>,あいすくりーむ,ice cream,<ruby>弟<rt>おとうと</rt></ruby>はアイスクリームが <ruby>大好<rt>だいす</rt></ruby>きです。,My little brother loves ice cream.
研究,けんきゅう,research; study,<ruby>彼<rt>かれ</rt></ruby>は <ruby>何<rt>なん</rt></ruby> <ruby>年<rt>ねん</rt></ruby>も <ruby>地震<rt>じしん</rt></ruby>の <ruby>研究<rt>けんきゅう</rt></ruby>をしている。,He's been researching earthquakes for many years.
個人,こじん,individual,これは <ruby>私<rt>わたし</rt></ruby> <ruby>個人<rt>こじん</rt></ruby>の <ruby>意見<rt>いけん</rt></ruby>です。,This is my personal opinion.
当時,とうじ,at that time,<ruby>彼女<rt>かのじょ</rt></ruby>は <ruby>当時<rt>とうじ</rt></ruby>、まだ３ <ruby>才<rt>さい</rt></ruby>だった。,She was only three years old at the time.
担当,たんとう,person in charge,<ruby>私<rt>わたし</rt></ruby>はセールスを <ruby>担当<rt>たんとう</rt></ruby>しています。,I'm in charge of sales.
当然,とうぜん,natural; as a matter of course,<ruby>彼女<rt>かのじょ</rt></ruby>が <ruby>怒<rt>おこ</rt></ruby>るのも <ruby>当然<rt>とうぜん</rt></ruby>だ。,It's natural that she should be angry.
方法,ほうほう,method; procedure,いい <ruby>方法<rt>ほうほう</rt></ruby>を <ruby>思<rt>おも</rt></ruby>いつきました。,We hit on a good method.
法律,ほうりつ,law,<ruby>新<rt>あたら</rt></ruby>しい <ruby>法律<rt>ほうりつ</rt></ruby>ができた。,A new law has been passed.
マンション,まんしょん,apartment; residential building,<ruby>彼<rt>かれ</rt></ruby>はマンションに <ruby>住<rt>す</rt></ruby>んでいます。,He lives in an apartment.
規則,きそく,rule; regulation,あの <ruby>会社<rt>かいしゃ</rt></ruby>の <ruby>規則<rt>きそく</rt></ruby>は <ruby>厳<rt>きび</rt></ruby>しいです。,That company's rules are strict.
経営,けいえい,management; operation,<ruby>我<rt>わ</rt></ruby>が <ruby>社<rt>しゃ</rt></ruby>の <ruby>経営<rt>けいえい</rt></ruby>はうまくいっています。,Our company is well managed.
企業,きぎょう,corporation; business,<ruby>彼女<rt>かのじょ</rt></ruby>はアメリカの <ruby>企業<rt>きぎょう</rt></ruby>で <ruby>働<rt>はたら</rt></ruby>いています。,She works at an American company.
便利,べんり,convenience,インターネットはとても <ruby>便利<rt>べんり</rt></ruby>です。,The Internet is very convenient.
エレベーター,えれべーたー,elevator,エレベーターで <ruby>下<rt>した</rt></ruby>に <ruby>降<rt>お</rt></ruby>りましょう。,Let's take the elevator down.
利用,りよう,utilization; usage,<ruby>私<rt>わたし</rt></ruby>はよく <ruby>図書館<rt>としょかん</rt></ruby>を <ruby>利用<rt>りよう</rt></ruby>します。,I often go to the library.
重要,じゅうよう,important; essential,これは <ruby>重要<rt>じゅうよう</rt></ruby>な <ruby>書類<rt>しょるい</rt></ruby>です。,This is an important document.
金額,きんがく,amount of money; sum,レシートで <ruby>買<rt>か</rt></ruby>い <ruby>物<rt>もの</rt></ruby>の <ruby>金額<rt>きんがく</rt></ruby>を <ruby>確<rt>たし</rt></ruby>かめたよ。,I confirmed the cost of the shopping with the receipt.
合計,ごうけい,sum; total,<ruby>合計<rt>ごうけい</rt></ruby> <ruby>金額<rt>きんがく</rt></ruby>を <ruby>計算<rt>けいさん</rt></ruby>してください。,Please calculate the total amount of money.
計算,けいさん,calculation,その <ruby>計算<rt>けいさん</rt></ruby>は <ruby>間違<rt>まちが</rt></ruby>っている。,That calculation is wrong.
交差点,こうさてん,crossing; intersection,<ruby>次<rt>つぎ</rt></ruby>の <ruby>交差点<rt>こうさてん</rt></ruby>を <ruby>左<rt>ひだり</rt></ruby>に <ruby>曲<rt>ま</rt></ruby>がってください。,Please turn left at the next intersection.
トラック,とらっく,truck,トラックを <ruby>運転<rt>うんてん</rt></ruby>できますか。,Can you drive a truck?
レコード,れこーど,record,ジャズのレコードをかけました。,I put on a jazz record.
時期,じき,time; season,<ruby>今<rt>いま</rt></ruby>はあなたにとって <ruby>大事<rt>だいじ</rt></ruby>な <ruby>時期<rt>じき</rt></ruby>です。,It's an important time for you now.
期待,きたい,expectation; anticipation,みんな <ruby>私<rt>わたし</rt></ruby>たちに <ruby>期待<rt>きたい</rt></ruby>しています。,Everyone has high expectations of us.
急,きゅう,urgent; steep,<ruby>急<rt>きゅう</rt></ruby>な <ruby>坂道<rt>さかみち</rt></ruby>を <ruby>上<rt>のぼ</rt></ruby>った。,I went up the steep hill.
ページ,ぺーじ,page,<ruby>教科書<rt>きょうかしょ</rt></ruby>の３６ページを <ruby>開<rt>ひら</rt></ruby>いてください。,Please open your textbooks to page 36.
急行,きゅうこう,express train,ちょうど <ruby>急行<rt>きゅうこう</rt></ruby> <ruby>電車<rt>でんしゃ</rt></ruby>が <ruby>来<rt>き</rt></ruby>た。,The express train just arrived.
切符,きっぷ,ticket,<ruby>東京<rt>とうきょう</rt></ruby>までの <ruby>切符<rt>きっぷ</rt></ruby>を <ruby>買<rt>か</rt></ruby>った。,I bought a ticket to Tokyo.
入場券,にゅうじょうけん,entrance ticket,<ruby>入場<rt>にゅうじょう</rt></ruby> <ruby>券<rt>けん</rt></ruby>は３０００ <ruby>円<rt>えん</rt></ruby>です。,The admission ticket is 3;000 yen.
