～か月,～かげつ,period of months,2か <ruby>月<rt>げつ</rt></ruby> <ruby>前<rt>まえ</rt></ruby>に <ruby>日本<rt>にほん</rt></ruby>に <ruby>来<rt>き</rt></ruby>ました。,I came to Japan 2 months ago.
～人,～にん,counter for people,<ruby>彼女<rt>かのじょ</rt></ruby>は <ruby>五<rt>ご</rt></ruby> <ruby>人<rt>にん</rt></ruby>の <ruby>兄<rt>あに</rt></ruby>がいる。,She has five older brothers.
～個,～こ,counter for small objects,ハンバーガーを <ruby>二<rt>に</rt></ruby> <ruby>個<rt>こ</rt></ruby> <ruby>注文<rt>ちゅうもん</rt></ruby>した。,I ordered two hamburgers.
～冊,～さつ,counter for bound objects (ex. Books),<ruby>鞄<rt>かばん</rt></ruby>に <ruby>一<rt>いっ</rt></ruby> <ruby>冊<rt>さつ</rt></ruby>が <ruby>入<rt>はい</rt></ruby>っています。,There is one book in the bag.
～分,～ぷん,minutes (unit of time) | counter for minutes,<ruby>駅<rt>えき</rt></ruby>まで１０ <ruby>分<rt>ぷん</rt></ruby>がかります。,It takes 10 minutes to the station.
～匹,～ひき,counter for small animals,<ruby>家<rt>いえ</rt></ruby>に ２<rt>に</rt></ruby> <ruby>匹<rt>ひき</rt></ruby>の <ruby>犬<rt>いぬ</rt></ruby>がいる。,We have two dogs.
～台,～だい,counter for large objects (esp. devices such as refrigerators; cars),<ruby>家<rt>いえ</rt></ruby>にテレビが ２<rt>に</rt></ruby> <ruby>台<rt>だい</rt></ruby>ある。,We have 2 TVs at home.
～回,～かい,counter for number of times,<ruby>先月<rt>せんげつ</rt></ruby>あの <ruby>映画<rt>えいが</rt></ruby>を3 <ruby>回<rt>かい</rt></ruby> <ruby>見<rt>み</rt></ruby>ました。,I saw that movie 3 times last month.
～年,～ねん,year (unit of time) | counter for years,<ruby>今年<rt>ことし</rt></ruby>は2018 <ruby>年<rt>ねん</rt></ruby>です。,This year is 2018.
～度,～ど,counter for number of times,<ruby>私<rt>わたし</rt></ruby>は <ruby>富士<rt>ふじ</rt></ruby> <ruby>山<rt>さん</rt></ruby>に ３<rt>さん</rt></ruby> <ruby>度<rt>ど</rt></ruby> <ruby>登<rt>のぼ</rt></ruby>ったことがある。,I have climbed Mt. Fuji three times.
～日,～にち,day of the month | counter for days,3 <ruby>月<rt>がつ</rt></ruby>15 <ruby>日<rt>にち</rt></ruby>で <ruby>学校<rt>がっこう</rt></ruby>は <ruby>終<rt>お</rt></ruby>わりです。,School will end on March 15.
～時,～じ,hours (unit of time),<ruby>毎日<rt>まいにち</rt></ruby>6 <ruby>時<rt>じ</rt></ruby>に <ruby>起<rt>お</rt></ruby>きます。,I wake up at 6 'oclock everyday.
～時間,～じかん,period of hours,<ruby>毎日<rt>まいにち</rt></ruby>8 <ruby>時間<rt>じかん</rt></ruby> <ruby>寝<rt>ね</rt></ruby>ます。,I sleep for 8 hours everyday.
～月,～がつ,month (unit of time),5 <ruby>月<rt>がつ</rt></ruby> 5<ruby>日<rt>いつか</rt></ruby>は <ruby>子供<rt>こども</rt></ruby>の <ruby>日<rt>ひ</rt></ruby>だよ。,May 5th is Children's Day.
～本,～ほん,counter for cylidrical objects,ここに <ruby>五<rt>ご</rt></ruby> <ruby>本<rt>ほん</rt></ruby>の <ruby>鉛筆<rt>えんぴつ</rt></ruby>がある。,There are 5 pencils here.
～杯,～はい,counter for cups (of liquid),<ruby>紅茶<rt>こうちゃ</rt></ruby>2 <ruby>杯<rt>はい</rt></ruby>をお <ruby>願<rt>ねが</rt></ruby>いします。,2 cups of tea; please.
～枚,～まい,counter for flat objects (ex. sheets of paper),チケットは1 <ruby>枚<rt>まい</rt></ruby>500 <ruby>円<rt>えん</rt></ruby>です。,One ticket is 500 yen.
～歳,～さい,~ years old,<ruby>来年<rt>らいねん</rt></ruby> <ruby>二十歳<rt>はたち</rt></ruby>になります。,I will be twenty next year.
～番,～ばん,number (in a series),２ <ruby>番<rt>ばん</rt></ruby>のバスに <ruby>乗<rt>の</rt></ruby>って、 <ruby>京都<rt>きょうと</rt></ruby> <ruby>駅<rt>えき</rt></ruby>で <ruby>降<rt>お</rt></ruby>りなさい。,Take the number 2 bus and get off at Kyoto Station.
～週間,～しゅうかん,period of weeks,<ruby>一<rt>いっ</rt></ruby> <ruby>週間<rt>しゅうかん</rt></ruby>の <ruby>旅行<rt>りょこう</rt></ruby>です。,It is a one week trip.
～階,～かい,counter for floors in a building,<ruby>英語<rt>えいご</rt></ruby>の <ruby>教室<rt>きょうしつ</rt></ruby>はあの <ruby>建物<rt>たてもの</rt></ruby>の 6<ruby>階<rt>ろっかい</rt></ruby>にあります。,The English classroom is on the 6th floor of that building.
あそこ,あそこ,over there; that place,あそこに <ruby>喫茶<rt>きっさ</rt></ruby> <ruby>店<rt>てん</rt></ruby>があります。,There is a coffee shop over there.
あちら,あちら,that way; over there,あちらに <ruby>富士<rt>ふじ</rt></ruby> <ruby>山<rt>さん</rt></ruby>が <ruby>見<rt>み</rt></ruby>えます。,You can see Mt. Fuji over there.
あっち,あっち,that way; over there,あっちにエレベーターがあるよ。,There is an elevator over there.
あなた,あなた,you,この <ruby>靴<rt>くつ</rt></ruby>はあなたのですか？,Are these shoes yours?
あの,あの,That over there,あの <ruby>青<rt>あお</rt></ruby>い <ruby>車<rt>くるま</rt></ruby>は <ruby>私<rt>わたし</rt></ruby>のです。,That blue car over there is mine.
アパート,アパート,(abbr) apartment,<ruby>東京<rt>とうきょう</rt></ruby>でアパートを <ruby>借<rt>か</rt></ruby>りています。,I am renting an apartment in Tokyo.
あまり,あまり,not very,この <ruby>本<rt>ほん</rt></ruby>はあまり <ruby>面白<rt>おもしろ</rt></ruby>くないですね。,This book isn't very interesting it is.
ある,ある,to be; to exist,テーブルの <ruby>上<rt>うえ</rt></ruby>にジュースが 3<ruby>杯<rt>さんばい</rt></ruby>あります。,There are 3 cups of juice on the table.
あれ,あれ,that thing; something understood without naming it directly,あれは <ruby>何<rt>なん</rt></ruby>ですか？,What is that?
いいえ,いいえ,no,,
いかが,いかが,how; how about,<ruby>味<rt>あじ</rt></ruby>はいかがですか？,How does it taste?
いくつ,いくつ,how many? | how old?,<ruby>妹<rt>いもうと</rt></ruby>さんはおいくつですか？,How old is you little sister?
いくら,いくら,how much?; how many?,この <ruby>弁当<rt>べんとう</rt></ruby>はいくらですか？,How much is this bento?
いつ,いつ,when,いつまで <ruby>東京<rt>とうきょう</rt></ruby>にいますか？,Until when will you be in Tokyo?
いつも,いつも,always,<ruby>彼女<rt>かのじょ</rt></ruby>は <ruby>仕事<rt>しごと</rt></ruby>が <ruby>多<rt>おお</rt></ruby>くて、いつも <ruby>忙<rt>いそが</rt></ruby>しいです。,She always busy because she has a lot of work.
いる,いる,to be (living things); to exist | verb indicating continuing action or state,<ruby>今<rt>いま</rt></ruby> <ruby>彼<rt>かれ</rt></ruby>は <ruby>寝<rt>ね</rt></ruby>ている。,He is sleeping now.
ええ,ええ,yes; that is correct; right,,
エレベーター,エレベーター,elevator,エレベーターが <ruby>故障<rt>こしょう</rt></ruby>しています。,The elevator is out of order.
おじいさん,おじいさん,grandfather,おじいさんの <ruby>世話<rt>せわ</rt></ruby>をする。,I take care of my grandfather.
おばあさん,おばあさん,grandmother,<ruby>彼<rt>かれ</rt></ruby>のおばあさんは <ruby>今年<rt>ことし</rt></ruby>90 <ruby>歳<rt>さい</rt></ruby>です。,His grandmonther will be 90 this year.
お兄さん,おにいさん,older brother,お <ruby>兄<rt>にい</rt></ruby>さんは <ruby>何<rt>なん</rt></ruby> <ruby>歳<rt>さい</rt></ruby>ですか？,How old is your older brother?
お姉さん,おねえさん,elder sister,<ruby>彼<rt>かれ</rt></ruby>のお <ruby>姉<rt>ねえ</rt></ruby>さんは 20<ruby>歳<rt>はたち</rt></ruby>です。,His older sister is 20 years old.
お手洗い,おてあらい,toilet; restroom,お <ruby>手洗<rt>てあら</rt></ruby>いはどこですか。,Where is the bathroom?
お母さん,おかあさん,mother,お <ruby>母<rt>かあ</rt></ruby>さんは <ruby>料理<rt>りょうり</rt></ruby>が <ruby>上手<rt>じょうず</rt></ruby>ですか？,Is your mother good at cooking.
お父さん,おとうさん,father,お <ruby>父<rt>とう</rt></ruby>さんは <ruby>何<rt>なん</rt></ruby>の <ruby>仕事<rt>しごと</rt></ruby>をしていますか？,What kind of work does your father do?
お腹,おなか,abdomen; stomach,お <ruby>腹<rt>なか</rt></ruby>が <ruby>空<rt>す</rt></ruby>いていますか？,Are you hungry?
お茶,おちゃ,tea (usu. Green),レストランのお <ruby>茶<rt>ちゃ</rt></ruby>の <ruby>方<rt>ほう</rt></ruby>が <ruby>自動販売機<rt>じどうはんばいき</rt></ruby>のお <ruby>茶<rt>ちゃ</rt></ruby>より <ruby>美味<rt>おい</rt></ruby>しいです。,Tea at the restaurant is more delicous that tea from the vending machine.
お菓子,おかし,confections; sweets; candy,デパートの <ruby>地下<rt>ちか</rt></ruby>にお <ruby>菓子<rt>かし</rt></ruby>を <ruby>売<rt>う</rt></ruby>っている <ruby>店<rt>てん</rt></ruby>がたくさんあります。,There are many stores that sell sweets in the basement of the department store.
お金,おかね,money,<ruby>財布<rt>さいふ</rt></ruby>にお <ruby>金<rt>かね</rt></ruby>が <ruby>入<rt>はい</rt></ruby>っています。,The money is in my wallet.
かかる,かかる,to take (a resource; e.g. time or money),<ruby>飛行機<rt>ひこうき</rt></ruby>で <ruby>韓国<rt>かんこく</rt></ruby>まで <ruby>何時間<rt>なんじかん</rt></ruby>かかりますか？,How many hours does it take until Korea by plane?
カメラ,カメラ,camera,<ruby>私<rt>わたし</rt></ruby>のカメラは <ruby>黄色<rt>きいろ</rt></ruby>い <ruby>鞄<rt>かばん</rt></ruby>の <ruby>中<rt>なか</rt></ruby>にあります。,My camera is in the yellow bag.
カレー,カレー,curry,<ruby>辛<rt>から</rt></ruby>いカレーはあまり <ruby>好<rt>す</rt></ruby>きじゃないです。,I don't really like spicy curry.
カレンダー,カレンダー,calendar,<ruby>来週<rt>らいしゅう</rt></ruby>の <ruby>予定<rt>よてい</rt></ruby>をカレンダーに <ruby>書<rt>か</rt></ruby>きました。,I wrote my plans for next week in the calendar.
ギター,ギター,guitar,<ruby>先週<rt>せんしゅう</rt></ruby>の <ruby>月曜日<rt>げつようび</rt></ruby>にギターを <ruby>弾<rt>ひ</rt></ruby>きました。,I played guitar last week Monday.
キログラム,キログラム,kilogram,<ruby>私<rt>わたし</rt></ruby>の <ruby>体重<rt>たいじゅう</rt></ruby>は60キログラムです。,My weight is 60 kg.
キロメートル,キロメートル,kilometer,ここから <ruby>川<rt>かわ</rt></ruby>まで3キロメートルくらいです。,It is about 3 km from here to the river.
クラス,クラス,class,<ruby>僕<rt>ぼく</rt></ruby>のクラスの <ruby>友達<rt>ともだち</rt></ruby>だよ。,She's my classmate.
グラム,グラム,gram (unit of measure),<ruby>次<rt>つぎ</rt></ruby>、ボールに200グラムの <ruby>水<rt>みず</rt></ruby>と200グラムの <ruby>砂糖<rt>さとう</rt></ruby>を <ruby>入<rt>い</rt></ruby>れます。,Next; put 200g of water and 200g of sugar in the bowl.
コート,コート,coat | court (i.e. tennis; basketball; etc.),このコートは <ruby>暖<rt>あたた</rt></ruby>かい。,This coat is warm.
コーヒー,コーヒー,cofee,あの <ruby>喫茶店<rt>きっさてん</rt></ruby>に <ruby>色々<rt>いろいろ</rt></ruby>なコーヒーがあります。,There are various kids of coffee at that coffee shop.
ここ,ここ,here,ここはあなたの <ruby>机<rt>つくえ</rt></ruby>です。,This is your desk.
こちら,こちら,this way; this direction,こちらが <ruby>食堂<rt>しょくどう</rt></ruby>で、そちらはトイレです。,This way is the caffeteria; that way is the toilet.
こっち,こっち,this way; this direction,こっちが <ruby>食堂<rt>しょくどう</rt></ruby>で、そっちはトイレ。,This way is the caffeteria; that way is the toilet.
コップ,コップ,cup; glass,コップにお <ruby>茶<rt>ちゃ</rt></ruby>を <ruby>入<rt>い</rt></ruby>れました。,I put tea in the glass.
この,この,this (something or someone close to the speaker),この <ruby>人<rt>ひと</rt></ruby>は <ruby>同<rt>おな</rt></ruby>じクラスのトムです。,This is Tom; from my class.
コピー,コピー,copy; photocopy,この10 <ruby>枚<rt>まい</rt></ruby>のレポートをコピーしてください。,Please copy this 10 page report.
これ,これ,this,これは <ruby>何<rt>なん</rt></ruby>ですか？,What is this?
こんな,こんな,such ; like this,パリにこんな <ruby>美味<rt>おい</rt></ruby>しいラーメンがあると <ruby>思<rt>おも</rt></ruby>わなかった。,I didn't think there was ramen this delicious in Paris.
ご主人,ごしゅじん,(hon) your husband,<ruby>今日<rt>きょう</rt></ruby>ご <ruby>主人<rt>しゅじん</rt></ruby>は <ruby>休<rt>やす</rt></ruby>みですか？,Is your husband off (from work) today?
さあ,さあ,come along; go on | well; who knows,さあ、 <ruby>行<rt>い</rt></ruby>こう！,Well; let's go!
しかし,しかし,however; but,この <ruby>店<rt>てん</rt></ruby>が <ruby>高<rt>たか</rt></ruby>いです。しかし、 <ruby>製品<rt>せいひん</rt></ruby>の <ruby>質<rt>しつ</rt></ruby>が <ruby>良<rt>い</rt></ruby>いです。,This store is expensive.  But; the goods are of high quality.
じゃ、じゃあ,じゃ、じゃあ,then; well; so; well then,「 <ruby>中華<rt>ちゅうか</rt></ruby>があまり <ruby>好<rt>す</rt></ruby>きじゃない。」「じゃ、タイにしよう。」,"""I don't really like chinese.""  ""Well then; let's do Italian."""
シャツ,シャツ,shirt; under shirt,トムは <ruby>白<rt>しろ</rt></ruby>いシャツを <ruby>着<rt>き</rt></ruby>た。,Tom put on a white shirt.
シャワー,シャワー,shower,<ruby>何時<rt>なんじ</rt></ruby>にシャワーを <ruby>浴<rt>あ</rt></ruby>びますか？,What time will you take a shower?
スカート,スカート,skirt,<ruby>白<rt>しろ</rt></ruby>いスカートより <ruby>黒<rt>くろ</rt></ruby>いのが <ruby>好<rt>す</rt></ruby>きです。,I like the black skirt better than the white one.
すぐに,すぐに,immediately; right away,すぐに <ruby>戻<rt>もど</rt></ruby>ります。,I'll be right back.
ストーブ,ストーブ,(room) heater; stove,<ruby>冬<rt>ふゆ</rt></ruby>に <ruby>古<rt>ふる</rt></ruby>いストーブで <ruby>部屋<rt>へや</rt></ruby>を <ruby>暖<rt>あたた</rt></ruby>めます。,I heat my room using an old stove during winter.
スプーン,スプーン,spoon,スプーンでスープを <ruby>食<rt>た</rt></ruby>べる。,To eat soup with a spoon
スポーツ,スポーツ,sport; sports,スポーツをやるのが <ruby>好<rt>す</rt></ruby>きですけど、 <ruby>見<rt>み</rt></ruby>るのはあまり <ruby>好<rt>す</rt></ruby>きじゃないです。,I enjoy playing sports; but not really watching them.
ズボン,ズボン,trousers; pants,このズボンがちょっと <ruby>小<rt>ちい</rt></ruby>さい。,These pants are a bit small.
スリッパ,スリッパ,slipper; slippers,スリッパを <ruby>脱<rt>ぬ</rt></ruby>いで、 <ruby>風呂<rt>ふろ</rt></ruby>に <ruby>入<rt>はい</rt></ruby>って。,Take off your slippers then go into the bath.
する,する,to do,<ruby>天気<rt>てんき</rt></ruby>が <ruby>良<rt>い</rt></ruby>い <ruby>日<rt>ひ</rt></ruby>に <ruby>洗濯<rt>せんたく</rt></ruby>をします。,I will do the laundry on a day with good weather.
セーター,セーター,sweater; jumper,このセーターは <ruby>暖<rt>あたた</rt></ruby>かい。,This sweater is warm.
ゼロ,ゼロ,zero,<ruby>一<rt>いち</rt></ruby>の <ruby>前<rt>まえ</rt></ruby>はゼロです。,Zero comes before one.
そうして,そうして,and; like that,<ruby>頭<rt>あたま</rt></ruby>が <ruby>痛<rt>いた</rt></ruby>かったです。そうして、 <ruby>熱<rt>ねつ</rt></ruby>も <ruby>出<rt>で</rt></ruby>ました。,My head was sore.  Then I had a fever.
そうです,そうです,that is so; that is right,,
そこ,そこ,there (place),そこにいて。,Stay there.
そして,そして,and; and then; thus,<ruby>頭<rt>あたま</rt></ruby>が <ruby>痛<rt>いた</rt></ruby>かったです。そして、 <ruby>熱<rt>ねつ</rt></ruby>も <ruby>出<rt>で</rt></ruby>ました。,My head was sore.  Then I had a fever.
そちら,そちら,that way; that direction,そちらの <ruby>天気<rt>てんき</rt></ruby>はどうですか。,How's the weather there?
そっち,そっち,that way; that direction,そっちの <ruby>天気<rt>てんき</rt></ruby>は？,How's the weather there?
その,その,that (something or someone distant from the speaker but close to the listener),どうしてその <ruby>服<rt>ふく</rt></ruby>がほしいですか？,Why do you want those clothes?
それ,それ,that,それは <ruby>私<rt>わたし</rt></ruby>のです。,That is mine.
それから,それから,and then; after that,それから 1<ruby>週間<rt>いっしゅうかん</rt></ruby> <ruby>後<rt>ご</rt></ruby> <ruby>彼<rt>かれ</rt></ruby>に <ruby>会<rt>あ</rt></ruby>いました。,I met him 1 week after that.
それでは,それでは,well then ... | in that situation,「イタリアン <ruby>料理<rt>りょうり</rt></ruby>はあまり <ruby>好<rt>す</rt></ruby>きじゃないです。」「それでは、フランス <ruby>料理<rt>りょうり</rt></ruby>を <ruby>食<rt>た</rt></ruby>べましょう。」,"""I don't really like Italian food.""  ""Well then; let's eat French."""
たいてい,たいてい,mostly; ordinarily; usually; generally,たいてい <ruby>遅<rt>おそ</rt></ruby>くまで <ruby>寝<rt>ね</rt></ruby>ます。,I usually sleep late.
タクシー,タクシー,taxi,タクシーに <ruby>乗<rt>の</rt></ruby>りました。,I rode the taxi.
タバコ,タバコ,tobacco; cigarette,タバコを <ruby>吸<rt>す</rt></ruby>う,To smoke a cigarette
だんだん,だんだん,more and more; increasingly,だんだん <ruby>暖<rt>あたた</rt></ruby>かくなります。,It will get warmer and warmer.
ちょうど,ちょうど,exactly; precisely,ちょうど12 <ruby>時<rt>じ</rt></ruby> <ruby>半<rt>はん</rt></ruby>です。,It is exactly 12:30.
ちょっと,ちょっと,just a little,ちょっといいですか。,Do you have a minute?
つける,つける,to turn on; to switch on,<ruby>電気<rt>でんき</rt></ruby>をつける,To turn on the lights
テープ,テープ,tape,このテープはくっつかない。,This tape doesn't stick.
テーブル,テーブル,table,テーブルの <ruby>下<rt>した</rt></ruby>にあります。,It is under the table.
テスト,テスト,test,<ruby>明日<rt>あした</rt></ruby>はテストがあります。,We have a test tomorrow.
では,では,then; well; so; well then,では、 <ruby>試験<rt>しけん</rt></ruby>を <ruby>始<rt>はじ</rt></ruby>めます。,So; begin the test.
デパート,デパート,(abbr) department store,デパートの <ruby>果物<rt>くだもの</rt></ruby>が <ruby>高<rt>たか</rt></ruby>い。,Fruits at the department store are expensive.
でも,でも,but; however; though; nevertheless,コーラはあまり <ruby>好<rt>す</rt></ruby>きじゃない。でも、 <ruby>飲<rt>の</rt></ruby>む。,I don't really like cola.  But I will drink it.
テレビ,テレビ,(abbr) television,<ruby>毎日<rt>まいにち</rt></ruby>テレビを <ruby>見<rt>み</rt></ruby>ます。,I watch TV everyday.
ドア,ドア,door,ドアを <ruby>閉<rt>し</rt></ruby>めましょうか？,Shall I close the door?
トイレ,トイレ,(abbr) toilet; restroom; bathroom; lavatory,トイレはどこですか？,Where is the toilet?
どう,どう,how; in what way; how about,どうしましょうか？,What should we do?
どうして,どうして,why?,どうしてその <ruby>服<rt>ふく</rt></ruby>がほしいですか？,Why do you want those clothes?
どうぞ,どうぞ,please; kindly | by all means; feel free | here you are,どうぞ、 <ruby>食<rt>た</rt></ruby>べてください。,Please eat.
どうも,どうも,(abbr) thanks,,
どこ,どこ,where,トイレはどこですか？,Where is the toilet?
どちら,どちら,which one (esp. of two alternatives),<ruby>出口<rt>でぐち</rt></ruby>はどちらですか。,Which is the way out?
どっち,どっち,which one (esp. of two alternatives),どっちの <ruby>方<rt>ほう</rt></ruby>が <ruby>美味<rt>おい</rt></ruby>しいかしら。,I wonder which one tastes better.
とても,とても,very,<ruby>金<rt>きん</rt></ruby>のペンがとても <ruby>高<rt>たか</rt></ruby>いです。,The gold pen is very expensive.
どなた,どなた,(hon) who?,どなたですか？,Who is it?
どの,どの,which; what (way),どのくらい <ruby>泊<rt>と</rt></ruby>まりましたか？,How long did you stay?
どれ,どれ,which (of three or more),どれが <ruby>良<rt>い</rt></ruby>いですか？,Which one is good?
どんな,どんな,what; what kind of,トムはどんな <ruby>人<rt>ひと</rt></ruby>ですか？,What kind of person is Tom?
ナイフ,ナイフ,knife,<ruby>台所<rt>だいどころ</rt></ruby>にナイフがありますか。,Is there a knife in the kitchen?
なぜ,なぜ,why; how,なぜ <ruby>先生<rt>せんせい</rt></ruby>になったの？,Why did you become a teacher?
など,など,etc.; and the like; and so forth,ロックやブルースなど <ruby>好<rt>す</rt></ruby>きです。,I like rock; blues; etc.
なる,なる,to become; to get,<ruby>悲<rt>かな</rt></ruby>しくなる,To become sad
ニュース,ニュース,news,<ruby>今朝<rt>けさ</rt></ruby>のニュースを <ruby>見<rt>み</rt></ruby>ましたか？,Did you see the news this morning?
ネクタイ,ネクタイ,tie; necktie,ネクタイは <ruby>必要<rt>ひつよう</rt></ruby>ですか。,Do I need a tie?
ノート,ノート,(abbr) notebook | (to take) notes | notebook PC,<ruby>日本語<rt>にほんご</rt></ruby>の <ruby>授業<rt>じゅぎょう</rt></ruby>のノートを <ruby>借<rt>か</rt></ruby>りてもいいですか？,May I borrow you notes form Japanese class?
パーティー,パーティー,party,<ruby>今晩<rt>こんばん</rt></ruby>パーティーをします。,We're having a party this evening.
はい,はい,yes; that is correct | understood; I see; OK; okay | present; here,,
バス,バス,bus,バスに <ruby>乗<rt>の</rt></ruby>りますか？,Will you ride the bus?
バター,バター,butter,ケーキにバターが <ruby>必要<rt>ひつよう</rt></ruby>。,Butter is necessary for cake.
パン,パン,bread (por:); pastries (e.g. croissants),<ruby>毎朝<rt>まいあさ</rt></ruby>パンを <ruby>食<rt>た</rt></ruby>べますか？,Do you eat bread every morning?
ハンカチ,ハンカチ,(abbr) handkerchief,このハンカチはいくらですか。,How much is this handkerchief?
フィルム,フィルム,film,フィルムがなくなった。,My film has run out.
プール,プール,(swimming) pool,<ruby>夏<rt>なつ</rt></ruby>にプールでよく <ruby>泳<rt>およ</rt></ruby>ぎます。,I often swim in the pool during summer.
フォーク,フォーク,fork,フォークをいただけますか？,Could we have a fork?
ページ,ページ,page,15ページから <ruby>始<rt>はじ</rt></ruby>めます。,I will start from page 15.
ベッド,ベッド,bed,ベッドに <ruby>横<rt>よこ</rt></ruby>になっていた。,He lay on the bed.
ペット,ペット,pet,ペット <ruby>飼<rt>か</rt></ruby>ったことある？,Have you ever had a pet?
ペン,ペン,pen,<ruby>黒<rt>くろ</rt></ruby>いペンを <ruby>持<rt>も</rt></ruby>っていますか？,Do you have a black pen?
ボールペン,ボールペン,ball-point pen,ボールペンで <ruby>書<rt>か</rt></ruby>いてください。,Please write with a ballpoint pen.
ポケット,ポケット,pocket,このコートにはポケットがない。,The coat doesn't have any pockets.
ポスト,ポスト,postbox; mail box,<ruby>今朝<rt>けさ</rt></ruby> <ruby>手紙<rt>てがみ</rt></ruby>をポストに <ruby>入<rt>い</rt></ruby>れました。,I put the letter in the mail box this morning.
ボタン,ボタン,button,ボタンを <ruby>押<rt>お</rt></ruby>しましたか。,Did you push the button?
ホテル,ホテル,hotel,このホテルはあのホテルより <ruby>良<rt>よ</rt></ruby>い。,This hotel is better than that hotel.
まずい,まずい,unappetising; unpleasant | unskillful; awkward,そのミルクはまずかった。,The milk tasted bad.
また,また,again,また <ruby>会<rt>あ</rt></ruby>いましょうね。,Let's meet again.
まだ,まだ,still,トムがまだ <ruby>来<rt>き</rt></ruby>ていません。,Tom hasn't come yet.
まっすぐ,まっすぐ,straight ahead | honest; frank,この <ruby>道<rt>みち</rt></ruby>をまっすぐ <ruby>行<rt>い</rt></ruby>きなさい。,Go straight along this street.
マッチ,マッチ,to match with; to go well with | match (tool to light a fire),<ruby>彼<rt>かれ</rt></ruby>はマッチをすった。,He struck a match.
メートル,メートル,meter (unit of measure),その <ruby>池<rt>いけ</rt></ruby>は ３<rt>さん</rt></ruby>メートルの <ruby>深<rt>ふか</rt></ruby>さです。,That pond is 3 meters deep.
もう,もう,already | soon; shortly,もう <ruby>食<rt>た</rt></ruby>べましたか？,Did you already eat?
もう一度,もういちど,once more; again,もう <ruby>一度<rt>いちど</rt></ruby> <ruby>言<rt>い</rt></ruby>ってください。,Please say it again.
もしもし,もしもし,hello (e.g. on phone),,
もちろん,もちろん,of course,もちろん、お <ruby>家<rt>うち</rt></ruby>に <ruby>来<rt>き</rt></ruby>ていいよ。,Of course you can come over (to our place).
もっと,もっと,(some) more; longer; further,もっと <ruby>安<rt>やす</rt></ruby>いのはありますか。,Is there anything cheaper?
やる,やる,to do,やることはいっぱいあります。,There are many things to do.
ゆっくりと,ゆっくりと,slowly,ゆっくり <ruby>歩<rt>ある</rt></ruby>いて。,Please walk slowly.
よく,よく,well; skillfully | frequently; often,ラーメンをよく <ruby>食<rt>た</rt></ruby>べますか？,Do you eat ramen often?
ラジオ,ラジオ,radio,ラジオを <ruby>聞<rt>き</rt></ruby>いています。,I'm listening to the radio.
レコード,レコード,record (e.g. LP) | record (e.g. in sports),<ruby>彼<rt>かれ</rt></ruby>はレコードを <ruby>買<rt>か</rt></ruby>います。,He will buy a record.
レストラン,レストラン,restaurant,あの <ruby>建物<rt>たてもの</rt></ruby>の39 <ruby>階<rt>かい</rt></ruby>にレストランがあります。,There is a restaurant on the 39th floor of that building.
ワイシャツ,ワイシャツ,dress shirt (button down shirt),デートだからワイシャツを <ruby>着<rt>き</rt></ruby>る。,I will wear a dress shirt because it is a date.
一,いち,one,,
一つ,ひとつ,one (general counter),,
一人,ひとり,one person,,
一日,ついたち,first day of the month,1<ruby>月<rt>いちがつ</rt></ruby> <ruby>一日<rt>ついたち</rt></ruby>は <ruby>正月<rt>しょうがつ</rt></ruby>です。,January 1st is New Year's Day.
一昨年,おととし,year before last,<ruby>一昨年<rt>おととし</rt></ruby> <ruby>日本<rt>にほん</rt></ruby>に <ruby>行<rt>い</rt></ruby>きました。,I went to Japan the year before last.
一昨日,おととい,day before yesterday,<ruby>一昨日<rt>おととい</rt></ruby> <ruby>成田<rt>なりた</rt></ruby>に <ruby>着<rt>つ</rt></ruby>きました。,I arrived at Narita the day before yesterday.
一月,いちがつ,January,<ruby>一月<rt>いちがつ</rt></ruby>は <ruby>雪<rt>ゆき</rt></ruby>が <ruby>降<rt>ふ</rt></ruby>る。,It snows in January.
一番,いちばん,first | best; most,これは <ruby>東京<rt>とうきょう</rt></ruby>で <ruby>一番<rt>いちばん</rt></ruby>おいしい <ruby>寿司<rt>すし</rt></ruby>です。,This is the most delicious sushi in Tokyo.
一緒,いっしょ,together | at the same time,<ruby>宿題<rt>しゅくだい</rt></ruby>を <ruby>一緒<rt>いっしょ</rt></ruby>にしよう。,Let's do the homework together.
七,しち,seven,,
七つ,ななつ,seven (general counter),,
七日,なのか,the seventh day of the month,,
万,まん,10;000; ten thousand,あのアパートは10 <ruby>万<rt>まん</rt></ruby> <ruby>円<rt>えん</rt></ruby>ぐらいです。,That apartment is about 100;000 yen.
丈夫,じょうぶ,healthy; robust; solid; durable,この <ruby>縄<rt>なわ</rt></ruby>は <ruby>丈夫<rt>じょうぶ</rt></ruby>だ。,This rope is sturdy.
三,さん,three,,
三つ,みっつ,three (general counter),,
三日,みっか,the third day of the month,,
上,うえ,above; up; over | elder (e.g. daughter),<ruby>机<rt>つくえ</rt></ruby>の <ruby>上<rt>うえ</rt></ruby>にあります。,It is on the desk.
上げる,あげる,to raise; to elevate | to increase (price; quality; status; etc.),<ruby>答<rt>こた</rt></ruby>えが <ruby>分<rt>わ</rt></ruby>かる <ruby>人<rt>ひと</rt></ruby>、 <ruby>手<rt>て</rt></ruby>を <ruby>上<rt>あ</rt></ruby>げてください。,People who know the answer; raise your hand.
上手,じょうず,skillful; proficient; good (at),<ruby>料理<rt>りょうり</rt></ruby>が <ruby>上手<rt>じょうず</rt></ruby>ですね。,You are a good cook.
上着,うわぎ,coat; tunic; jacket; outer garment,<ruby>彼女<rt>かのじょ</rt></ruby>は <ruby>上着<rt>うわぎ</rt></ruby>を <ruby>脱<rt>ぬ</rt></ruby>いだ。,She took off her coat.
下,した,beneath; underneath | younger (e.g. daughter),<ruby>椅子<rt>いす</rt></ruby>の <ruby>下<rt>した</rt></ruby>にあります。,It is under the chair.
下手,へた,unskillful; poor; awkward,<ruby>僕<rt>ぼく</rt></ruby>は <ruby>水泳<rt>すいえい</rt></ruby>が <ruby>下手<rt>へた</rt></ruby>です。,I'm not good at swimming.
両親,りょうしん,both parents,<ruby>彼女<rt>かのじょ</rt></ruby>の <ruby>両親<rt>りょうしん</rt></ruby>が <ruby>若<rt>わか</rt></ruby>いです。,Her parents are young.
並ぶ,ならぶ,to line up; to stand in a line,<ruby>並<rt>なら</rt></ruby>んでお <ruby>待<rt>ま</rt></ruby>ちください。,Please wait in line.
並べる,ならべる,to line up; to arrange in a line,<ruby>彼女<rt>かのじょ</rt></ruby>はＣＤを <ruby>棚<rt>たな</rt></ruby>に １<ruby>列<rt>いちれつ</rt></ruby>に <ruby>並<rt>なら</rt></ruby>べた。,She put her CDs in a row on the shelf.
中,なか,inside; in | center (centre); middle | during; while,<ruby>教室<rt>きょうしつ</rt></ruby>の <ruby>中<rt>なか</rt></ruby>に <ruby>机<rt>つくえ</rt></ruby>と <ruby>椅子<rt>いす</rt></ruby>があります。,There are desks and chairs in the classroom.
丸い,まるい,round,ボールは <ruby>丸<rt>まる</rt></ruby>い。,Balls are round.
乗る,のる,to get on (train; plane; bus; ship; etc.); to ride; to board,<ruby>地下鉄<rt>ちかてつ</rt></ruby>に <ruby>乗<rt>の</rt></ruby>ろう。,Let's take the subway.
九,く、きゅう,nine,,
九つ,ここのつ,nine (general counter),,
九日,ここのか,the ninth day of the month,,
二,に,two,,
二つ,ふたつ,two (general counter),,
二人,ふたり,two people; pair; couple,,
二十日,はつか,twentieth day of the month,,
二十歳,はたち,20 years old,,
二日,ふつか,second day of the month,,
五,ご,five,,
五つ,いつつ,five (general counter),,
五日,いつか,the fifth day of the month,,
交差点,こうさてん,crossing; intersection,<ruby>交差点<rt>こうさてん</rt></ruby>で <ruby>事故<rt>じこ</rt></ruby>があった。,There was an accident at the intersection.
交番,こうばん,police box; small neighborhood police station,<ruby>交番<rt>こうばん</rt></ruby>の <ruby>周<rt>まわ</rt></ruby>りに <ruby>人<rt>ひと</rt></ruby>がたくさんいた。,I saw many people around the police box.
人,ひと,human being; person,あの <ruby>人<rt>ひと</rt></ruby>は <ruby>誰<rt>だれ</rt></ruby>ですか？,Who is that person?
今,いま,now; immediately,<ruby>今<rt>いま</rt></ruby> <ruby>忙<rt>いそが</rt></ruby>しんですが、 <ruby>昼御飯<rt>ひるごはん</rt></ruby>を <ruby>一緒<rt>いっしょ</rt></ruby>に <ruby>食<rt>た</rt></ruby>べましょう。,I am busy now; but let's eat lunch together.
今年,ことし,this year,<ruby>私<rt>わたし</rt></ruby>は <ruby>今年<rt>ことし</rt></ruby> <ruby>二十歳<rt>はたち</rt></ruby>です。,I will be twenty this year.
今日,きょう,today,<ruby>今日<rt>きょう</rt></ruby>の <ruby>朝御飯<rt>あさごはん</rt></ruby>は <ruby>味噌汁<rt>みそしる</rt></ruby>と <ruby>魚<rt>さかな</rt></ruby>です。,Today's breakfast is miso soup and fish.
今晩,こんばん,tonight,<ruby>今晩<rt>こんばん</rt></ruby> <ruby>暇<rt>ひま</rt></ruby>かな？,Are you free tonight?
今月,こんげつ,this month,<ruby>今月<rt>こんげつ</rt></ruby>は <ruby>給料<rt>きゅうりょう</rt></ruby>が <ruby>多<rt>おお</rt></ruby>かった。,My salary was high this month.
今朝,けさ,this morning,<ruby>今朝<rt>けさ</rt></ruby> <ruby>地震<rt>じしん</rt></ruby>があった。,There was an earthquake this morning.
今週,こんしゅう,this week,<ruby>私<rt>わたし</rt></ruby>は <ruby>今週<rt>こんしゅう</rt></ruby>はお <ruby>休<rt>やす</rt></ruby>みです。,I am on holiday this week.
仕事,しごと,work; job; business,<ruby>明日<rt>あした</rt></ruby>お <ruby>仕事<rt>しごと</rt></ruby>ですか？,Is tomorrow work?
他,ほか,other (place; thing; person),<ruby>他<rt>ほか</rt></ruby>のまくらはないですか？,Is there any other pillow?
休み,やすみ,rest | vacation; holiday,<ruby>土曜日<rt>どようび</rt></ruby>と <ruby>日曜日<rt>にちようび</rt></ruby>は <ruby>休<rt>やす</rt></ruby>みです。,Saturday and Sunday are holidays.
休む,やすむ,to take a day off | to rest; to have a break,<ruby>金曜日<rt>きんようび</rt></ruby>に <ruby>休<rt>やす</rt></ruby>みます。,I will be off on Friday.
会う,あう,to meet,また <ruby>会<rt>あ</rt></ruby>おうね！,Let's meet again!
会社,かいしゃ,company,<ruby>会社<rt>かいしゃ</rt></ruby>で <ruby>働<rt>はたら</rt></ruby>く,To work at a company
低い,ひくい,low (rank; volumn; etc.) | short (height); low (position),トムの <ruby>声<rt>こえ</rt></ruby>が <ruby>低<rt>ひく</rt></ruby>い。,Tom's voice is low-pitched.
住む,すむ,to live; to reside; to inhabit,どこに <ruby>住<rt>す</rt></ruby>んでいますか？,Where do you live?
体,からだ,body,タバコは <ruby>体<rt>からだ</rt></ruby>に <ruby>悪<rt>わる</rt></ruby>い。,Smoking is not good for you.
何,なに、なん,what,この <ruby>鞄<rt>かばん</rt></ruby>に <ruby>何<rt>なに</rt></ruby>が <ruby>入<rt>はい</rt></ruby>っていますか？,What is in this bag?
作る,つくる,to make; to produce; to manufacture,<ruby>晩御飯<rt>ばんごはん</rt></ruby>を <ruby>作<rt>つく</rt></ruby>りましょうか。,Shall I cook dinner?
作文,さくぶん,writing; composition,この <ruby>作文<rt>さくぶん</rt></ruby>には <ruby>誤<rt>あやま</rt></ruby>りが <ruby>少<rt>すこ</rt></ruby>しある。,There are a few mistakes in this composition.
使う,つかう,to use,この <ruby>傘<rt>かさ</rt></ruby>を <ruby>使<rt>つか</rt></ruby>ってもいいですか？,May I use this umbrella?
便利,べんり,convenient; handy; useful,<ruby>私<rt>わたし</rt></ruby>の <ruby>家<rt>いえ</rt></ruby>は <ruby>駅<rt>えき</rt></ruby>に <ruby>近<rt>ちか</rt></ruby>いから <ruby>便利<rt>べんり</rt></ruby>です。,My house is convenient because it is close to the station.
借りる,かりる,to borrow; to have a loan | to rent,<ruby>東京<rt>とうきょう</rt></ruby>でアパートを <ruby>借<rt>か</rt></ruby>りています。,I am renting an apartment in Tokyo.
側,そば,beside; proximity; besides,<ruby>彼女<rt>かのじょ</rt></ruby>の <ruby>側<rt>そば</rt></ruby>に <ruby>座<rt>すわ</rt></ruby>った。,I sat beside her.
傘,かさ,umbrella,<ruby>雨<rt>あめ</rt></ruby>の <ruby>日<rt>ひ</rt></ruby>に <ruby>傘<rt>かさ</rt></ruby>を <ruby>持<rt>も</rt></ruby>った <ruby>方<rt>ほう</rt></ruby>がいい。,It is better to take an umbrella on rainy days.
働く,はたらく,to work; to labor,<ruby>毎週<rt>まいしゅう</rt></ruby>の <ruby>日曜日<rt>にちようび</rt></ruby>に <ruby>働<rt>はたら</rt></ruby>いています。,I am working every Sunday.
元気,げんき,healthy; well; lively,<ruby>元気<rt>げんき</rt></ruby>がないですね。,You don't look so well.
兄,あに,(hum) older brother,<ruby>兄<rt>あに</rt></ruby>が2 <ruby>歳<rt>さい</rt></ruby> <ruby>上<rt>じょう</rt></ruby>です。,My elder brother is 2 years older than me.
兄弟,きょうだい,siblings; brothers and sisters,<ruby>兄弟<rt>きょうだい</rt></ruby>はいません。,I don't have any siblings.
先,さき,previous; former | ahead of,<ruby>先<rt>さき</rt></ruby>に <ruby>行<rt>い</rt></ruby>ってください。,Please go ahead (without me).
先月,せんげつ,last month,<ruby>先月<rt>せんげつ</rt></ruby> <ruby>引<rt>ひ</rt></ruby>っ <ruby>越<rt>こ</rt></ruby>しました。,I moved (residence) last month.
先生,せんせい,teacher; doctor,スミス <ruby>先生<rt>せんせい</rt></ruby>は <ruby>英語<rt>えいご</rt></ruby>の <ruby>先生<rt>せんせい</rt></ruby>ですか？,Is Miss Smith an English teacher?
先週,せんしゅう,last week,<ruby>先週<rt>せんしゅう</rt></ruby> <ruby>買<rt>か</rt></ruby>いました。,I bought it last week.
入る,はいる,to enter; to go into | to join; to enroll,<ruby>部屋<rt>へや</rt></ruby>に <ruby>入<rt>はい</rt></ruby>る,To enter the room
入れる,いれる,to put in; to insert,りんごを <ruby>鞄<rt>かばん</rt></ruby>に <ruby>入<rt>い</rt></ruby>れた。,I put the apple in the bag.
入口,いりぐち,entrance; entry,<ruby>入口<rt>いりぐち</rt></ruby>の <ruby>側<rt>そば</rt></ruby>で <ruby>立<rt>た</rt></ruby>った。,He stood by the entrance.
全部,ぜんぶ,all; entire; whole,これが <ruby>全部<rt>ぜんぶ</rt></ruby>ですか？,Is this everything?
八,はち,eight,,
八つ,やっつ,eight (general counter),,
八日,ようか,the eighth day of the month,,
八百屋,やおや,greengrocer,<ruby>八百屋<rt>やおや</rt></ruby>がデパートより <ruby>安<rt>やす</rt></ruby>いです。,The greengrocer is cheaper than the department store.
公園,こうえん,park,<ruby>公園<rt>こうえん</rt></ruby>を <ruby>散歩<rt>さんぽ</rt></ruby>しています。,I'm taking a walk in a park.
六,ろく,six,,
六つ,むっつ,six (general counter),,
六日,むいか,sixth day of the month,,
再来年,さらいねん,year after next,<ruby>再来年<rt>さらいねん</rt></ruby>は <ruby>東京<rt>とうきょう</rt></ruby>オリンピックです。,The Tokyo Olympics is the year after next.
写真,しゃしん,photograph; photo; picture,<ruby>写真<rt>しゃしん</rt></ruby>を <ruby>撮<rt>と</rt></ruby>ってインスタグラムにアップしようよ。,Let's take a picture and upload it to instagram.
冬,ふゆ,winter,2 <ruby>月<rt>がつ</rt></ruby>は <ruby>冬<rt>ふゆ</rt></ruby>の <ruby>一番<rt>いちばん</rt></ruby> <ruby>寒<rt>さむ</rt></ruby>い <ruby>月<rt>つき</rt></ruby>です。,February is the coldest month in winter.
冷たい,つめたい,cold (to the touch),<ruby>冷<rt>つめ</rt></ruby>たいものは <ruby>飲<rt>の</rt></ruby>みたくない。,I don't want to drink anything cold.
冷蔵庫,れいぞうこ,refrigerator,<ruby>冷蔵庫<rt>れいぞうこ</rt></ruby>に <ruby>入<rt>はい</rt></ruby>っているりんごを <ruby>食<rt>た</rt></ruby>べてもいいですか？,May I eat the apple that is in the refrigerator?
出かける,でかける,to go out (ex. on an outing); to set out,<ruby>午後<rt>ごご</rt></ruby>2 <ruby>時<rt>じ</rt></ruby>に <ruby>出<rt>で</rt></ruby>かけましょうか？,Shall we go out at 2 pm?
出す,だす,to take out; to get out | to submit (e.g. thesis) | to send (e.g. letter),<ruby>宿題<rt>しゅくだい</rt></ruby>を <ruby>出<rt>だ</rt></ruby>した。,I submitted my homework.
出る,でる,to leave; to exit; to go out;,<ruby>部屋<rt>へや</rt></ruby>を <ruby>午前<rt>ごぜん</rt></ruby>8 <ruby>時<rt>じ</rt></ruby>に <ruby>出<rt>で</rt></ruby>た。,I left my room at 8 am.
出口,でぐち,exit,<ruby>出口<rt>でぐち</rt></ruby>はどちらですか。,Where is the exit?
出来る,できる,to be able to do,こんなにうるさい <ruby>部屋<rt>へや</rt></ruby>で <ruby>勉強<rt>べんきょう</rt></ruby>が <ruby>出来<rt>でき</rt></ruby>ないです。,I can't study in a room as noisy as this.
分かる,わかる,to understand; to comprehend,<ruby>分<rt>わ</rt></ruby>かっている <ruby>言葉<rt>ことば</rt></ruby>を <ruby>勉強<rt>べんきょう</rt></ruby>しなくていいでしょう。,You probably don't need to study words you already know.
切る,きる,to cut | to turn off (e.g. the light),<ruby>料理<rt>りょうり</rt></ruby>しているときナイフで <ruby>指<rt>ゆび</rt></ruby>を <ruby>切<rt>き</rt></ruby>った。,I cut my finger with a knife while cooking.
切手,きって,stamp (postage),<ruby>封筒<rt>ふうとう</rt></ruby>に <ruby>切手<rt>きって</rt></ruby>を <ruby>貼<rt>は</rt></ruby>ってください。,Please put a  stamp on the envelope.
切符,きっぷ,ticket,コンサートに <ruby>行<rt>い</rt></ruby>きたいので、 <ruby>切符<rt>きっぷ</rt></ruby>を <ruby>買<rt>か</rt></ruby>うつもりです。,I want to go to the concert so I intend to buy a ticket.
初めて,はじめて,for the first time,<ruby>日本<rt>にほん</rt></ruby>は <ruby>初<rt>はじ</rt></ruby>めてですか？,Is this your first time in Japan?
初めに,はじめに,first; at the beginning,<ruby>初<rt>はじ</rt></ruby>めにひらがなを <ruby>覚<rt>おぼ</rt></ruby>えたり、 <ruby>簡単<rt>かんたん</rt></ruby>な <ruby>文章<rt>ぶんしょう</rt></ruby>を <ruby>作<rt>つく</rt></ruby>ったりします。,At first you will learn hiragana and create simple sentences.
前,まえ,before; previously | in front (of),<ruby>店<rt>みせ</rt></ruby>の <ruby>前<rt>まえ</rt></ruby>の <ruby>看板<rt>かんばん</rt></ruby>に <ruby>何時<rt>なんじ</rt></ruby>から<ruby<ruby>何時<rt>なんじ</rt></ruby>まで <ruby>開<rt>あ</rt></ruby>いていると <ruby>書<rt>か</rt></ruby>いてある？,Does the sign in front of the store say from what time to what time they are open?
勉強,べんきょう,study,カタカナを <ruby>勉強<rt>べんきょう</rt></ruby>する <ruby>前<rt>まえ</rt></ruby>にひらがなを <ruby>習<rt>なら</rt></ruby>う。,Study hiragana before learning katakana
動物,どうぶつ,animal,ここから <ruby>一番<rt>いちばん</rt></ruby> <ruby>近<rt>ちか</rt></ruby>い <ruby>動物園<rt>どうぶつえん</rt></ruby>にはたくさんの <ruby>動物<rt>どうぶつ</rt></ruby>がいますか？,Are there many animals in the zoo closest to here?
勤める,つとめる,to work (for); to be employed (at),<ruby>父<rt>ちち</rt></ruby>は <ruby>銀行<rt>ぎんこう</rt></ruby>に <ruby>勤<rt>つと</rt></ruby>めています。,My father works for a bank.
北,きた,north,<ruby>北海道<rt>ほっかいどう</rt></ruby>は <ruby>本州<rt>ほんしゅう</rt></ruby>の <ruby>北<rt>きた</rt></ruby>にある。,Hokkaido is to the north of Honshu.
医者,いしゃ,doctor,<ruby>僕<rt>ぼく</rt></ruby>は <ruby>医者<rt>いしゃ</rt></ruby>になりたいので、 <ruby>大学<rt>だいがく</rt></ruby>に <ruby>行<rt>い</rt></ruby>くつもりです。,I intend to go to the university because I want to become a doctor.
十,じゅう,ten,,
十日,とおか,the tenth day of the month,,
千,せん,1000,,
午前,ごぜん,morning; a.m.,<ruby>毎日<rt>まいにち</rt></ruby>の <ruby>午前<rt>ごぜん</rt></ruby>9 <ruby>時<rt>じ</rt></ruby>に <ruby>仕事<rt>しごと</rt></ruby>のミーティングがあります。,I have a work meeting everyday at 9 am.
午後,ごご,afternoon; p.m.,<ruby>午後<rt>ごご</rt></ruby>、 <ruby>雨<rt>あめ</rt></ruby>が <ruby>降<rt>ふ</rt></ruby>るから <ruby>傘<rt>かさ</rt></ruby>を <ruby>持<rt>も</rt></ruby>って <ruby>出<rt>で</rt></ruby>かけた <ruby>方<rt>ほう</rt></ruby>がいいよ。,It will rain in the afternoon so you should take an umbrella with you.
半,はん,half; semi-,<ruby>牛肉<rt>ぎゅうにく</rt></ruby>を <ruby>半<rt>はん</rt></ruby>キロください。,Please give me half a kilo of beef.
半分,はんぶん,half,<ruby>今日<rt>きょう</rt></ruby>の <ruby>授業<rt>じゅぎょう</rt></ruby>が <ruby>半分<rt>はんぶん</rt></ruby> <ruby>終<rt>お</rt></ruby>わりました。,Today's class is half over.
南,みなみ,south,<ruby>南<rt>みなみ</rt></ruby>ターミナルはどこですか？,Where is the south terminal?
危ない,あぶない,dangerous; risky; hazardous,あそこで <ruby>遊<rt>あそ</rt></ruby>ぶのが <ruby>危<rt>あぶ</rt></ruby>ないから <ruby>気<rt>き</rt></ruby>を <ruby>付<rt>つ</rt></ruby>けて。,Playing over there is dangerous; so be careful.
卵,たまご,eggs; egg,<ruby>今日<rt>きょう</rt></ruby>のケーキを <ruby>作<rt>つく</rt></ruby>るので、 <ruby>店<rt>みせ</rt></ruby>で <ruby>卵<rt>たまご</rt></ruby>を <ruby>買<rt>か</rt></ruby>ってから <ruby>帰<rt>かえ</rt></ruby>ってね。,I'm going to make cake today; so buy eggs and then come home.
厚い,あつい,thick; deep,この <ruby>豚肉<rt>ぶたにく</rt></ruby>は4cmの <ruby>厚<rt>あつ</rt></ruby>さです。,This pork is 4 cm thick.
去年,きょねん,last year,<ruby>彼女<rt>かのじょ</rt></ruby>は <ruby>去年<rt>きょねん</rt></ruby> <ruby>結婚<rt>けっこん</rt></ruby>した。,She got married last year.
友達,ともだち,friend; companion,<ruby>今晩<rt>こんばん</rt></ruby>、 <ruby>友達<rt>ともだち</rt></ruby>と <ruby>一緒<rt>いっしょ</rt></ruby>にパーティに <ruby>行<rt>い</rt></ruby>く。,I will go to a party tonight with my friends.
取る,とる,to take; to pick up | to steal,<ruby>新聞<rt>しんぶん</rt></ruby>を <ruby>取<rt>と</rt></ruby>って。,Can you get that newspaper?
口,くち,mouth | opening; hole,<ruby>子供<rt>こども</rt></ruby>が <ruby>口<rt>くち</rt></ruby>を <ruby>大<rt>おお</rt></ruby>きく <ruby>開<rt>あ</rt></ruby>けて、 <ruby>食<rt>た</rt></ruby>べ <ruby>物<rt>もの</rt></ruby>を <ruby>入<rt>い</rt></ruby>れました。,The child opened his mouth wide and put food in.
古い,ふるい,old (not person); aged; stale,<ruby>図書館<rt>としょかん</rt></ruby>に <ruby>古<rt>ふる</rt></ruby>い <ruby>本<rt>ほん</rt></ruby>がたくさんあります。,There are many old books at the library.
可愛い,かわいい,cute; adorable; charming,<ruby>可愛<rt>かわい</rt></ruby>い <ruby>赤<rt>あか</rt></ruby>ちゃんですね！,What a cute baby!
台所,だいどころ,kitchen,<ruby>今日<rt>きょう</rt></ruby> <ruby>料理<rt>りょうり</rt></ruby>していないので、 <ruby>台所<rt>だいどころ</rt></ruby>はまだ <ruby>綺麗<rt>きれい</rt></ruby>です。,I haven't cooked today so the kitchen is still clean.
右,みぎ,right; right hand side,あの <ruby>角<rt>かど</rt></ruby>で <ruby>右<rt>みぎ</rt></ruby>に <ruby>曲<rt>ま</rt></ruby>がって。,Turn right at that corner.
同じ,おなじ,same; identical; equivalent,<ruby>大<rt>おお</rt></ruby>きさが <ruby>同<rt>おな</rt></ruby>じですが、 <ruby>色<rt>いろ</rt></ruby>は <ruby>違<rt>ちが</rt></ruby>います。,The size is the same; but the color is different.
名前,なまえ,name | given name; first name,お <ruby>名前<rt>なまえ</rt></ruby>は <ruby>何<rt>なに</rt></ruby>ですか,What is your name?
向こう,むこう,opposite side; other side; opposite direction,<ruby>道<rt>みち</rt></ruby>の <ruby>向<rt>む</rt></ruby>こうにある <ruby>店<rt>みせ</rt></ruby>の <ruby>方<rt>ほう</rt></ruby>が <ruby>安<rt>やす</rt></ruby>いです。,The store on the other side of the street is cheaper.
吸う,すう,to smoke; to breathe in | to suck,タバコを <ruby>吸<rt>す</rt></ruby>う,To smoke cigarettes
吹く,ふく,to blow (e.g. wind) | to play a wind instrument,<ruby>風<rt>かぜ</rt></ruby>が <ruby>吹<rt>ふ</rt></ruby>いている。,The wind is blowing.
呼ぶ,よぶ,to call out (to); to call,タクシーを <ruby>呼<rt>よ</rt></ruby>びましょうか？,Would you like me to call a taxi?
咲く,さく,to bloom,<ruby>桜<rt>さくら</rt></ruby>が <ruby>咲<rt>さ</rt></ruby>いてから <ruby>花見<rt>はなみ</rt></ruby>をしましょう。,Let's see the flowers after the cherry blossoms bloom.
問題,もんだい,question (e.g. on a test); problem,<ruby>試験<rt>しけん</rt></ruby>の <ruby>問題<rt>もんだい</rt></ruby>が <ruby>多<rt>おお</rt></ruby>すぎたから <ruby>全部<rt>ぜんぶ</rt></ruby> <ruby>出来<rt>でき</rt></ruby>ませんでした。,There were too many test problems so I couldn't do them all.
喫茶店,きっさてん,coffee shop; cafe,<ruby>毎日<rt>まいにち</rt></ruby> <ruby>日本語<rt>にほんご</rt></ruby>を <ruby>喫茶店<rt>きっさてん</rt></ruby>で <ruby>二<rt>に</rt></ruby> <ruby>時間<rt>じかん</rt></ruby> <ruby>勉強<rt>べんきょう</rt></ruby>しています。,I am studying Japanese at a coffee shop for 2 hours everyday.
四,よん、し,four,,
四つ,よっつ,four (general counter),,
四日,よっか,fourth day of the month,,
困る,こまる,to be troubled; to be bothered,<ruby>仕事<rt>しごと</rt></ruby>がないからお <ruby>金<rt>かね</rt></ruby>に <ruby>困<rt>こま</rt></ruby>っている。,I'm not working so I am strapped for money.
図書館,としょかん,library,<ruby>図書館<rt>としょかん</rt></ruby>に <ruby>古<rt>ふる</rt></ruby>い <ruby>本<rt>ほん</rt></ruby>がたくさんあります。,There are many old books at the library.
国,くに,country; state,<ruby>他<rt>た</rt></ruby>の <ruby>国<rt>くに</rt></ruby>に <ruby>行<rt>い</rt></ruby>きますか？,Will you go to any other countries?
土曜日,どようび,Saturday,いつも <ruby>土曜日<rt>どようび</rt></ruby>に <ruby>遅<rt>おそ</rt></ruby>くまで <ruby>寝<rt>ね</rt></ruby>ます。,I always sleep late on Saturday.
地下鉄,ちかてつ,subway,<ruby>地下鉄<rt>ちかてつ</rt></ruby>の <ruby>地図<rt>ちず</rt></ruby>がありますか？,Do you have a subway map?
地図,ちず,map,<ruby>地下鉄<rt>ちかてつ</rt></ruby>の <ruby>地図<rt>ちず</rt></ruby>がありますか？,Do you have a subway map?
塩,しお,salt,<ruby>料理<rt>りょうり</rt></ruby>で <ruby>塩<rt>しお</rt></ruby>をあまり <ruby>使<rt>つか</rt></ruby>わない <ruby>方<rt>ほう</rt></ruby>が <ruby>良<rt>よ</rt></ruby>いですよ。,It is better not to use too much salt in your cooking.
声,こえ,voice,トムの <ruby>声<rt>こえ</rt></ruby>が <ruby>大<rt>おお</rt></ruby>きいから <ruby>聞<rt>き</rt></ruby>きやすいです。,Tom's voice is loud so he is easily heard.
売る,うる,to sell,<ruby>電池<rt>でんち</rt></ruby>も <ruby>売<rt>う</rt></ruby>っていますか。,Do you also sell batteries?
夏,なつ,summer,<ruby>夏<rt>なつ</rt></ruby>にビーチに <ruby>来<rt>く</rt></ruby>る <ruby>人<rt>ひと</rt></ruby>が <ruby>多<rt>おお</rt></ruby>くなる。,During summer the number of people that come to the beach becomes big.
夏休み,なつやすみ,summer vacation,<ruby>夏休<rt>なつやす</rt></ruby>みに <ruby>旅行<rt>りょこう</rt></ruby>に <ruby>行<rt>い</rt></ruby>きたいです。,I want to go on a trip during summer vacation.
夕方,ゆうがた,evening; dusk,<ruby>夕方<rt>ゆうがた</rt></ruby>の <ruby>便<rt>びん</rt></ruby>はありますか？,Is there a flight in the evening?
夕飯,ゆうめし、ゆうはん,evening meal,<ruby>夕飯<rt>ゆうはん</rt></ruby>の <ruby>時間<rt>じかん</rt></ruby>ですよ。,It's time for dinner.
外,そと,outside; exterior,<ruby>外<rt>そと</rt></ruby>へ <ruby>出<rt>で</rt></ruby>たい。,I want to go outside.
外国,がいこく,foreign country,<ruby>外国<rt>がいこく</rt></ruby>へ <ruby>行<rt>い</rt></ruby>ったことがありますか？,Have you been abroad?
外国人,がいこくじん,foreigner; foreign citizen,<ruby>外国人<rt>がいこくじん</rt></ruby>は <ruby>面白<rt>おもしろ</rt></ruby>いですね。,Foreign people are interesting.
多い,おおい,many; a lot | large quantity,<ruby>花見<rt>はなみ</rt></ruby>する <ruby>人<rt>ひと</rt></ruby>が <ruby>多<rt>おお</rt></ruby>いので <ruby>行<rt>い</rt></ruby>くのは <ruby>嫌<rt>いや</rt></ruby>だね。,Many people will be going to see the cheery blossoms; so I don't want to.
多分,たぶん,perhaps; probably,あまり <ruby>勉強<rt>べんきょう</rt></ruby>しなかったので、 <ruby>多分<rt>たぶん</rt></ruby> <ruby>落<rt>お</rt></ruby>ちると <ruby>思<rt>おも</rt></ruby>う。,I didn't study very much; so I think I'll fail.
夜,よる,evening; night,<ruby>夜<rt>よる</rt></ruby>になる <ruby>前<rt>まえ</rt></ruby>に <ruby>帰<rt>かえ</rt></ruby>ってね。,Come home before it becomes night.
大きい,おおきい,big; large,<ruby>子供<rt>こども</rt></ruby>が <ruby>大<rt>おお</rt></ruby>きくなったね。,Your child's gotten big.
大きな,おおきな,big; large,<ruby>大<rt>おお</rt></ruby>きな <ruby>看板<rt>かんばん</rt></ruby>があります。,There's a big sign.
大丈夫,だいじょうぶ,safe; all right; alright; OK,ピザでも <ruby>大丈夫<rt>だいじょうぶ</rt></ruby>ですか？,Is pizza OK?
大人,おとな,adult,<ruby>大人<rt>おとな</rt></ruby>になったら <ruby>何<rt>なに</rt></ruby>になりたい？,What do you want to be when you grow up?
大使館,たいしかん,embassy,<ruby>東京<rt>とうきょう</rt></ruby>の <ruby>英国<rt>えいこく</rt></ruby> <ruby>大使館<rt>たいしかん</rt></ruby>,The British embassy in Tokyo
大切,たいせつ,important; necessary,<ruby>友達<rt>ともだち</rt></ruby>より <ruby>大切<rt>たいせつ</rt></ruby>なものはない。,Nothing is more important than your friends are.
大勢,おおぜい,many people,<ruby>日本<rt>にっぽん</rt></ruby>には <ruby>友達<rt>ともだち</rt></ruby>が <ruby>大勢<rt>おおぜい</rt></ruby>いますか。,Do you have many friends here in Japan?
大変,たいへん,very; terribly | difficult; hard,この <ruby>大<rt>おお</rt></ruby>きい <ruby>本<rt>ほん</rt></ruby>をクラスまで <ruby>持<rt>も</rt></ruby>って <ruby>行<rt>い</rt></ruby>くのは <ruby>大変<rt>たいへん</rt></ruby>だった。,I had a hard time carrying this big book to class.
大好き,だいすき,loveable; like very much,ラーメンが <ruby>大好<rt>だいす</rt></ruby>きです。,I love ramen.
大学,だいがく,university; college,<ruby>大学<rt>だいがく</rt></ruby>で <ruby>日本語<rt>にほんご</rt></ruby>を <ruby>専攻<rt>せんこう</rt></ruby>しました。,I majored in Japanese at the university.
天気,てんき,weather,<ruby>今日<rt>きょう</rt></ruby>のお <ruby>天気<rt>てんき</rt></ruby>はまあまあ。,The weather today is so-so.
太い,ふとい,fat; thick | deep (of a voice),このロープが <ruby>太<rt>ふと</rt></ruby>いから <ruby>丈夫<rt>じょうぶ</rt></ruby>だと <ruby>思<rt>おも</rt></ruby>います。,I think this rope is strong because it is thick.
奥さん,おくさん,(hon) wife; your wife,<ruby>奥<rt>おく</rt></ruby>さんはお <ruby>元気<rt>げんき</rt></ruby>ですか？,How is the wife?
女,おんな,female; woman,<ruby>女<rt>おんな</rt></ruby>の <ruby>兄弟<rt>きょうだい</rt></ruby>がいますか？,Do you have any sisters?
女の子,おんなのこ,girl; young woman,<ruby>男<rt>おとこ</rt></ruby>の <ruby>子<rt>こ</rt></ruby>ですか <ruby>女<rt>おんな</rt></ruby>の <ruby>子<rt>こ</rt></ruby>ですか？,Is it a boy or a girl?
好き,すき,like; likable,<ruby>醤油<rt>しょうゆ</rt></ruby>ラーメンが <ruby>好<rt>す</rt></ruby>きです。,I like shoyu-based ramen.
妹,いもうと,(hum) younger sister,<ruby>妹<rt>いもうと</rt></ruby>が <ruby>学校<rt>がっこう</rt></ruby>で <ruby>日本語<rt>にほんご</rt></ruby>を <ruby>勉強<rt>べんきょう</rt></ruby>しています。,My younger sister is studying Japanese in shool.
姉,あね,(hum) older sister,<ruby>姉<rt>あね</rt></ruby>が <ruby>東京<rt>とうきょう</rt></ruby>で <ruby>働<rt>はたら</rt></ruby>いています。,My older sister is working in Tokyo.
始まる,はじまる,to begin; to start,<ruby>日本語<rt>にほんご</rt></ruby>の <ruby>勉強<rt>べんきょう</rt></ruby>を <ruby>始<rt>はじ</rt></ruby>めした。,I started Japanese studies.
嫌,いや,disagreeable; detestable; unpleasant,とても <ruby>蒸<rt>む</rt></ruby>し <ruby>暑<rt>あつ</rt></ruby>いので、 <ruby>一番<rt>いちばん</rt></ruby> <ruby>嫌<rt>いや</rt></ruby>な <ruby>天気<rt>てんき</rt></ruby>は <ruby>夏<rt>なつ</rt></ruby>の <ruby>雨<rt>あめ</rt></ruby>です。,The worst weather is rain during summer because it is very muggy.
嫌い,きらい,dislike; hate,<ruby>納豆<rt>なっとう</rt></ruby>が <ruby>嫌<rt>きら</rt></ruby>い。,I dislike natto.
子供,こども,child; children,<ruby>来月<rt>らいげつ</rt></ruby> <ruby>子供<rt>こども</rt></ruby>が <ruby>生<rt>う</rt></ruby>まれます。,We are going to have a baby next month.
字引き,じびき,dictionary,あの <ruby>言葉<rt>ことば</rt></ruby>を <ruby>字引<rt>じび</rt></ruby>きで <ruby>調<rt>しら</rt></ruby>べた <ruby>方<rt>ほう</rt></ruby>が <ruby>良<rt>よ</rt></ruby>いです。,You should look up that word in the dictionary.
学校,がっこう,school,<ruby>学校<rt>がっこう</rt></ruby>は <ruby>好<rt>す</rt></ruby>きじゃない。,I don't like school.
学生,がくせい,student,<ruby>彼女<rt>かのじょ</rt></ruby>は <ruby>大学<rt>だいがく</rt></ruby>の <ruby>学生<rt>がくせい</rt></ruby>だ。,She is a university student.
安い,やすい,cheap; inexpensive,このスーパーで <ruby>野菜<rt>やさい</rt></ruby>は <ruby>安<rt>やす</rt></ruby>いです。,Vegetables at this grocery store are cheap.
家,いえ、うち,house; residence; dwelling,<ruby>家<rt>いえ</rt></ruby>にはいない。,He's not at home.
家庭,かてい,household; family,トムの <ruby>奥<rt>おく</rt></ruby>さんとお <ruby>子<rt>こ</rt></ruby>さんが <ruby>優<rt>やさ</rt></ruby>しくて、 <ruby>温<rt>あたた</rt></ruby>かい <ruby>家庭<rt>かてい</rt></ruby>です。,Tom's wife and children are kind so he has a warm (loving) household.
家族,かぞく,family; members of a family,この <ruby>家族<rt>かぞく</rt></ruby>は <ruby>何人<rt>なんにん</rt></ruby> <ruby>家族<rt>かぞく</rt></ruby>ですか。,How many people are there in this family?
宿題,しゅくだい,homework; assignment,<ruby>宿題<rt>しゅくだい</rt></ruby>がたくさんあります。,I have lots of homework.
寒い,さむい,cold (e.g. weather),<ruby>冬<rt>ふゆ</rt></ruby>は <ruby>寒<rt>さむ</rt></ruby>いです。,Winter is cold.
寝る,ねる,to lie down | to go to bed; to sleep,<ruby>昨日<rt>きのう</rt></ruby>8 <ruby>時間<rt>じかん</rt></ruby>に <ruby>寝<rt>ね</rt></ruby>ました。,I slept for 8 hours yesterday.
封筒,ふうとう,envelope,<ruby>手紙<rt>てがみ</rt></ruby>を <ruby>封筒<rt>ふうとう</rt></ruby>に <ruby>入<rt>い</rt></ruby>れました。,I put the letter in an envelope.
小さい,ちいさい,small; little; tiny,<ruby>小<rt>ちい</rt></ruby>さすぎる。,It's too small.
小さな,ちいさな,small; little; tiny,<ruby>家<rt>いえ</rt></ruby>には <ruby>小<rt>ちい</rt></ruby>さな <ruby>庭<rt>にわ</rt></ruby>があります。,We have a small garden at home.
少し,すこし,small quantity; little; few,<ruby>駅<rt>えき</rt></ruby>まで <ruby>時間<rt>じかん</rt></ruby>が <ruby>少<rt>すこ</rt></ruby>しかかります。,It will take a little bit of time until the station.
少ない,すくない,few; a little,ピンクのスーツケースは <ruby>少<rt>すく</rt></ruby>ない。,There are few pink suitcases.
履く,はく,to put on (or wear),<ruby>靴<rt>くつ</rt></ruby>を <ruby>履<rt>は</rt></ruby>いて。,Put on your shoes.
山,やま,mountain; hill,<ruby>来年<rt>らいねん</rt></ruby>の <ruby>夏<rt>なつ</rt></ruby>に <ruby>富士山<rt>ふじさん</rt></ruby>に <ruby>登<rt>のぼ</rt></ruby>る。,Next summer I will climb Mt Fuji.
左,ひだり,left; left hand side,<ruby>左<rt>ひだり</rt></ruby>に <ruby>曲<rt>ま</rt></ruby>がって。,Turn left.
差す,さす,to hold up (an umbrella; etc.); to put up; to raise,<ruby>他人<rt>たにん</rt></ruby>を <ruby>指<rt>ゆび</rt></ruby>で <ruby>差<rt>さ</rt></ruby>すのは <ruby>失礼<rt>しつれい</rt></ruby>なことです。,It's not polite to point at others.
帰る,かえる,to return; to come home,<ruby>授業<rt>じゅぎょう</rt></ruby>が <ruby>終<rt>お</rt></ruby>わったら <ruby>帰<rt>かえ</rt></ruby>ります。,I will go home after class is done.
帽子,ぼうし,hat,<ruby>帽子<rt>ぼうし</rt></ruby>を <ruby>被<rt>かぶる</rt></ruby>る,To wear a hat
平仮名,ひらがな,hiragana,,
年,とし,year,あっという <ruby>間<rt>ま</rt></ruby>にこの <ruby>年<rt>とし</rt></ruby>になった。,I became this age before I knew it.
広い,ひろい,spacious; wide,<ruby>妹<rt>いもうと</rt></ruby>の <ruby>部屋<rt>へや</rt></ruby>より <ruby>私<rt>わたし</rt></ruby>の <ruby>部屋<rt>へや</rt></ruby>の <ruby>方<rt>ほう</rt></ruby>が <ruby>広<rt>ひろ</rt></ruby>いです。,My room is wider than my little sister's.
店,みせ,store; shop,あの <ruby>店<rt>みせ</rt></ruby>はハンバーガーの <ruby>店<rt>みせ</rt></ruby>です。,That shop is a hamburger shop.
座る,すわる,to sit; to squat,<ruby>自分<rt>じぶん</rt></ruby>の <ruby>席<rt>せき</rt></ruby>に <ruby>座<rt>すわ</rt></ruby>りなさい！,Sit in your chair!
庭,にわ,garden; yard,<ruby>家<rt>いえ</rt></ruby>の <ruby>前<rt>まえ</rt></ruby>に <ruby>小<rt>ちい</rt></ruby>さい <ruby>庭<rt>にわ</rt></ruby>があります。,There is a small garden in front of my house.
廊下,ろうか,corridor; hallway,<ruby>廊下<rt>ろうか</rt></ruby>で <ruby>走<rt>はし</rt></ruby>らないで。,Don't run in the hallway.
建物,たてもの,building,あの <ruby>建物<rt>たてもの</rt></ruby>の39 <ruby>階<rt>かい</rt></ruby>にレストランがあります。,There is a restaurant on the 39th floor of that building.
弁当,べんとう,bento; Japanese box lunch,これは <ruby>母<rt>はは</rt></ruby>が <ruby>作<rt>つく</rt></ruby>った <ruby>弁当<rt>べんとう</rt></ruby>です。,This is the bento my mother made.
引く,ひく,to pull,<ruby>綱<rt>つな</rt></ruby>を <ruby>引<rt>ひ</rt></ruby>く,To pull on a rope
弟,おとうと,(hum) younger brother,<ruby>数学<rt>すうがく</rt></ruby>を <ruby>弟<rt>おとうと</rt></ruby>に <ruby>教<rt>おし</rt></ruby>えた。,I taught by little brother math.
弱い,よわい,weak; frail,<ruby>火<rt>ひ</rt></ruby>を <ruby>弱<rt>よわ</rt></ruby>くして。,Please turn the flame down low.
強い,つよい,strong; powerful,<ruby>風<rt>かぜ</rt></ruby>が <ruby>強<rt>つよ</rt></ruby>くなった。,The wind grew stronger.
弾く,ひく,to play (string instrument),<ruby>彼<rt>かれ</rt></ruby>はギターを <ruby>弾<rt>ひ</rt></ruby>いて、 <ruby>彼女<rt>かのじょ</rt></ruby>はピアノを <ruby>弾<rt>ひ</rt></ruby>いた。,He played the guitar and she played the piano.
待つ,まつ,to wait,<ruby>廊下<rt>ろうか</rt></ruby>で <ruby>待<rt>ま</rt></ruby>ってください。,Please wait in the hall.
後,あと,behind | after; later | more (e.g. five more minutes),<ruby>後<rt>あと</rt></ruby>でやります。,I'll do it later.
後ろ,うしろ,back; behind; rear,<ruby>彼<rt>かれ</rt></ruby>の <ruby>後<rt>うし</rt></ruby>ろにいる。,I'm behind him.
御飯,ごはん,cooked rice | meal,おいしい <ruby>晩御飯<rt>ばんごはん</rt></ruby>、ありがとうございました。,Thank you for the wonderful dinner.
忘れる,わすれる,to forget,<ruby>傘<rt>かさ</rt></ruby>を <ruby>忘<rt>わす</rt></ruby>れないでください。,Don't forget your umbrella.
忙しい,いそがしい,busy; occupied,<ruby>母<rt>はは</rt></ruby>は <ruby>料理<rt>りょうり</rt></ruby>で <ruby>忙<rt>いそが</rt></ruby>しい。,My mother is busy cooking.
悪い,わるい,bad; poor; inferior | evil; sinful,このワインは <ruby>悪<rt>わる</rt></ruby>くない。,This wine isn't bad.
意味,いみ,meaning,この <ruby>単語<rt>たんご</rt></ruby>の <ruby>意味<rt>いみ</rt></ruby>は <ruby>何<rt>なん</rt></ruby>ですか。,What does this word mean?
戸,と,door,<ruby>戸<rt>と</rt></ruby>を <ruby>閉<rt>し</rt></ruby>めて。,Shut the door.
所,ところ,place; spot,タバコが <ruby>売<rt>う</rt></ruby>っている <ruby>所<rt>ところ</rt></ruby>がありますか？,Is there somewhere that sells cigarettes?
手,て,hand; arm,コップを <ruby>右<rt>みぎ</rt></ruby>の <ruby>手<rt>て</rt></ruby>で <ruby>上<rt>あ</rt></ruby>げてください。,Please lift the cup with your right hand.
手紙,てがみ,letter,<ruby>手紙<rt>てがみ</rt></ruby>を <ruby>書<rt>か</rt></ruby>きました。,I wrote a letter.
押す,おす,to push; to press,<ruby>危<rt>あぶ</rt></ruby>ないから <ruby>押<rt>お</rt></ruby>さないで！,Don't push because it is dangerous.
持つ,もつ,to hold | to possess; to have,<ruby>赤<rt>あか</rt></ruby>い <ruby>看板<rt>かんばん</rt></ruby>を <ruby>持<rt>も</rt></ruby>っている <ruby>男<rt>おとこ</rt></ruby>の <ruby>人<rt>ひと</rt></ruby>,The man who is holding the red sign.
掃除,そうじ,cleaning,<ruby>部屋<rt>へや</rt></ruby>を <ruby>掃除<rt>そうじ</rt></ruby>してください。,Please clean the room.
授業,じゅぎょう,lesson; class work,<ruby>明日<rt>あした</rt></ruby> <ruby>授業<rt>じゅぎょう</rt></ruby>があります。,I have class tomorrow.
掛ける,かける,to make a call (e.g. phone); to put on (e.g. glasses),<ruby>電話<rt>でんわ</rt></ruby>を <ruby>掛<rt>か</rt></ruby>ける,To make a phone call
撮る,とる,to take (a photo) | to record (video; audio; etc.),<ruby>写真<rt>しゃしん</rt></ruby>を <ruby>撮<rt>と</rt></ruby>ってくれますか？,Would you take a picture?
教える,おしえる,to teach; to instruct,<ruby>数学<rt>すうがく</rt></ruby>を <ruby>弟<rt>おとうと</rt></ruby>に <ruby>教<rt>おし</rt></ruby>えた。,I taught by little brother math.
教室,きょうしつ,classroom,<ruby>子供達<rt>こどもたち</rt></ruby>はこの <ruby>教室<rt>きょうしつ</rt></ruby>を <ruby>掃除<rt>そうじ</rt></ruby>しました。,The children cleaned this classroom.
散歩,さんぽ,walk; stroll,<ruby>東京駅<rt>とうきょうえき</rt></ruby>に <ruby>近<rt>ちか</rt></ruby>い <ruby>公園<rt>こうえん</rt></ruby>で <ruby>散歩<rt>さんぽ</rt></ruby>しましょうか？,Shall we take a walk at the park near Tokyo Station?
文章,ぶんしょう,writing; composition | sentence,この <ruby>文章<rt>ぶんしょう</rt></ruby>は <ruby>長<rt>なが</rt></ruby>くて <ruby>難<rt>むずか</rt></ruby>しいです。,This sentence is long and hard.
料理,りょうり,cooking; cuisine,<ruby>毎日<rt>まいにち</rt></ruby> <ruby>料理<rt>りょうり</rt></ruby>しますか？,Do you cook everyday?
新しい,あたらしい,new,<ruby>新<rt>あたら</rt></ruby>しいパソコンがほしいです。,I want a new computer.
新聞,しんぶん,newspaper,<ruby>日本語<rt>にほんご</rt></ruby>の <ruby>新聞<rt>しんぶん</rt></ruby>がありますか？,Do you have Japanese newspapers?
方,かた,(hon) person,あの <ruby>方<rt>かた</rt></ruby>は <ruby>誰<rt>だれ</rt></ruby>ですか？,Who is that person?
旅行,りょこう,trip,<ruby>旅行<rt>りょこう</rt></ruby>の <ruby>準備<rt>じゅんび</rt></ruby>はできていますか？,Are you ready for the trip?
日曜日,にちようび,Sunday,<ruby>日曜日<rt>にちようび</rt></ruby>でも <ruby>働<rt>はたら</rt></ruby>きます。,I work even on Sunday.
早い,はやい,early; fast; quick,<ruby>明日<rt>あした</rt></ruby> <ruby>早<rt>はや</rt></ruby>く <ruby>起<rt>お</rt></ruby>きます。,I will wake up early tomorrow.
明るい,あかるい,bright; colourful,<ruby>電球<rt>でんきゅう</rt></ruby>を <ruby>変<rt>か</rt></ruby>えたからこの <ruby>部屋<rt>へや</rt></ruby>が <ruby>明<rt>あか</rt></ruby>るくなった。,This room has become bright because I changed the light bulb.
明日,あした,tomorrow,<ruby>明日<rt>あした</rt></ruby> <ruby>早<rt>はや</rt></ruby>く <ruby>起<rt>お</rt></ruby>きます。,I will wake up early tomorrow.
易しい,やさしい,easy; plain; simple,その <ruby>本<rt>ほん</rt></ruby>は <ruby>易<rt>やさ</rt></ruby>しい。,The book is easy.
映画,えいが,movie; film,<ruby>映画<rt>えいが</rt></ruby>は <ruby>良<rt>よ</rt></ruby>かったですか？,Was the movie good?
映画館,えいがかん,movie theatre,<ruby>近<rt>ちか</rt></ruby>くに <ruby>映画館<rt>えいがかん</rt></ruby>はありますか？,Are there any movie theaters near here?
春,はる,spring,<ruby>春<rt>はる</rt></ruby>になると <ruby>外<rt>そと</rt></ruby>で <ruby>遊<rt>あそ</rt></ruby>びましょう。,Let's play outside when it becomes spring.
昨夜,ゆうべ,last night,<ruby>昨夜<rt>ゆうべ</rt></ruby>は <ruby>大雨<rt>おおあめ</rt></ruby>だった。,There was a heavy rain last night.
昨日,きのう,yesterday,<ruby>昨日<rt>きのう</rt></ruby>は <ruby>木曜日<rt>もくようび</rt></ruby>だった。,Yesterday was Thursday.
昼,ひる,noon,<ruby>夏<rt>なつ</rt></ruby>になると <ruby>昼<rt>ひる</rt></ruby>に <ruby>出<rt>で</rt></ruby>かけたくない。,I don't want to go out at noon during summer.
昼御飯,ひるごはん,lunch,<ruby>昼御飯<rt>ひるごはん</rt></ruby>はいつも <ruby>弁当<rt>べんとう</rt></ruby>です。,My lunch is always a bento.
時々,ときどき,sometimes,<ruby>時々<rt>ときどき</rt></ruby> <ruby>映画<rt>えいが</rt></ruby>を <ruby>見<rt>み</rt></ruby>に <ruby>行<rt>い</rt></ruby>きます。,I sometimes go to see a movie.
時計,とけい,watch; clock,<ruby>私<rt>わたし</rt></ruby>の <ruby>時計<rt>とけい</rt></ruby>はあなたの <ruby>時計<rt>とけい</rt></ruby>より <ruby>高<rt>たか</rt></ruby>くないです。,My watch is less expensive than yours.
時間,じかん,time,<ruby>時間<rt>じかん</rt></ruby>がありますか。,Do you have some time?
晩,ばん,evening,<ruby>明日<rt>あした</rt></ruby>の <ruby>晩<rt>ばん</rt></ruby>までにまた <ruby>連絡<rt>れんらく</rt></ruby>します。,I'll contact you again by tomorrow evening.
晩御飯,ばんごはん,dinner,<ruby>母<rt>はは</rt></ruby>は <ruby>晩御飯<rt>ばんごはん</rt></ruby>の <ruby>支度<rt>したく</rt></ruby>で <ruby>忙<rt>いそが</rt></ruby>しいです。,Mother is busy cooking the dinner.
晴れ,はれ,clear weather; fine weather,<ruby>今日<rt>きょう</rt></ruby>は <ruby>晴<rt>は</rt></ruby>れだから <ruby>散歩<rt>さんぽ</rt></ruby>しましょう。,Let's take a walk because it's clear today.
晴れる,はれる,to clear up; to be sunny,<ruby>明日<rt>あした</rt></ruby>までに <ruby>晴<rt>は</rt></ruby>れる。,It will clear up by tomorrow.
暇,ひま,spare time; free time,<ruby>今晩<rt>こんばん</rt></ruby> <ruby>暇<rt>ひま</rt></ruby>かな？,Are you free tonight?
暑い,あつい,hot (weather; etc.); warm,<ruby>今年<rt>ことし</rt></ruby>の <ruby>夏<rt>なつ</rt></ruby>は <ruby>暑<rt>あつ</rt></ruby>いですね。,This summer is hot; isn't it.
暖かい,あたたかい,warm; mild; genial,5 <ruby>月<rt>がつ</rt></ruby>は <ruby>暖<rt>あたた</rt></ruby>かいから <ruby>好<rt>す</rt></ruby>きです。,I like May because it is warm.
暗い,くらい,dark; gloomy,<ruby>橋<rt>はし</rt></ruby>の <ruby>下<rt>した</rt></ruby>は <ruby>暗<rt>くら</rt></ruby>かった。,It was dark under the bridge.
曇り,くもり,cloudiness; cloudy weather,<ruby>明日<rt>あした</rt></ruby>は <ruby>曇<rt>くも</rt></ruby>りになるでしょう。,It will be cloudy tomorrow.
曇る,くもる,to get cloudy; to become overcast,さっきは <ruby>晴<rt>は</rt></ruby>れだったけど、 <ruby>曇<rt>くも</rt></ruby>ってきた。,It was clear just a little while ago; but has become cloudy.
曲る,まがる,to turn; to bend,<ruby>父<rt>ちち</rt></ruby>が <ruby>生<rt>う</rt></ruby>まれた <ruby>家<rt>いえ</rt></ruby>はすぐ <ruby>角<rt>がど</rt></ruby>を <ruby>曲<rt>まが</rt></ruby>ったところにある。,The house where my father was born is just around the corner.
書く,かく,to write,この <ruby>文章<rt>ぶんしょう</rt></ruby>を <ruby>書<rt>か</rt></ruby>いたら、 <ruby>宿題<rt>しゅくだい</rt></ruby>が <ruby>終<rt>お</rt></ruby>わります。,My homework will be finished after I write this sentence.
月曜日,げつようび,Monday,<ruby>仕事<rt>しごと</rt></ruby>は <ruby>月曜日<rt>げつようび</rt></ruby>からです。,I have work from Monday.
有名,ゆうめい,famous,あの <ruby>番組<rt>ばんぐみ</rt></ruby>でいつも <ruby>有名<rt>ゆうめい</rt></ruby>な <ruby>俳優<rt>はいゆう</rt></ruby>が <ruby>出<rt>で</rt></ruby>ている。,Famour actors are always appearing on that program.
服,ふく,clothes,<ruby>服<rt>ふく</rt></ruby>を <ruby>着<rt>き</rt></ruby>ましたか？,Have you finished dressing?
朝,あさ,morning,<ruby>毎日<rt>まいにち</rt></ruby>の <ruby>朝<rt>あさ</rt></ruby>は <ruby>早<rt>はや</rt></ruby>く <ruby>起<rt>お</rt></ruby>きます。,I wake up early every morning.
朝御飯,あさごはん,breakfast,<ruby>今日<rt>きょう</rt></ruby>の <ruby>朝御飯<rt>あさごはん</rt></ruby>は <ruby>味噌汁<rt>みそしる</rt></ruby>と <ruby>魚<rt>さかな</rt></ruby>です。,Today's breakfast is miso soup and fish.
木,き,tree,その <ruby>机<rt>つくえ</rt></ruby>は <ruby>木<rt>き</rt></ruby>です。,That desk is wood.
木曜日,もくようび,Thursday,<ruby>木曜日<rt>もくようび</rt></ruby>に <ruby>映画<rt>えいが</rt></ruby>に <ruby>行<rt>い</rt></ruby>きませんか？,Would you like to go to a movie on Thursday?
本,ほん,book | counter for long cylindrical things,<ruby>白<rt>しろ</rt></ruby>ワインを5 <ruby>本<rt>ほん</rt></ruby> <ruby>買<rt>か</rt></ruby>いました。,I bought 5 bottles of white wine.
本当,ほんとう,truth; reality; actuality,<ruby>本当<rt>ほんとう</rt></ruby>にパーティーに <ruby>行<rt>い</rt></ruby>かないですか？,You really will not go to the party?
本棚,ほんだな,bookshelvese,<ruby>本棚<rt>ほんだな</rt></ruby>に <ruby>英和辞典<rt>えいわじてん</rt></ruby>がありますか？,Is there an English-Japanese dictionary on the bookshelf?
机,つくえ,desk,その <ruby>机<rt>つくえ</rt></ruby>は <ruby>木<rt>き</rt></ruby>です。,That desk is wood.
村,むら,village,この <ruby>村<rt>むら</rt></ruby>では、 <ruby>私<rt>わたし</rt></ruby>の <ruby>村<rt>むら</rt></ruby>より <ruby>物<rt>もの</rt></ruby>が <ruby>安<rt>やす</rt></ruby>い。,The things in this village are cheaper than our village.
来る,くる,to come; to approach,<ruby>明日<rt>あした</rt></ruby>の12 <ruby>時<rt>じ</rt></ruby> <ruby>頃<rt>ごろ</rt></ruby>この <ruby>教室<rt>きょうしつ</rt></ruby>に <ruby>来<rt>き</rt></ruby>てください。,Please come to this classroom about 12 'oclock tomorrow.
来年,らいねん,next year,<ruby>来年<rt>らいねん</rt></ruby>また <ruby>会<rt>あ</rt></ruby>いましょう。,Let's meet again next year.
来月,らいげつ,next month,<ruby>来月<rt>らいげつ</rt></ruby> <ruby>子供<rt>こども</rt></ruby>が <ruby>生<rt>う</rt></ruby>まれます。,We are going to have a child next month.
来週,らいしゅう,next week,<ruby>来週<rt>らいしゅう</rt></ruby>にテストがあります。,I have a test next week.
東,ひがし,east,<ruby>風<rt>かぜ</rt></ruby>は <ruby>東<rt>ひがし</rt></ruby>から <ruby>吹<rt>ふ</rt></ruby>いている。,The wind is blowing from the east.
果物,くだもの,fruit,<ruby>子供<rt>こども</rt></ruby>は <ruby>果物<rt>くだもの</rt></ruby>が <ruby>好<rt>す</rt></ruby>きです。,My child likes fruits.
椅子,いす,chair,<ruby>猫<rt>ねこ</rt></ruby>は <ruby>椅子<rt>いす</rt></ruby>の <ruby>上<rt>うえ</rt></ruby>にいますか、 <ruby>椅子<rt>いす</rt></ruby>の <ruby>下<rt>した</rt></ruby>にいますか？,Is the cat on the chair or under the chair?
楽しい,たのしい,enjoyable; fun,パーティは <ruby>楽<rt>たの</rt></ruby>しかった。,The party was fun.
横,よこ,horizontal (as opposed to vertical); lying down,ベッドに <ruby>横<rt>よこ</rt></ruby>になっていた。,He lay on the bed.
橋,はし,bridge,この <ruby>橋<rt>はし</rt></ruby>は <ruby>世界中<rt>せかいじゅう</rt></ruby>で <ruby>一番<rt>いちばん</rt></ruby> <ruby>長<rt>なが</rt></ruby>い <ruby>橋<rt>はし</rt></ruby>だ。,This is the longest bridge in the world.
次,つぎ,next; following,<ruby>上野駅<rt>うえのえき</rt></ruby>は <ruby>次<rt>つぎ</rt></ruby>の <ruby>次<rt>つぎ</rt></ruby>です。,Ueno is the station after next.
欲しい,ほしい,wanted; desired,クリスマスに <ruby>黒<rt>くろ</rt></ruby>い <ruby>鞄<rt>かばん</rt></ruby>が <ruby>欲<rt>ほ</rt></ruby>しいよ。,I want a black bag for Christmas.
歌,うた,song,あの <ruby>歌<rt>うた</rt></ruby>を <ruby>歌<rt>うた</rt></ruby>いたい！,I want to sing that song.
歌う,うたう,to sing | to recite a poem,あの <ruby>歌<rt>うた</rt></ruby>を <ruby>歌<rt>うた</rt></ruby>いたいです！,I want to sing that song.
止まる,とまる,to stop,<ruby>涙<rt>なみだ</rt></ruby>が <ruby>止<rt>と</rt></ruby>まりません。,The tears won't stop.
歩く,あるく,to walk,<ruby>速<rt>はや</rt></ruby>く <ruby>歩<rt>ある</rt></ruby>いたら、 <ruby>駅<rt>えき</rt></ruby>まで5 <ruby>分<rt>ふん</rt></ruby>かかります。,If you walk quickly it is 5 minutes to the station.
歯,は,tooth,<ruby>歯<rt>は</rt></ruby>を <ruby>磨<rt>みが</rt></ruby>きましたか？,Did you brush your teeth?
死ぬ,しぬ,to die; to pass away,<ruby>部屋<rt>へや</rt></ruby>が <ruby>暗<rt>くら</rt></ruby>いので <ruby>花<rt>はな</rt></ruby>が <ruby>死<rt>し</rt></ruby>んでいます。,The room is dark so the flowers are dead.
母,はは,(hum) mother,<ruby>母<rt>はは</rt></ruby>は <ruby>毎日<rt>まいにち</rt></ruby>うちにいます。,Mother stays at home every day.
毎年,まいとし,every year; annually,<ruby>毎年<rt>まいとし</rt></ruby>のクリスマスに <ruby>弟<rt>おとうと</rt></ruby>の <ruby>家族<rt>かぞく</rt></ruby>と <ruby>一緒<rt>いっしょ</rt></ruby>にご <ruby>飯<rt>はん</rt></ruby>を <ruby>食<rt>た</rt></ruby>べます。,I eat a meal with my younger brother's family every Christmas.
毎日,まいにち,every day,<ruby>母<rt>はは</rt></ruby>は <ruby>毎日<rt>まいにち</rt></ruby>うちにいます。,Mother stays at home every day.
毎晩,まいばん,every night,<ruby>毎晩<rt>まいばん</rt></ruby>12 <ruby>時<rt>じ</rt></ruby>までに <ruby>寝<rt>ね</rt></ruby>ます。,I sleep by 12 every night.
毎月,まいつき,every month,この <ruby>雑誌<rt>ざっし</rt></ruby>は <ruby>毎月<rt>まいつき</rt></ruby> <ruby>出<rt>で</rt></ruby>る。,This magazine is issued every month.
毎朝,まいあさ,every morning,<ruby>毎朝<rt>まいあさ</rt></ruby>ジョギングをしています。,I go jogging every morning.
毎週,まいしゅう,every week,<ruby>毎週<rt>まいしゅう</rt></ruby> <ruby>日曜日<rt>にちようび</rt></ruby>に <ruby>教会<rt>きょうかい</rt></ruby>に <ruby>行<rt>い</rt></ruby>きます。,I go to church every Sunday.
水,みず,water (esp. cool water; e.g. drinking water),<ruby>水<rt>みず</rt></ruby>が <ruby>飲<rt>の</rt></ruby>みたい。,I want to drink water.
水曜日,すいようび,Wednesday,<ruby>水曜日<rt>すいようび</rt></ruby>の <ruby>夜<rt>よる</rt></ruby>のテレビ <ruby>番組<rt>ばんぐみ</rt></ruby>は <ruby>面白<rt>おもしろ</rt></ruby>いと <ruby>思<rt>おも</rt></ruby>います。,I think that Wednesday evening TV programs are interesting.
汚い,きたない,dirty; unclean | disordered; messy,シャツが <ruby>汚<rt>きたな</rt></ruby>いから <ruby>洗濯<rt>せんたく</rt></ruby>して。,That shirt is dirty so wash it.
池,いけ,pond,<ruby>池<rt>いけ</rt></ruby>に <ruby>魚<rt>さかな</rt></ruby>がいます。,There are fish in the pond.
沢山,たくさん,a lot; many; a large number,することが <ruby>沢山<rt>たくさん</rt></ruby>ある。,We have a lot to do.
泣く,なく,to cry; to weep,とても <ruby>悲<rt>かな</rt></ruby>しかったから <ruby>昨日<rt>きのう</rt></ruby>いっぱい <ruby>泣<rt>な</rt></ruby>きました。,I cried a lot yesterday because I was very sad.
泳ぐ,およぐ,to swim,これから <ruby>毎週<rt>まいしゅう</rt></ruby> <ruby>二<rt>に</rt></ruby> <ruby>回<rt>かい</rt></ruby> <ruby>以上<rt>いじょう</rt></ruby>プールで <ruby>泳<rt>およ</rt></ruby>ぐつもりです。,I intend to swim&nbsp;at least twice a week at the pool from now on.
洋服,ようふく,Western-style clothes,とてもお <ruby>似合<rt>にあ</rt></ruby>いの <ruby>洋服<rt>ようふく</rt></ruby>ですね。,Those clothes suit you well.
洗う,あらう,to wash; to cleanse,<ruby>皿<rt>さら</rt></ruby>が <ruby>汚<rt>きたな</rt></ruby>いので <ruby>洗<rt>あら</rt></ruby>います。,I'll clean the dishes because they're dirty.
洗濯,せんたく,washing; laundry,シャツが <ruby>汚<rt>きたな</rt></ruby>いから <ruby>洗濯<rt>せんたく</rt></ruby>して。,That shirt is dirty so wash it.
浴びる,あびる,to take a shower,<ruby>運動<rt>うんどう</rt></ruby>の <ruby>後<rt>あと</rt></ruby>にシャワーを <ruby>浴<rt>あ</rt></ruby>びます。,I will take a shower after working out.
海,うみ,sea; ocean,<ruby>海<rt>うみ</rt></ruby>で <ruby>泳<rt>およ</rt></ruby>ぎますか？,Will you swim in the ocean?
消える,きえる,to go out; to disappear,<ruby>火<rt>ひ</rt></ruby>が <ruby>消<rt>き</rt></ruby>えた。,The fire went out.
消す,けす,to erase; to delete | to turn off power,<ruby>帰<rt>かえ</rt></ruby>る <ruby>前<rt>まえ</rt></ruby>に <ruby>電気<rt>でんき</rt></ruby>を <ruby>消<rt>け</rt></ruby>してください。,Please turn off the lights before you go home.
涼しい,すずしい,cool; refreshing,<ruby>木陰<rt>こかげ</rt></ruby>は <ruby>涼<rt>すず</rt></ruby>しかった。,It was cool in the shade of the trees.
渡す,わたす,to hand over; to transfer,<ruby>塩<rt>しお</rt></ruby>を <ruby>渡<rt>わた</rt></ruby>してもらえませんか。,Would you pass the salt?
渡る,わたる,to cross over,<ruby>道<rt>みち</rt></ruby>を <ruby>渡<rt>わた</rt></ruby>ろう。,Let's cross the street.
温い,ぬるい,lukewarm; tepid,<ruby>温<rt>ぬく</rt></ruby>いコーヒーが <ruby>美味<rt>おい</rt></ruby>しくない。,Lukewarm coffee is not delicious.
漢字,かんじ,Chinese characters; kanji,<ruby>漢字<rt>かんじ</rt></ruby>を <ruby>読<rt>よ</rt></ruby>むのが <ruby>難<rt>むずか</rt></ruby>しい。,Kanji are difficult to read.
火曜日,かようび,Tuesday,<ruby>来週<rt>らいしゅう</rt></ruby>の <ruby>火曜日<rt>かようび</rt></ruby>までに <ruby>手紙<rt>てがみ</rt></ruby>を <ruby>出<rt>だ</rt></ruby>してね。,Be sure to mail the letter by next week Tuesday.
灰皿,はいざら,ashtray,テーブルに <ruby>灰皿<rt>はいざら</rt></ruby>がないです。,There is no ashtray at the table.
無くす,なくす,to lose something,<ruby>財布<rt>さいふ</rt></ruby>を <ruby>無<rt>な</rt></ruby>くした！,I lost my wallet!
煩い,うるさい,noisy; loud,<ruby>煩<rt>うるさ</rt></ruby>くて <ruby>眠<rt>ねむ</rt></ruby>れないです。,We can't sleep because of the noise.
熱い,あつい,hot (thing) | passionate (feelings; etc.); ardent,このコーヒーが <ruby>熱<rt>あつ</rt></ruby>いから <ruby>気<rt>き</rt></ruby>を <ruby>付<rt>つ</rt></ruby>けてください。,Please be careful because this coffee is hot.
父,ちち,(hum) father,<ruby>今日<rt>きょう</rt></ruby> <ruby>父<rt>ちち</rt></ruby>が <ruby>休<rt>やす</rt></ruby>みだから <ruby>家<rt>いえ</rt></ruby>にいるよ。,My father is off from work today so he's at home.
片仮名,かたかな,katakana,カタカナがひらがなより <ruby>難<rt>むずか</rt></ruby>しいと <ruby>思<rt>おも</rt></ruby>います。,I think that katakana is more difficult than hiragana.
牛乳,ぎゅうにゅう,(cow's) milk,<ruby>牛乳<rt>ぎゅうにゅう</rt></ruby>がないので <ruby>店<rt>みせ</rt></ruby>に <ruby>行<rt>い</rt></ruby>きましょうか？,There's no milk so shall we go to the store?
牛肉,ぎゅうにく,beef,この <ruby>牛肉<rt>ぎゅうにく</rt></ruby>は <ruby>柔<rt>やわ</rt></ruby>らかい。,This beef is tender.
物,もの,thing; object | possessions; property,これは <ruby>私<rt>わたし</rt></ruby>の <ruby>物<rt>もの</rt></ruby>ではない。,These aren't mine.
犬,いぬ,dog,この <ruby>犬<rt>いぬ</rt></ruby>より <ruby>大<rt>おお</rt></ruby>きな <ruby>犬<rt>いぬ</rt></ruby>はいません。,There are no dogs bigger than this one.
狭い,せまい,narrow,<ruby>東京<rt>とうきょう</rt></ruby>にはたくさんの <ruby>狭<rt>せま</rt></ruby>い <ruby>道<rt>みち</rt></ruby>があります。,There are many narrows roads in Tokyo.
猫,ねこ,cat,<ruby>彼女<rt>かのじょ</rt></ruby>の <ruby>猫<rt>ねこ</rt></ruby>が <ruby>白<rt>しろ</rt></ruby>です。,Her cat is white.
玄関,げんかん,entranceway; front door,<ruby>玄関<rt>げんかん</rt></ruby>の <ruby>鍵<rt>かぎ</rt></ruby>を <ruby>閉<rt>し</rt></ruby>めてください。,Please lock the front door.
甘い,あまい,sweet; sugary,<ruby>桃<rt>もも</rt></ruby>は <ruby>甘<rt>あま</rt></ruby>い。,Peaches are sweet.
生まれる,うまれる,to be born,<ruby>赤<rt>あか</rt></ruby>ちゃんがいつ <ruby>生<rt>う</rt></ruby>まれますか？,When will your baby be born?
生徒,せいと,student,<ruby>来年<rt>らいねん</rt></ruby>に <ruby>高校<rt>こうこう</rt></ruby>の <ruby>生徒<rt>せいと</rt></ruby>になります。,I will become a highschool student next year.
男,おとこ,man; male,ジョンのお <ruby>子<rt>こ</rt></ruby>さんは <ruby>男<rt>おとこ</rt></ruby>です。,John's child is a male.
男の子,おとこのこ,boy,<ruby>男<rt>おとこ</rt></ruby>の <ruby>子<rt>こ</rt></ruby>は <ruby>静<rt>しず</rt></ruby>かにしていた。,The boy kept quiet.
町,まち,town,なんてキレイな <ruby>町<rt>まち</rt></ruby>なんだ！,What a beautiful town!
留学生,りゅうがくせい,exchange student,<ruby>留学生<rt>りゅうがくせい</rt></ruby>もサークルに <ruby>入<rt>はい</rt></ruby>れますか？,Can foreign students be in the club?
番号,ばんごう,number,<ruby>私<rt>わたし</rt></ruby>の <ruby>部屋<rt>へや</rt></ruby> <ruby>番号<rt>ばんごう</rt></ruby>は505です。,My room number is 505.
疲れる,つかれる,to get tired; to tire | to be worn out,<ruby>昨日<rt>きのう</rt></ruby>の <ruby>夜<rt>よる</rt></ruby> <ruby>遅<rt>おそ</rt></ruby>くまで <ruby>働<rt>はたら</rt></ruby>いたので、 <ruby>今日<rt>きょう</rt></ruby> <ruby>疲<rt>つか</rt></ruby>れています。,I'm tired today because I worked until late last night.
病気,びょうき,illness; disease,<ruby>病気<rt>びょうき</rt></ruby>なので、 <ruby>今日<rt>きょう</rt></ruby> <ruby>学校<rt>がっこう</rt></ruby>を <ruby>休<rt>やす</rt></ruby>んで <ruby>病院<rt>びょういん</rt></ruby>に <ruby>行<rt>い</rt></ruby>きます。,Because I am sick I will take a break from school and go to the hospital today.
病院,びょういん,hospital,<ruby>病気<rt>びょうき</rt></ruby>なので、 <ruby>今日<rt>きょう</rt></ruby> <ruby>学校<rt>がっこう</rt></ruby>を <ruby>休<rt>やす</rt></ruby>んで <ruby>病院<rt>びょういん</rt></ruby>に <ruby>行<rt>い</rt></ruby>きます。,Because I am sick I will take a break from school and go to the hospital today.
痛い,いたい,painful; sore,<ruby>頭<rt>あたま</rt></ruby>が <ruby>痛<rt>いた</rt></ruby>いとき <ruby>薬<rt>くすり</rt></ruby>を <ruby>飲<rt>の</rt></ruby>む。,I take medicine when my head hurts.
登る,のぼる,to ascend; to climb,<ruby>去年<rt>きょねん</rt></ruby> <ruby>富士山<rt>ふじさん</rt></ruby>に <ruby>登<rt>のぼ</rt></ruby>りました。,I climed Mt. Fuji last year.
白,しろ,white,<ruby>白<rt>しろ</rt></ruby>ワインを5 <ruby>本<rt>ほん</rt></ruby> <ruby>買<rt>か</rt></ruby>いました。,I bought 5 bottles of white wine.
白い,しろい,white,トムは <ruby>白<rt>しろ</rt></ruby>いシャツを <ruby>着<rt>き</rt></ruby>た。,Tom put on a white shirt.
百,ひゃく,100,コンビニで <ruby>買<rt>か</rt></ruby>ったら <ruby>百<rt>ひゃく</rt></ruby> <ruby>円<rt>えん</rt></ruby>だよ。,It is 100 yen if you buy it at the convenience store.
皆,みんな、みな,all; everyone,<ruby>皆<rt>みな</rt></ruby>は <ruby>楽<rt>たの</rt></ruby>しかった。,Everybody had a good time.
皆さん,みなさん,all; everyone,<ruby>皆<rt>みな</rt></ruby>さんはお <ruby>元気<rt>げんき</rt></ruby>ですか？,How is everyone?
皿,さら,plate; dish,<ruby>汚<rt>きたな</rt></ruby>いからこの <ruby>皿<rt>さら</rt></ruby>を <ruby>洗<rt>あら</rt></ruby>う。,I will wash this plate because it is dirty.
目,め,eye; eyeball,<ruby>目<rt>め</rt></ruby>が <ruby>痛<rt>いた</rt></ruby>いです。,My eyes are sore.
眼鏡,めがね,spectacles; glasses,<ruby>彼<rt>かれ</rt></ruby>は <ruby>眼鏡<rt>めがね</rt></ruby>を <ruby>外<rt>はず</rt></ruby>した。,He took off his glasses.
着く,つく,to arrive at; to reach,<ruby>一昨日<rt>おととい</rt></ruby> <ruby>成田<rt>なりた</rt></ruby>に <ruby>着<rt>つ</rt></ruby>きました。,I arrived at Narita the day before yesterday.
着る,きる,to wear; to put on,デートでワイシャツを <ruby>着<rt>き</rt></ruby>る。,I will wear a dress shirt on the date.
知る,しる,to know,この <ruby>歌<rt>うた</rt></ruby> <ruby>知<rt>し</rt></ruby>っていますか？,Do you know this song.
短い,みじかい,short,これは <ruby>短<rt>みじか</rt></ruby>すぎます。,This is too short.
石けん,せっけん,soap,<ruby>石<rt>せっ</rt></ruby>けんで <ruby>手<rt>て</rt></ruby>を <ruby>洗<rt>あら</rt></ruby>いなさい。,Wash your hands with soap.
砂糖,さとう,sugar,<ruby>次<rt>つぎ</rt></ruby>、ボールに200グラムの <ruby>水<rt>みず</rt></ruby>と200グラムの <ruby>砂糖<rt>さとう</rt></ruby>を <ruby>入<rt>い</rt></ruby>れます。,Next; put 200g of water and 200g of sugar in the bowl.
磨く,みがく,to polish,もう <ruby>歯<rt>は</rt></ruby>を <ruby>磨<rt>みが</rt></ruby>いた。,I brushed my teeth already.
私,わたし,I; me,それは <ruby>私<rt>わたし</rt></ruby>のです。,That is mine.
秋,あき,autumn; fall,<ruby>葉<rt>は</rt></ruby>は <ruby>秋<rt>あき</rt></ruby>に <ruby>黄色<rt>きいろ</rt></ruby>くなる。,Leaves turn yellow in the fall.
空,そら,sky,<ruby>空<rt>そら</rt></ruby>は <ruby>青<rt>あお</rt></ruby>い。,The sky is blue.
窓,まど,window,<ruby>暑<rt>あつ</rt></ruby>いから <ruby>窓<rt>まど</rt></ruby>を <ruby>開<rt>あ</rt></ruby>けて。,It's hot so open the window.
立つ,たつ,to stand; to rise,<ruby>立<rt>た</rt></ruby>って <ruby>下<rt>くだ</rt></ruby>さい。,Stand up; please.
立派,りっぱ,splendid; fine,ジョンは <ruby>優<rt>やさ</rt></ruby>しくて <ruby>立派<rt>りっぱ</rt></ruby>な <ruby>紳士<rt>しんし</rt></ruby>です。,John is a kind; fine gentleman.
答える,こたえる,to answer; to reply,<ruby>数学<rt>すうがく</rt></ruby>が <ruby>得意<rt>とくい</rt></ruby>ではないから <ruby>質問<rt>しつもん</rt></ruby>を <ruby>答<rt>こた</rt></ruby>えなかった。,I'm not good at math so I didn't answer the question.
箱,はこ,box; case; chest,<ruby>箱<rt>はこ</rt></ruby>を <ruby>開<rt>あ</rt></ruby>けて。,Open the box.
箸,はし,chopsticks,お <ruby>箸<rt>はし</rt></ruby>の <ruby>使<rt>つか</rt></ruby>い <ruby>方<rt>かた</rt></ruby>が <ruby>分<rt>わ</rt></ruby>かりません。,I don't know how to use chopsticks.
紅茶,こうちゃ,black tea,<ruby>紅茶<rt>こうちゃ</rt></ruby>を <ruby>一杯<rt>いっぱい</rt></ruby> <ruby>飲<rt>の</rt></ruby>みたい。,I want to drink a cup of tea.
紙,かみ,paper,ノート <ruby>忘<rt>わす</rt></ruby>れたから <ruby>紙<rt>かみ</rt></ruby>が <ruby>一<rt>いち</rt></ruby> <ruby>枚<rt>まい</rt></ruby>ほしい。,I forgot my notebook so I want a piece of paper.
細い,ほそい,thin; slender,<ruby>彼女<rt>かのじょ</rt></ruby>は <ruby>細<rt>ほそ</rt></ruby>いです。,She is slender.
終わる,おわる,to end; to finish,この <ruby>質問<rt>しつもん</rt></ruby>を <ruby>答<rt>こた</rt></ruby>えたら <ruby>宿題<rt>しゅくだい</rt></ruby>が <ruby>終<rt>お</rt></ruby>わります。,My homework will be finished after I answer this question.
結婚,けっこん,marriage,ジョンは <ruby>去年<rt>きょねん</rt></ruby> <ruby>結婚<rt>けっこん</rt></ruby>しました。,John got married last year.
結構,けっこう,no thank you | quite; fairly,<ruby>水<rt>みず</rt></ruby>だけで <ruby>結構<rt>けっこう</rt></ruby>です。,I am fine with just water.
絵,え,picture; drawing; painting,<ruby>絵<rt>え</rt></ruby>を <ruby>描<rt>か</rt></ruby>くことは <ruby>趣味<rt>しゅみ</rt></ruby>です。,Painting is my hobby.
綺麗,きれい,pretty; beautiful | clean; clear,<ruby>掃除<rt>そうじ</rt></ruby>したから <ruby>部屋<rt>へや</rt></ruby>が <ruby>綺麗<rt>きれい</rt></ruby>だよ。,This room is clean because I cleaned it.
緑,みどり,green,<ruby>彼<rt>かれ</rt></ruby>は <ruby>緑<rt>みどり</rt></ruby>が <ruby>一番<rt>いちばん</rt></ruby> <ruby>好<rt>す</rt></ruby>きだ。,He likes green the best.
締める,しめる,to tie; to tighten,シートベルトをお <ruby>締<rt>し</rt></ruby>めください。,Please fasten your seat belt.
練習,れんしゅう,practice,<ruby>来週<rt>らいしゅう</rt></ruby>に <ruby>試合<rt>しあい</rt></ruby>があるので <ruby>今週<rt>こんしゅう</rt></ruby> <ruby>一所懸命<rt>いっしょけんめい</rt></ruby>に <ruby>練習<rt>れんしゅう</rt></ruby>します。,I have a game next week so I will practice hard this week.
縦,たて,the vertical; height,このカーペットの <ruby>大<rt>おお</rt></ruby>きさは <ruby>縦<rt>たて</rt></ruby>１２０センチ <ruby>横<rt>よこ</rt></ruby>１６０センチです。,The size of the carpet is 120 by 160 centimeters.
置く,おく,to put; to place,<ruby>荷物<rt>にもつ</rt></ruby>をベッドの <ruby>隣<rt>となり</rt></ruby>に <ruby>置<rt>お</rt></ruby>いて。,Put your luggage next to the bed.
美味しい,おいしい,delicious; tasty,とても <ruby>美味<rt>おい</rt></ruby>しいですよ。,It's really good.
習う,ならう,to learn,<ruby>授業<rt>じゅぎょう</rt></ruby>でひらがなもカタカナも <ruby>習<rt>なら</rt></ruby>う。,We will learn both hiragana and katakana in class.
耳,みみ,ear,コンサートがうるさすぎたから <ruby>耳<rt>みみ</rt></ruby>が <ruby>痛<rt>いた</rt></ruby>い。,My ears hurt because the concert was loud.
聞く,きく,to hear; to listen | to ask,あの <ruby>外国<rt>がいこく</rt></ruby> <ruby>人<rt>じん</rt></ruby>に <ruby>出身<rt>しゅっしん</rt></ruby>を <ruby>聞<rt>き</rt></ruby>きましょう。,Let's that foreigner where they are from.
肉,にく,flesh | meat,この <ruby>肉<rt>にく</rt></ruby>は <ruby>腐<rt>くさ</rt></ruby>っている。,This meat is spoiled.
背,せい,height,<ruby>父<rt>ちち</rt></ruby>の <ruby>方<rt>ほう</rt></ruby>が <ruby>僕<rt>ぼく</rt></ruby>より <ruby>背<rt>せ</rt></ruby>が <ruby>高<rt>たか</rt></ruby>いです。,My father is taller than me.
脱ぐ,ぬぐ,to take off (clothes; shoes; etc.); to undress,コートを <ruby>脱<rt>ぬ</rt></ruby>ぎますか？,Will you take off your coat?
自分,じぶん,myself; oneself,<ruby>娘<rt>むすめ</rt></ruby>がもう20 <ruby>歳<rt>さい</rt></ruby>になったので、 <ruby>自分<rt>じぶん</rt></ruby>で <ruby>車<rt>くるま</rt></ruby>を <ruby>買<rt>か</rt></ruby>うと <ruby>言<rt>い</rt></ruby>った。,My daughter said she would buy the car herself because she is already 20 years old.
自動車,じどうしゃ,automobile,<ruby>自動車<rt>じどうしゃ</rt></ruby>を <ruby>運転<rt>うんてん</rt></ruby>して <ruby>仕事<rt>しごと</rt></ruby>に <ruby>行<rt>い</rt></ruby>く。,I drive my car and go to work.
自転車,じてんしゃ,bicycle,<ruby>自転車<rt>じてんしゃ</rt></ruby>に <ruby>乗<rt>の</rt></ruby>って <ruby>学校<rt>がっこう</rt></ruby>に <ruby>来<rt>き</rt></ruby>ます。,I ride my bike and come to school.
良い,いい、よい,good,<ruby>試験<rt>しけん</rt></ruby>に <ruby>受<rt>う</rt></ruby>かって <ruby>良<rt>よ</rt></ruby>かったですね。,It was good that you passed the test.
色,いろ,color,<ruby>好<rt>す</rt></ruby>きな <ruby>色<rt>いろ</rt></ruby>は <ruby>何色<rt>なにいろ</rt></ruby>ですか？,What's your favorite color?
色々,いろいろ,various,あの <ruby>喫茶店<rt>きっさてん</rt></ruby>に <ruby>色々<rt>いろいろ</rt></ruby>なコーヒーがあります。,There are various kinds of coffee at that coffee shop.
花,はな,flower,<ruby>母<rt>はは</rt></ruby>の <ruby>日<rt>ひ</rt></ruby>に <ruby>母<rt>はは</rt></ruby>に <ruby>花<rt>はな</rt></ruby>をあげるつもりです。,I intend to give flowers to my mother on Mother's Day.
花瓶,かびん,(flower) vase,<ruby>花<rt>はな</rt></ruby>を <ruby>赤<rt>あか</rt></ruby>い <ruby>花瓶<rt>かびん</rt></ruby>に <ruby>入<rt>い</rt></ruby>れてください。,Please put the flowers in the red vase.
若い,わかい,young; youthful,<ruby>若<rt>わか</rt></ruby>いから <ruby>何<rt>なん</rt></ruby>でもすぐ <ruby>習<rt>なら</rt></ruby>ってくるよね。,You learn anything quickly because you're young.
英語,えいご,English,<ruby>英語<rt>えいご</rt></ruby>が <ruby>話<rt>はな</rt></ruby>せますか？,Can you speak English?
茶わん,ちゃわん,rice bowl,もうちょっと <ruby>食<rt>た</rt></ruby>べたいからご <ruby>飯<rt>はん</rt></ruby>を <ruby>茶わん<rt>ちゃわん</rt></ruby>に <ruby>入<rt>い</rt></ruby>れてもいいですか？,I want to eat a little more so may I put rice in my rice bowl?
茶色,ちゃいろ,brown,<ruby>彼女<rt>かのじょ</rt></ruby>の <ruby>目<rt>め</rt></ruby>が <ruby>茶色<rt>ちゃいろ</rt></ruby>です。,Her eyes are brown.
荷物,にもつ,luggage; package,<ruby>荷物<rt>にもつ</rt></ruby>が3つあります。,I have three pieces of baggage.
葉書,はがき,postcard,ポストに <ruby>葉書<rt>はがき</rt></ruby>を <ruby>入<rt>い</rt></ruby>れました。,I put the postcard in the mailbox.
薄い,うすい,thin | weak (taste; etc.),この <ruby>薄<rt>うす</rt></ruby>い <ruby>本<rt>ほん</rt></ruby>は <ruby>私<rt>わたし</rt></ruby>のです。,This thin book is mine.
薬,くすり,medicine; pharmaceuticals,アレルギーの <ruby>薬<rt>くすり</rt></ruby>を <ruby>飲<rt>の</rt></ruby>んだ。,I took allergy medicine.
行く,いく,to go; to head (towards),<ruby>何<rt>なん</rt></ruby> <ruby>時<rt>じ</rt></ruby>に <ruby>学校<rt>がっこう</rt></ruby>に <ruby>行<rt>い</rt></ruby>くの？,What time will you go to school?
被る,かぶる,to wear (on one's head),<ruby>彼女<rt>かのじょ</rt></ruby>は <ruby>帽子<rt>ぼうし</rt></ruby>を <ruby>被<rt>かぶ</rt></ruby>っていた。,She was wearing a hat.
西,にし,west,<ruby>日<rt>ひ</rt></ruby>は <ruby>西<rt>にし</rt></ruby>に <ruby>沈<rt>しず</rt></ruby>む。,The sun sets in the west.
要る,いる,to be needed; to be wanted,<ruby>道<rt>みち</rt></ruby>が <ruby>分<rt>わ</rt></ruby>からないので、 <ruby>地図<rt>ちず</rt></ruby>が <ruby>要<rt>い</rt></ruby>ります。,I need a map because I don't know the way.
見せる,みせる,to show; to display,レポートを <ruby>印刷<rt>いんさつ</rt></ruby>する <ruby>前<rt>まえ</rt></ruby>に <ruby>見<rt>み</rt></ruby>せてね。,Show me the report before you print it.
見る,みる,to see; to look,<ruby>映画<rt>えいが</rt></ruby>を <ruby>見<rt>み</rt></ruby>てからショッピングしよう。,Let's go shopping after we see the movie.
覚える,おぼえる,to memorize; to remember,<ruby>皆<rt>みな</rt></ruby>の <ruby>名前<rt>なまえ</rt></ruby>をまだ <ruby>全部<rt>ぜんぶ</rt></ruby> <ruby>覚<rt>おぼ</rt></ruby>えていません。,I still do not remember everyone's names.
角,かど,corner,<ruby>彼<rt>かれ</rt></ruby>はその <ruby>角<rt>かど</rt></ruby>を <ruby>曲<rt>ま</rt></ruby>がった。,He turned that corner.
言う,いう,to say; to utter,<ruby>誰<rt>だれ</rt></ruby>にも <ruby>言<rt>い</rt></ruby>わないで。,Don't tell anyone.
言葉,ことば,word; phrase,<ruby>難<rt>むずか</rt></ruby>しい <ruby>言葉<rt>ことば</rt></ruby>です。,It is a difficult word.
つまらない,つまらない,dull; uninteresting; boring,このビデオはつまらないよ。,This video is boring.
話,はなし,story; conversation,<ruby>知<rt>し</rt></ruby>らない <ruby>人<rt>ひと</rt></ruby>とお <ruby>金<rt>かね</rt></ruby>の <ruby>話<rt>はなし</rt></ruby>をしない。,Do no talk to strangers about money.
話す,はなす,to talk; to speak; to converse,あの <ruby>人<rt>ひと</rt></ruby>と <ruby>話<rt>はな</rt></ruby>したことないです。,I have never spoken with that person.
誕生日,たんじょうび,birthday,<ruby>誕生日<rt>たんじょうび</rt></ruby>はいつですか。,When is your birthday?
読む,よむ,to read,<ruby>去年<rt>きょねん</rt></ruby> <ruby>本<rt>ほん</rt></ruby>を50 <ruby>冊<rt>さつ</rt></ruby> <ruby>以上<rt>いじょう</rt></ruby> <ruby>読<rt>よ</rt></ruby>みました。,I read over 50 books last year.
誰,だれ,who,あの <ruby>人<rt>ひと</rt></ruby>は <ruby>誰<rt>だれ</rt></ruby>ですか？,Who is that person?
誰か,だれか,someone,<ruby>誰<rt>だれ</rt></ruby>かがエアコンをつけた。,Someone turned on the air conditioner.
警官,けいかん,police officer,ジョンは <ruby>警官<rt>けいかん</rt></ruby>になった。,John became a policeman.
豚肉,ぶたにく,pork,このデパートで <ruby>豚肉<rt>ぶたにく</rt></ruby>が <ruby>高<rt>たか</rt></ruby>いです。,The pork at this department store is expensive.
財布,さいふ,purse; wallet,<ruby>財布<rt>さいふ</rt></ruby>をなくした。,I lost my wallet.
買い物,かいもの,shopping; purchased goods,<ruby>毎朝<rt>まいあさ</rt></ruby> <ruby>買<rt>か</rt></ruby>い <ruby>物<rt>もの</rt></ruby>をします。,I go shopping every morning.
買う,かう,to buy,<ruby>果物<rt>くだもの</rt></ruby>をデパートで <ruby>買<rt>か</rt></ruby>いました。,I bought fruits at the department store.
貸す,かす,to lend,お <ruby>金<rt>かね</rt></ruby>を <ruby>貸<rt>か</rt></ruby>してください。,Please lend me some money.
貼る,はる,to stick; to paste,その <ruby>封筒<rt>ふうとう</rt></ruby>に <ruby>切手<rt>きって</rt></ruby>を <ruby>貼<rt>は</rt></ruby>りましたか？,Did you put a stamp on the envelope?
賑やか,にぎやか,bustling; lively,<ruby>賑<rt>にぎ</rt></ruby>やかなパーティーでした。,It was a lively party.
質問,しつもん,question; inquiry,<ruby>先生<rt>せんせい</rt></ruby>に <ruby>質問<rt>しつもん</rt></ruby>を <ruby>聞<rt>き</rt></ruby>きました。,I asked the teacher a question.
赤,あか,red; crimson; scarlet,<ruby>信号<rt>しんごう</rt></ruby>は <ruby>赤<rt>あか</rt></ruby>です。,The traffic light is red.
赤い,あかい,red,<ruby>彼女<rt>かのじょ</rt></ruby>は <ruby>赤<rt>あか</rt></ruby>くなった。,She turned red (blushed).
走る,はしる,to run,<ruby>木曜日<rt>もくようび</rt></ruby>に20キロを <ruby>走<rt>はし</rt></ruby>りました。,I ran 20 kilometers on Thursday.
起きる,おきる,to get up; to wake up,<ruby>起<rt>お</rt></ruby>きろ！,Get up.
足,あし,foot | leg,あなたの <ruby>足<rt>あし</rt></ruby>より <ruby>私<rt>わたし</rt></ruby>の <ruby>足<rt>あし</rt></ruby>が <ruby>小<rt>ちい</rt></ruby>さいです。,My feet are smaller than your feet.
車,くるま,car; automobile,<ruby>車<rt>くるま</rt></ruby>で <ruby>病院<rt>びょういん</rt></ruby>に <ruby>行<rt>い</rt></ruby>きました。,I went to the hospital by car.
軽い,かるい,light (i.e. not heavy),この <ruby>椅子<rt>いす</rt></ruby>は <ruby>軽<rt>かる</rt></ruby>い。,This chair is light.
辛い,からい,spicy; hot | salty,このチリソースが <ruby>辛<rt>つら</rt></ruby>い。,This chili sauce is spicy.
辞書,じしょ,dictionary,この <ruby>辞書<rt>じしょ</rt></ruby>はあの <ruby>辞書<rt>じしょ</rt></ruby>と <ruby>同<rt>おな</rt></ruby>じくらい <ruby>役<rt>やく</rt></ruby>に <ruby>立<rt>た</rt></ruby>つ。,This dictionary is about as useful as that one.
辺,へん,area; vicinity,その <ruby>辺<rt>へん</rt></ruby>にホチキスがありますか？,Is there a stapler around there?
近い,ちかい,near; close,<ruby>近<rt>ちか</rt></ruby>いうちにまたお <ruby>会<rt>あ</rt></ruby>いしましょう。,Let's meet again soon.
近く,ちかく,near,<ruby>近<rt>ちか</rt></ruby>くに <ruby>病院<rt>びょういん</rt></ruby>がある。,There is a hospital nearby.
返す,かえす,to return (something),<ruby>明日<rt>あした</rt></ruby>までに <ruby>本<rt>ほん</rt></ruby>を <ruby>返<rt>かえ</rt></ruby>さなければならない。,I must return the book by tomorrow.
速い,はやい,fast; quick,ジョンはいつも <ruby>食<rt>た</rt></ruby>べるのは <ruby>速<rt>はや</rt></ruby>いです。,John always eats quickly.
遅い,おそい,"slow | late (e.g. ""late at night"")",<ruby>遅<rt>おそ</rt></ruby>くなります。,I'll be late.
遊ぶ,あそぶ,to play; to have a good time,<ruby>彼<rt>かれ</rt></ruby>は <ruby>公園<rt>こうえん</rt></ruby>で <ruby>遊<rt>あそ</rt></ruby>びました。,He played at the park.
道,みち,road; street,<ruby>道<rt>みち</rt></ruby>を <ruby>渡<rt>わた</rt></ruby>ろう。,Let's cross the street.
違う,ちがう,to differ (from),<ruby>大<rt>おお</rt></ruby>きさが <ruby>同<rt>おな</rt></ruby>じですが、 <ruby>色<rt>いろ</rt></ruby>は <ruby>違<rt>ちが</rt></ruby>います。,The size is the same; but the color is different.
遠い,とおい,far; distant,<ruby>駅<rt>えき</rt></ruby>はここから <ruby>遠<rt>とお</rt></ruby>い。,The station is far from here.
部屋,へや,room,<ruby>後<rt>あと</rt></ruby>で <ruby>部屋<rt>へや</rt></ruby>を <ruby>片<rt>かた</rt></ruby>づけます。,I'll clean the room up later.
郵便局,ゆうびんきょく,post office,<ruby>郵便局<rt>ゆうびんきょく</rt></ruby>は <ruby>図書館<rt>としょかん</rt></ruby>の <ruby>隣<rt>となり</rt></ruby>にある。,The post office is next to the library.
酒,さけ,alcohol; sake,<ruby>昨日<rt>きのう</rt></ruby> <ruby>酒<rt>さけ</rt></ruby>を <ruby>飲<rt>の</rt></ruby>み <ruby>過<rt>す</rt></ruby>ぎました。,I drank too much alcohol yesterday.
醤油,しょうゆ,soy sauce; shoyu,<ruby>醤油<rt>しょうゆ</rt></ruby>をかけて、 <ruby>食<rt>た</rt></ruby>べた。,I put shoyu on it and ate it.
重い,おもい,heavy; weighty,この <ruby>本<rt>ほん</rt></ruby>は <ruby>重<rt>おも</rt></ruby>い。,This book is heavy.
野菜,やさい,vegetable,<ruby>家<rt>いえ</rt></ruby>の <ruby>子供<rt>こども</rt></ruby>は <ruby>野菜<rt>やさい</rt></ruby>が <ruby>嫌<rt>きら</rt></ruby>いです。,Our child doesn't like vegetables
金曜日,きんようび,Friday,やっと <ruby>金曜日<rt>きんようび</rt></ruby>だ。,Finally; it's Friday.
鉛筆,えんぴつ,pencil,<ruby>鉛筆<rt>えんぴつ</rt></ruby>を <ruby>持<rt>も</rt></ruby>っていますか？,Do you have a pencil.
銀行,ぎんこう,bank,<ruby>祝日<rt>しゅくじつ</rt></ruby>に <ruby>銀行<rt>ぎんこう</rt></ruby>があいていません。,The bank is not open on holidays.
鍵,かぎ,key | lock,<ruby>部屋<rt>へや</rt></ruby>に <ruby>鍵<rt>かぎ</rt></ruby>を <ruby>忘<rt>わす</rt></ruby>れました。,I left the key in my room.
長い,ながい,long (distance or time),トムが <ruby>長<rt>なが</rt></ruby>い <ruby>髪<rt>かみ</rt></ruby>の <ruby>男<rt>おとこ</rt></ruby>の <ruby>子<rt>こ</rt></ruby>だよ。,Tom is the boy with long hair.
門,もん,gate,<ruby>門<rt>もん</rt></ruby>を <ruby>閉<rt>し</rt></ruby>める <ruby>時間<rt>じかん</rt></ruby>だ。,It is time to shut the gate.
閉まる,しまる,to be shut; to close,このデパートは <ruby>今日<rt>きょう</rt></ruby> <ruby>閉<rt>し</rt></ruby>まっている。,This department store is closed today.
閉める,しめる,to close; to shut,<ruby>窓<rt>まど</rt></ruby>を <ruby>閉<rt>し</rt></ruby>めて。,Close the window.
開く,あく,to open (e.g. doors),ドアが <ruby>開<rt>ひら</rt></ruby>いています。,The door is open.
開ける,あける,to open (a door; etc.); to unwrap; to unlock,<ruby>窓<rt>まど</rt></ruby>を <ruby>開<rt>あ</rt></ruby>けないでください。,Please do not open the window.
降りる,おりる,to descend (e.g. a mountain) | to get off; to dismount,ここでバスを <ruby>降<rt>お</rt></ruby>ります。,I'll get off the bus here.
降る,ふる,to precipitate; to fall (e.g. rain),<ruby>今日<rt>きょう</rt></ruby> <ruby>雨<rt>あめ</rt></ruby>が <ruby>降<rt>ふ</rt></ruby>りますか？,Will it rain today?
階段,かいだん,stairs; staircase,<ruby>階段<rt>かいだん</rt></ruby>を <ruby>上<rt>あ</rt></ruby>がる。,Go up the stairs.
隣,となり,neighbor; next to (esp. living next door to),<ruby>隣<rt>となり</rt></ruby>の <ruby>部屋<rt>へや</rt></ruby>がうるさいです。,It's noisy next door.
雑誌,ざっし,journal; magazine; periodical,この <ruby>雑誌<rt>ざっし</rt></ruby>を <ruby>読<rt>よ</rt></ruby>みたいですか？,Do you want to read this magazine?
難しい,むずかしい,difficult; hard; troublesome,<ruby>宿題<rt>しゅくだい</rt></ruby>が <ruby>難<rt>むずか</rt></ruby>しい。,The homework is difficult.
雨,あめ,rain,<ruby>雨<rt>あめ</rt></ruby>が <ruby>降<rt>ふ</rt></ruby>っています。,It is raining.
雪,ゆき,snow,<ruby>雪<rt>ゆき</rt></ruby>が <ruby>降<rt>ふ</rt></ruby>っています。,It is snowing.
零,れい,zero; nought,<ruby>昨日<rt>きのう</rt></ruby>の <ruby>夜<rt>よる</rt></ruby> <ruby>零<rt>れい</rt></ruby> <ruby>度<rt>ど</rt></ruby> <ruby>以下<rt>いか</rt></ruby>に <ruby>下<rt>さ</rt></ruby>がった。,The temperature fell below zero last night.
電気,でんき,electricity | (electric) light,<ruby>電気<rt>でんき</rt></ruby>をつける,To turn on the lights
電気ストーブ,でんきストーブ,electric heater,<ruby>彼女<rt>かのじょ</rt></ruby>は <ruby>部屋<rt>へや</rt></ruby>に <ruby>新<rt>あたら</rt></ruby>しい <ruby>電気<rt>でんき</rt></ruby>ストーブを <ruby>取<rt>と</rt></ruby>り <ruby>付<rt>つ</rt></ruby>けた。,She installed a new electric stove in the room.
電話,でんわ,phone call | telephone (device),<ruby>携帯<rt>けいたい</rt></ruby> <ruby>電話<rt>でんわ</rt></ruby>から <ruby>電話<rt>でんわ</rt></ruby>しています。,I'm calling from a cell phone.
電車,でんしゃ,train,<ruby>電車<rt>でんしゃ</rt></ruby>に <ruby>乗<rt>の</rt></ruby>りました。,I took the train.
青,あお,blue; green,<ruby>信号<rt>しんごう</rt></ruby>が <ruby>青<rt>あお</rt></ruby>になった。,The traffic signal turned green.
青い,あおい,blue; green,<ruby>空<rt>そら</rt></ruby>は <ruby>青<rt>あお</rt></ruby>い。,The sky is blue.
静か,しずか,quiet; silent,<ruby>静<rt>しず</rt></ruby>かにしなさい！,Be quite!
面白い,おもしろい,interesting; fascinating,それは <ruby>面白<rt>おもしろ</rt></ruby>い <ruby>話<rt>はなし</rt></ruby>ですね。,That's an interesting story.
靴,くつ,shoes; footwear,<ruby>靴<rt>くつ</rt></ruby>を <ruby>履<rt>は</rt></ruby>いて。,Put on your shoes.
靴下,くつした,socks,トムは <ruby>靴下<rt>くつした</rt></ruby>を <ruby>脱<rt>ぬ</rt></ruby>いだ。,Tom took his socks off.
鞄,かばん,bag; briefcase,これは <ruby>私<rt>わたし</rt></ruby>の <ruby>鞄<rt>かばん</rt></ruby>ではない。,This isn't my bag.
音楽,おんがく,music,<ruby>夜<rt>よる</rt></ruby>に <ruby>音楽<rt>おんがく</rt></ruby>を <ruby>聴<rt>き</rt></ruby>きます。,I listen to music at night.
頭,あたま,head,<ruby>頭<rt>あたま</rt></ruby>が <ruby>痛<rt>いた</rt></ruby>い。,My head hurts.
頼む,たのむ,to request,<ruby>田中<rt>たなか</rt></ruby>さんにあのタスクを <ruby>頼<rt>たの</rt></ruby>みました。,I asked Mr. Tanaka to do that task.
顔,かお,face | look; expression,あなたの <ruby>顔<rt>かお</rt></ruby>が <ruby>赤<rt>あか</rt></ruby>いですよ。,Your face is red.
風,かぜ,wind; breeze,<ruby>風<rt>かぜ</rt></ruby>が <ruby>強<rt>つよ</rt></ruby>くなりました。,The wind became strong.
風呂,ふろ,bath; bathhouse,<ruby>風呂<rt>ふろ</rt></ruby>に <ruby>入<rt>はい</rt></ruby>ったか？,Did you take a bath?
風邪,かぜ,common cold,<ruby>風邪<rt>かぜ</rt></ruby>をひきました。,I caught a cold.
飛ぶ,とぶ,to fly | to jump,<ruby>飛<rt>と</rt></ruby>ぶ <ruby>魚<rt>さかな</rt></ruby>もいる。,Some fish fly.
飛行機,ひこうき,airplane,<ruby>飛行機<rt>ひこうき</rt></ruby>は <ruby>無事<rt>ぶじ</rt></ruby>に <ruby>着陸<rt>ちゃくりく</rt></ruby>した。,The airplane landed safely.
食べる,たべる,to eat,<ruby>映画館<rt>えいがかん</rt></ruby>でポップコーンを <ruby>食<rt>た</rt></ruby>べました。,I ate popcorn at the theatre.
食べ物,たべもの,food,<ruby>冷蔵庫<rt>れいぞうこ</rt></ruby>に <ruby>食<rt>た</rt></ruby>べ <ruby>物<rt>もの</rt></ruby>がありません。,There is no food in the refrigerator.
食堂,しょくどう,cafeteria,<ruby>食堂<rt>しょくどう</rt></ruby>はあいていますか。,Is the cafeteria open now?
飲み物,のみもの,drink; beverage,<ruby>飲<rt>の</rt></ruby>み <ruby>物<rt>もの</rt></ruby>はいかかですか？,Would you like something to drink?
飲む,のむ,to drink; to swallow; to take (medicine),また <ruby>酒<rt>さけ</rt></ruby>を <ruby>飲<rt>の</rt></ruby>んだのか？,You drank alcohol again?
飴,あめ,(hard) candy; toffee,<ruby>飴<rt>あめ</rt></ruby>がほしい。,I want some candy.
駅,えき,station,<ruby>駅<rt>えき</rt></ruby>まで <ruby>走<rt>はし</rt></ruby>った。,I ran to the station.
高い,たかい,high; tall | expensive,<ruby>高<rt>たか</rt></ruby>い <ruby>木<rt>き</rt></ruby>を <ruby>登<rt>のぼ</rt></ruby>らないで。,Don't climb the tall tree.
魚,さかな,fish,<ruby>大<rt>おお</rt></ruby>きい <ruby>魚<rt>さかな</rt></ruby>は <ruby>小<rt>ちい</rt></ruby>さい <ruby>魚<rt>さかな</rt></ruby>を <ruby>食<rt>た</rt></ruby>べます。,The big fish eat the small ones.
鳥,とり,bird,それは <ruby>鳥<rt>とり</rt></ruby>ですか？,Is that a bird?
鳴く,なく,to chirp; to bark,<ruby>鳥<rt>とり</rt></ruby>は <ruby>鳴<rt>な</rt></ruby>いています。,Birds are singing.
鶏肉,とりにく,chicken meat,<ruby>僕<rt>ぼく</rt></ruby>は <ruby>鶏肉<rt>とりにく</rt></ruby>が <ruby>好<rt>す</rt></ruby>きです。,I like chicken.
黄色,きいろ,yellow,バナナは <ruby>黄色<rt>きいろ</rt></ruby>です。,Bananas are yellow.
黄色い,きいろい,yellow,<ruby>黄色<rt>きいろ</rt></ruby>いバラがあります。,There is a yellow rose.
黒,くろ,black,<ruby>黒<rt>くろ</rt></ruby>がよくお <ruby>似合<rt>にあ</rt></ruby>いですね。,Black looks good on you.
黒い,くろい,black,あの <ruby>黒<rt>くろ</rt></ruby>いのは <ruby>私<rt>わたし</rt></ruby>のです。,That black one is mine.
鼻,はな,nose,<ruby>鼻<rt>はな</rt></ruby>が <ruby>詰<rt>つ</rt></ruby>まっています。,My nose is stuffed up.